26-07-30 [23:09:22,758] [INFO] [LOG_FILE] /home/changjunhan/Uni-Lab-Core/Uni-Lab-SZLab/runtime/all-workflows-live-e2e/edge-workdir/logs/2026-07-30 23-09-22.log [main:694] [unilabos.utils.log.main]
26-07-30 [23:09:22,758] [INFO] [COMM_LOG_FILE] /home/changjunhan/Uni-Lab-Core/Uni-Lab-SZLab/runtime/all-workflows-live-e2e/edge-workdir/logs/ws_comm_2026-07-30 23-09-22.log [main:699] [unilabos.utils.log.main]
26-07-30 [23:09:23,062] [INFO] [UniLab Registry] 构建注册表实例 [build_registry:2545] [unilabos.utils.log.registry]
26-07-30 [23:09:23,065] [INFO] [UniLab Registry] external_only 模式: 仅扫描核心文件 (host_node.py, container.py) [_run_ast_scan:384] [unilabos.utils.log.registry]
26-07-30 [23:09:23,068] [INFO] [UniLab Registry] AST 缓存统计: 48/48 命中, 0 重新解析 [_run_ast_scan:446] [unilabos.utils.log.registry]
26-07-30 [23:09:23,068] [INFO] [UniLab Registry] build 缓存命中: 跳过 10 设备 + 15 资源的 entry 构建 [_run_ast_scan:465] [unilabos.utils.log.registry]
26-07-30 [23:09:23,070] [INFO] [UniLab Registry] AST 扫描完成: 10 设备, 15 资源 (耗时 0.01s) [_run_ast_scan:504] [unilabos.utils.log.registry]
26-07-30 [23:09:23,071] [INFO] [UniLab Registry] external_only 模式: 跳过内置 YAML 注册表加载 [setup:170] [unilabos.utils.log.registry]
26-07-30 [23:09:23,071] [IO] [UniLab Registry] ----------Setup Complete---------- [trace:478] [unilabos.utils.log.log]
26-07-30 [23:09:23,074] [INFO] [UniLab Registry] 类型解析完成: 10 设备 (耗时 0.00s) [resolve_all_types:1668] [unilabos.utils.log.registry]
26-07-30 [23:09:23,251] [INFO] 正在使用ak sk作为授权信息：[] [info:410] [unilabos.utils.log.log]
26-07-30 [23:09:23,252] [INFO] HTTPClient 初始化完成: remote_addr=https://leap-lab.bohrium.com/api/v1 [info:410] [unilabos.utils.log.log]
26-07-30 [23:09:23,772] [ERROR] 请求启动配置失败: 401, {"code":5009,"error":{"msg":"login verification format error"}} [request_startup_json:463] [unilabos.utils.log.client]
26-07-30 [23:09:23,845] [IO] [CommunicationFactory] Created WebSocketClient client [trace:478] [unilabos.utils.log.log]
26-07-30 [23:09:23,882] [INFO] Backend ros started. [start_backend:50] [unilabos.utils.log.backend]
26-07-30 [23:09:23,882] [INFO] 首次添加资源，当前远程地址: https://leap-lab.bohrium.com/api/v1 [info:410] [unilabos.utils.log.log]
26-07-30 [23:09:23,896] [INFO] [Web] 启动FastAPI服务器: 0.0.0.0:18003 [info:410] [unilabos.utils.log.log]
26-07-30 [23:09:23,905] [INFO] [Uvicorn] Started server process [[36m87989[0m] [_serve:91] [uvicorn.server]
26-07-30 [23:09:23,905] [INFO] [Uvicorn] Waiting for application startup. [startup:48] [uvicorn.lifespan.on]
26-07-30 [23:09:23,906] [INFO] [Uvicorn] Application startup complete. [startup:62] [uvicorn.lifespan.on]
26-07-30 [23:09:23,906] [INFO] [Uvicorn] Uvicorn running on [1mhttp://0.0.0.0:18003[0m (Press CTRL+C to quit) [_log_started_message:222] [uvicorn.server]
26-07-30 [23:09:24,012] [ERROR] 添加物料失败: {"code":5009,"error":{"msg":"login verification format error"}} [resource_tree_add:119] [unilabos.utils.log.client]
26-07-30 [23:09:24,012] [TRACE] 添加物料失败: [{'id': 'host_node', 'uuid': 'd509de07-aea1-492a-9adc-0287418672f2', 'name': 'host_node', 'description': '', 'schema': {}, 'model': {}, 'icon': '', 'parent_uuid': '', 'type': 'device', 'class': 'host_node', 'pose': {'size': {'depth': 0.0, 'width': 0.0, 'height': 0.0}, 'scale': {'x': 0.0, 'y': 0.0, 'z': 0.0}, 'layout': 'x-y', 'position': {'x': 0.0, 'y': 0.0, 'z': 0.0}, 'position3d': {'x': 0.0, 'y': 0.0, 'z': 0.0}, 'rotation': {'x': 0.0, 'y': 0.0, 'z': 0.0}, 'cross_section_type': 'rectangle', 'extra': None}, 'config': {}, 'data': {}, 'extra': {}, 'machine_name': '', 'barcode': '', 'barcode_symbology': ''}, {'id': 'szlab_poly_deck', 'uuid': 'cebd692e-2548-4522-8f5e-23de9268ae10', 'name': 'SZLab 聚合物工作站台面', 'description': '', 'schema': {}, 'model': {}, 'icon': '', 'parent_uuid': None, 'type': 'deck', 'class': 'szlab_poly_studio_deck', 'pose': {'size': {'depth': 0.0, 'width': 0.0, 'height': 0.0}, 'scale': {'x': 0.0, 'y': 0.0, 'z': 0.0}, 'layout': 'x-y', 'position': {'x': 0.0, 'y': 0.0, 'z': 0.0}, 'position3d': {'x': 0.0, 'y': 0.0, 'z': 0.0}, 'rotation': {'x': 0.0, 'y': 0.0, 'z': 0.0}, 'cross_section_type': 'rectangle', 'extra': None}, 'config': {'setup': False}, 'data': {}, 'extra': {}, 'machine_name': '', 'barcode': '', 'barcode_symbology': ''}, {'id': 's1_loading_buffer', 'uuid': 'deb87871-371b-43ab-a3d6-eab5eefdd19d', 'name': 'S1 上料过渡仓', 'description': '', 'schema': {}, 'model': {}, 'icon': '', 'parent_uuid': 'cebd692e-2548-4522-8f5e-23de9268ae10', 'type': 'warehouse', 'class': 'szlab_poly_s1_loading_buffer_warehouse', 'pose': {'size': {'depth': 0.0, 'width': 0.0, 'height': 0.0}, 'scale': {'x': 0.0, 'y': 0.0, 'z': 0.0}, 'layout': 'x-y', 'position': {'x': 100.0, 'y': 100.0, 'z': 0.0}, 'position3d': {'x': 0.0, 'y': 0.0, 'z': 0.0}, 'rotation': {'x': 0.0, 'y': 0.0, 'z': 0.0}, 'cross_section_type': 'rectangle', 'extra': None}, 'config': {}, 'data': {}, 'extra': {}, 'machine_name': '', 'barcode': '', 'barcode_symbology': ''}, {'id': 's2_tip_warehouse', 'uuid': '0e367d98-6a2b-4e09-82bd-382e326a1664', 'name': 'S2 枪头仓占位', 'description': '', 'schema': {}, 'model': {}, 'icon': '', 'parent_uuid': 'cebd692e-2548-4522-8f5e-23de9268ae10', 'type': 'warehouse', 'class': 'szlab_poly_s2_tip_placeholder_warehouse', 'pose': {'size': {'depth': 0.0, 'width': 0.0, 'height': 0.0}, 'scale': {'x': 0.0, 'y': 0.0, 'z': 0.0}, 'layout': 'x-y', 'position': {'x': 100.0, 'y': 450.0, 'z': 0.0}, 'position3d': {'x': 0.0, 'y': 0.0, 'z': 0.0}, 'rotation': {'x': 0.0, 'y': 0.0, 'z': 0.0}, 'cross_section_type': 'rectangle', 'extra': None}, 'config': {}, 'data': {}, 'extra': {}, 'machine_name': '', 'barcode': '', 'barcode_symbology': ''}, {'id': 's3_unused_beaker', 'uuid': 'fbc84fc8-dddb-4715-a81d-ed372dbc2c2a', 'name': 'S3 未使用烧杯仓', 'description': '', 'schema': {}, 'model': {}, 'icon': '', 'parent_uuid': 'cebd692e-2548-4522-8f5e-23de9268ae10', 'type': 'warehouse', 'class': 'szlab_poly_s3_unused_beaker_warehouse', 'pose': {'size': {'depth': 0.0, 'width': 0.0, 'height': 0.0}, 'scale': {'x': 0.0, 'y': 0.0, 'z': 0.0}, 'layout': 'x-y', 'position': {'x': 500.0, 'y': 100.0, 'z': 0.0}, 'position3d': {'x': 0.0, 'y': 0.0, 'z': 0.0}, 'rotation': {'x': 0.0, 'y': 0.0, 'z': 0.0}, 'cross_section_type': 'rectangle', 'extra': None}, 'config': {}, 'data': {}, 'extra': {}, 'machine_name': '', 'barcode': '', 'barcode_symbology': ''}, {'id': 's3_unused_vial', 'uuid': 'ba04b3b6-0748-4618-aa12-01c049f11991', 'name': 'S3 未使用样品瓶仓', 'description': '', 'schema': {}, 'model': {}, 'icon': '', 'parent_uuid': 'cebd692e-2548-4522-8f5e-23de9268ae10', 'type': 'warehouse', 'class': 'szlab_poly_s3_unused_sample_vial_warehouse', 'pose': {'size': {'depth': 0.0, 'width': 0.0, 'height': 0.0}, 'scale': {'x': 0.0, 'y': 0.0, 'z': 0.0}, 'layout': 'x-y', 'position': {'x': 500.0, 'y': 600.0, 'z': 0.0}, 'position3d': {'x': 0.0, 'y': 0.0, 'z': 0.0}, 'rotation': {'x': 0.0, 'y': 0.0, 'z': 0.0}, 'cross_section_type': 'rectangle', 'extra': None}, 'config': {}, 'data': {}, 'extra': {}, 'machine_name': '', 'barcode': '', 'barcode_symbology': ''}, {'id': 'powder_container_warehouse', 'uuid': 'f9f5e014-4678-48a4-b1e4-e8f5b21c0681', 'name': '固体粉桶仓占位', 'description': '', 'schema': {}, 'model': {}, 'icon': '', 'parent_uuid': 'cebd692e-2548-4522-8f5e-23de9268ae10', 'type': 'warehouse', 'class': 'szlab_poly_powder_container_placeholder_warehouse', 'pose': {'size': {'depth': 0.0, 'width': 0.0, 'height': 0.0}, 'scale': {'x': 0.0, 'y': 0.0, 'z': 0.0}, 'layout': 'x-y', 'position': {'x': 1800.0, 'y': 700.0, 'z': 0.0}, 'position3d': {'x': 0.0, 'y': 0.0, 'z': 0.0}, 'rotation': {'x': 0.0, 'y': 0.0, 'z': 0.0}, 'cross_section_type': 'rectangle', 'extra': None}, 'config': {}, 'data': {}, 'extra': {}, 'machine_name': '', 'barcode': '', 'barcode_symbology': ''}, {'id': 's10_liquid_reagent', 'uuid': 'a06562d9-3dce-4e20-b2fc-43f7f382dd97', 'name': 'S10 液体试剂瓶仓占位', 'description': '', 'schema': {}, 'model': {}, 'icon': '', 'parent_uuid': 'cebd692e-2548-4522-8f5e-23de9268ae10', 'type': 'warehouse', 'class': 'szlab_poly_s10_liquid_reagent_placeholder_warehouse', 'pose': {'size': {'depth': 0.0, 'width': 0.0, 'height': 0.0}, 'scale': {'x': 0.0, 'y': 0.0, 'z': 0.0}, 'layout': 'x-y', 'position': {'x': 1800.0, 'y': 100.0, 'z': 0.0}, 'position3d': {'x': 0.0, 'y': 0.0, 'z': 0.0}, 'rotation': {'x': 0.0, 'y': 0.0, 'z': 0.0}, 'cross_section_type': 'rectangle', 'extra': None}, 'config': {}, 'data': {}, 'extra': {}, 'machine_name': '', 'barcode': '', 'barcode_symbology': ''}, {'id': 's11_used_beaker', 'uuid': '59ceeb34-1ef7-4a78-a4af-f6802a2b9937', 'name': 'S11 使用烧杯成品仓', 'description': '', 'schema': {}, 'model': {}, 'icon': '', 'parent_uuid': 'cebd692e-2548-4522-8f5e-23de9268ae10', 'type': 'warehouse', 'class': 'szlab_poly_s11_used_beaker_warehouse', 'pose': {'size': {'depth': 0.0, 'width': 0.0, 'height': 0.0}, 'scale': {'x': 0.0, 'y': 0.0, 'z': 0.0}, 'layout': 'x-y', 'position': {'x': 1100.0, 'y': 100.0, 'z': 0.0}, 'position3d': {'x': 0.0, 'y': 0.0, 'z': 0.0}, 'rotation': {'x': 0.0, 'y': 0.0, 'z': 0.0}, 'cross_section_type': 'rectangle', 'extra': None}, 'config': {}, 'data': {}, 'extra': {}, 'machine_name': '', 'barcode': '', 'barcode_symbology': ''}, {'id': 's11_used_vial', 'uuid': 'ebfcf8b9-73f7-4279-a2eb-a16ab6e570a6', 'name': 'S11 使用样品瓶成品仓', 'description': '', 'schema': {}, 'model': {}, 'icon': '', 'parent_uuid': 'cebd692e-2548-4522-8f5e-23de9268ae10', 'type': 'warehouse', 'class': 'szlab_poly_s11_used_sample_vial_warehouse', 'pose': {'size': {'depth': 0.0, 'width': 0.0, 'height': 0.0}, 'scale': {'x': 0.0, 'y': 0.0, 'z': 0.0}, 'layout': 'x-y', 'position': {'x': 1100.0, 'y': 600.0, 'z': 0.0}, 'position3d': {'x': 0.0, 'y': 0.0, 'z': 0.0}, 'rotation': {'x': 0.0, 'y': 0.0, 'z': 0.0}, 'cross_section_type': 'rectangle', 'extra': None}, 'config': {}, 'data': {}, 'extra': {}, 'machine_name': '', 'barcode': '', 'barcode_symbology': ''}, {'id': 'debug_beaker_500ml', 'uuid': '9e817bd1-1b46-4397-96d7-d863b3c3ed2c', 'name': '调试烧杯 500 mL', 'description': '', 'schema': {}, 'model': {}, 'icon': '', 'parent_uuid': None, 'type': 'container', 'class': 'szlab_beaker_500ml', 'pose': {'size': {'depth': 0.0, 'width': 0.0, 'height': 0.0}, 'scale': {'x': 0.0, 'y': 0.0, 'z': 0.0}, 'layout': 'x-y', 'position': {'x': 350.0, 'y': 1050.0, 'z': 0.0}, 'position3d': {'x': 0.0, 'y': 0.0, 'z': 0.0}, 'rotation': {'x': 0.0, 'y': 0.0, 'z': 0.0}, 'cross_section_type': 'rectangle', 'extra': None}, 'config': {}, 'data': {'sample_id': 'debug-beaker'}, 'extra': {}, 'machine_name': '', 'barcode': '', 'barcode_symbology': ''}, {'id': 'debug_sample_vial_250ml', 'uuid': '1dab1581-de3e-4346-af8f-b3d406ff94e4', 'name': '调试样品瓶 250 mL', 'description': '', 'schema': {}, 'model': {}, 'icon': '', 'parent_uuid': None, 'type': 'container', 'class': 'szlab_sample_vial_250ml', 'pose': {'size': {'depth': 0.0, 'width': 0.0, 'height': 0.0}, 'scale': {'x': 0.0, 'y': 0.0, 'z': 0.0}, 'layout': 'x-y', 'position': {'x': 550.0, 'y': 1050.0, 'z': 0.0}, 'position3d': {'x': 0.0, 'y': 0.0, 'z': 0.0}, 'rotation': {'x': 0.0, 'y': 0.0, 'z': 0.0}, 'cross_section_type': 'rectangle', 'extra': None}, 'config': {}, 'data': {'sample_id': 'debug-vial'}, 'extra': {}, 'machine_name': '', 'barcode': '', 'barcode_symbology': ''}, {'id': 'debug_reagent_bottle_100ml', 'uuid': 'e363f855-e902-44ad-9224-753ba26d23a7', 'name': '调试液体试剂瓶 100 mL', 'description': '', 'schema': {}, 'model': {}, 'icon': '', 'parent_uuid': None, 'type': 'container', 'class': 'szlab_liquid_reagent_bottle_100ml', 'pose': {'size': {'depth': 0.0, 'width': 0.0, 'height': 0.0}, 'scale': {'x': 0.0, 'y': 0.0, 'z': 0.0}, 'layout': 'x-y', 'position': {'x': 750.0, 'y': 1050.0, 'z': 0.0}, 'position3d': {'x': 0.0, 'y': 0.0, 'z': 0.0}, 'rotation': {'x': 0.0, 'y': 0.0, 'z': 0.0}, 'cross_section_type': 'rectangle', 'extra': None}, 'config': {}, 'data': {'sample_id': 'debug-reagent'}, 'extra': {}, 'machine_name': '', 'barcode': '', 'barcode_symbology': ''}, {'id': 'debug_powder_container', 'uuid': '249f2215-74cc-460a-b1f2-5d4751652c45', 'name': '调试固体粉罐', 'description': '', 'schema': {}, 'model': {}, 'icon': '', 'parent_uuid': None, 'type': 'container', 'class': 'szlab_powder_container', 'pose': {'size': {'depth': 0.0, 'width': 0.0, 'height': 0.0}, 'scale': {'x': 0.0, 'y': 0.0, 'z': 0.0}, 'layout': 'x-y', 'position': {'x': 950.0, 'y': 1050.0, 'z': 0.0}, 'position3d': {'x': 0.0, 'y': 0.0, 'z': 0.0}, 'rotation': {'x': 0.0, 'y': 0.0, 'z': 0.0}, 'cross_section_type': 'rectangle', 'extra': None}, 'config': {}, 'data': {'sample_id': 'debug-powder'}, 'extra': {}, 'machine_name': '', 'barcode': '', 'barcode_symbology': ''}, {'id': 'szlab_poly_plc', 'uuid': 'b1f51594-25ae-4103-91b6-f205a1686398', 'name': 'SZLab PLC', 'description': '', 'schema': {}, 'model': {}, 'icon': '', 'parent_uuid': None, 'type': 'device', 'class': 'szlab_poly_plc', 'pose': {'size': {'depth': 0.0, 'width': 0.0, 'height': 0.0}, 'scale': {'x': 0.0, 'y': 0.0, 'z': 0.0}, 'layout': 'x-y', 'position': {'x': 0.0, 'y': 1500.0, 'z': 0.0}, 'position3d': {'x': 0.0, 'y': 0.0, 'z': 0.0}, 'rotation': {'x': 0.0, 'y': 0.0, 'z': 0.0}, 'cross_section_type': 'rectangle', 'extra': None}, 'config': {'url': 'opc.tcp://opcua.ideawit.com:4855/xuse_sim', 'csv_path': 'szlab_plc_0730.csv', 'auto_connect': True, 'opcua_node_id_prefix': 'ns=4;s=上位机通讯|'}, 'data': {'status': 'Idle'}, 'extra': {}, 'machine_name': 'iv_yer7qchpmo4c5qwyaa06', 'barcode': '', 'barcode_symbology': ''}, {'id': 'szlab_mixer_robot', 'uuid': '5d9f142c-6dfb-4c13-bd37-3f892c0aae31', 'name': 'SZLab 机械臂', 'description': '', 'schema': {}, 'model': {}, 'icon': '', 'parent_uuid': None, 'type': 'device', 'class': 'szlab_mixer_robot', 'pose': {'size': {'depth': 0.0, 'width': 0.0, 'height': 0.0}, 'scale': {'x': 0.0, 'y': 0.0, 'z': 0.0}, 'layout': 'x-y', 'position': {'x': 500.0, 'y': 1500.0, 'z': 0.0}, 'position3d': {'x': 0.0, 'y': 0.0, 'z': 0.0}, 'rotation': {'x': 0.0, 'y': 0.0, 'z': 0.0}, 'cross_section_type': 'rectangle', 'extra': None}, 'config': {'plc_device_id': 'szlab_poly_plc'}, 'data': {'status': 'Idle'}, 'extra': {}, 'machine_name': 'iv_yer7qchpmo4c5qwyaa06', 'barcode': '', 'barcode_symbology': ''}, {'id': 'szlab_mixer_stirrer', 'uuid': '162244f9-addb-45ce-85e0-3cc27dd8b0c0', 'name': 'S04 磁搅', 'description': '', 'schema': {}, 'model': {}, 'icon': '', 'parent_uuid': None, 'type': 'device', 'class': 'szlab_mixer_stirrer', 'pose': {'size': {'depth': 0.0, 'width': 0.0, 'height': 0.0}, 'scale': {'x': 0.0, 'y': 0.0, 'z': 0.0}, 'layout': 'x-y', 'position': {'x': 750.0, 'y': 1500.0, 'z': 0.0}, 'position3d': {'x': 0.0, 'y': 0.0, 'z': 0.0}, 'rotation': {'x': 0.0, 'y': 0.0, 'z': 0.0}, 'cross_section_type': 'rectangle', 'extra': None}, 'config': {'plc_device_id': 'szlab_poly_plc'}, 'data': {'status': 'Idle'}, 'extra': {}, 'machine_name': 'iv_yer7qchpmo4c5qwyaa06', 'barcode': '', 'barcode_symbology': ''}, {'id': 'szlab_mixer_photoshotting', 'uuid': '9eae4edd-8691-4c36-8a11-5705b014b431', 'name': 'S05 拍照检测', 'description': '', 'schema': {}, 'model': {}, 'icon': '', 'parent_uuid': None, 'type': 'device', 'class': 'szlab_mixer_photoshotting', 'pose': {'size': {'depth': 0.0, 'width': 0.0, 'height': 0.0}, 'scale': {'x': 0.0, 'y': 0.0, 'z': 0.0}, 'layout': 'x-y', 'position': {'x': 1000.0, 'y': 1500.0, 'z': 0.0}, 'position3d': {'x': 0.0, 'y': 0.0, 'z': 0.0}, 'rotation': {'x': 0.0, 'y': 0.0, 'z': 0.0}, 'cross_section_type': 'rectangle', 'extra': None}, 'config': {'plc_device_id': 'szlab_poly_plc'}, 'data': {'status': 'Idle'}, 'extra': {}, 'machine_name': 'iv_yer7qchpmo4c5qwyaa06', 'barcode': '', 'barcode_symbology': ''}, {'id': 'szlab_mixer_pump', 'uuid': 'ffb31fa6-1888-409f-b057-1e08d95bdb01', 'name': 'S06 注射泵', 'description': '', 'schema': {}, 'model': {}, 'icon': '', 'parent_uuid': None, 'type': 'device', 'class': 'szlab_mixer_pump', 'pose': {'size': {'depth': 0.0, 'width': 0.0, 'height': 0.0}, 'scale': {'x': 0.0, 'y': 0.0, 'z': 0.0}, 'layout': 'x-y', 'position': {'x': 1250.0, 'y': 1500.0, 'z': 0.0}, 'position3d': {'x': 0.0, 'y': 0.0, 'z': 0.0}, 'rotation': {'x': 0.0, 'y': 0.0, 'z': 0.0}, 'cross_section_type': 'rectangle', 'extra': None}, 'config': {'plc_device_id': 'szlab_poly_plc'}, 'data': {'status': 'Idle'}, 'extra': {}, 'machine_name': 'iv_yer7qchpmo4c5qwyaa06', 'barcode': '', 'barcode_symbology': ''}, {'id': 'szlab_s07_solid_addition', 'uuid': '9952b413-a490-41f0-9d10-5c6cf642467b', 'name': 'S07 固体加料', 'description': '', 'schema': {}, 'model': {}, 'icon': '', 'parent_uuid': None, 'type': 'device', 'class': 'szlab_s07_solid_addition', 'pose': {'size': {'depth': 0.0, 'width': 0.0, 'height': 0.0}, 'scale': {'x': 0.0, 'y': 0.0, 'z': 0.0}, 'layout': 'x-y', 'position': {'x': 1500.0, 'y': 1500.0, 'z': 0.0}, 'position3d': {'x': 0.0, 'y': 0.0, 'z': 0.0}, 'rotation': {'x': 0.0, 'y': 0.0, 'z': 0.0}, 'cross_section_type': 'rectangle', 'extra': None}, 'config': {'plc_device_id': 'szlab_poly_plc'}, 'data': {'status': 'Idle'}, 'extra': {}, 'machine_name': 'iv_yer7qchpmo4c5qwyaa06', 'barcode': '', 'barcode_symbology': ''}, {'id': 'szlab_s08_cap_station', 'uuid': 'ee1ac33c-2cb2-4e9f-884f-6d8158a5ceef', 'name': 'S08 开关盖', 'description': '', 'schema': {}, 'model': {}, 'icon': '', 'parent_uuid': None, 'type': 'device', 'class': 'szlab_s08_cap_station', 'pose': {'size': {'depth': 0.0, 'width': 0.0, 'height': 0.0}, 'scale': {'x': 0.0, 'y': 0.0, 'z': 0.0}, 'layout': 'x-y', 'position': {'x': 1750.0, 'y': 1500.0, 'z': 0.0}, 'position3d': {'x': 0.0, 'y': 0.0, 'z': 0.0}, 'rotation': {'x': 0.0, 'y': 0.0, 'z': 0.0}, 'cross_section_type': 'rectangle', 'extra': None}, 'config': {'plc_device_id': 'szlab_poly_plc'}, 'data': {'status': 'Idle'}, 'extra': {}, 'machine_name': 'iv_yer7qchpmo4c5qwyaa06', 'barcode': '', 'barcode_symbology': ''}, {'id': 'szlab_mixer_pipetting_station', 'uuid': '95390268-0e2f-4cc7-b26b-abcb452dfbcd', 'name': 'S09 移液站', 'description': '', 'schema': {}, 'model': {}, 'icon': '', 'parent_uuid': None, 'type': 'device', 'class': 'szlab_mixer_pipetting_station', 'pose': {'size': {'depth': 0.0, 'width': 0.0, 'height': 0.0}, 'scale': {'x': 0.0, 'y': 0.0, 'z': 0.0}, 'layout': 'x-y', 'position': {'x': 2000.0, 'y': 1500.0, 'z': 0.0}, 'position3d': {'x': 0.0, 'y': 0.0, 'z': 0.0}, 'rotation': {'x': 0.0, 'y': 0.0, 'z': 0.0}, 'cross_section_type': 'rectangle', 'extra': None}, 'config': {'plc_device_id': 'szlab_poly_plc'}, 'data': {'status': 'Idle'}, 'extra': {}, 'machine_name': 'iv_yer7qchpmo4c5qwyaa06', 'barcode': '', 'barcode_symbology': ''}] [trace:478] [unilabos.utils.log.log]
26-07-30 [23:09:24,012] [WARNING] 资源UUID未更新: d509de07-aea1-492a-9adc-0287418672f2 [resource_tree_add:127] [unilabos.utils.log.client]
26-07-30 [23:09:24,012] [WARNING] 资源UUID未更新: cebd692e-2548-4522-8f5e-23de9268ae10 [resource_tree_add:127] [unilabos.utils.log.client]
26-07-30 [23:09:24,012] [WARNING] 资源UUID未更新: deb87871-371b-43ab-a3d6-eab5eefdd19d [resource_tree_add:127] [unilabos.utils.log.client]
26-07-30 [23:09:24,012] [WARNING] 资源UUID未更新: 0e367d98-6a2b-4e09-82bd-382e326a1664 [resource_tree_add:127] [unilabos.utils.log.client]
26-07-30 [23:09:24,012] [WARNING] 资源UUID未更新: fbc84fc8-dddb-4715-a81d-ed372dbc2c2a [resource_tree_add:127] [unilabos.utils.log.client]
26-07-30 [23:09:24,013] [WARNING] 资源UUID未更新: ba04b3b6-0748-4618-aa12-01c049f11991 [resource_tree_add:127] [unilabos.utils.log.client]
26-07-30 [23:09:24,013] [WARNING] 资源UUID未更新: f9f5e014-4678-48a4-b1e4-e8f5b21c0681 [resource_tree_add:127] [unilabos.utils.log.client]
26-07-30 [23:09:24,013] [WARNING] 资源UUID未更新: a06562d9-3dce-4e20-b2fc-43f7f382dd97 [resource_tree_add:127] [unilabos.utils.log.client]
26-07-30 [23:09:24,013] [WARNING] 资源UUID未更新: 59ceeb34-1ef7-4a78-a4af-f6802a2b9937 [resource_tree_add:127] [unilabos.utils.log.client]
26-07-30 [23:09:24,013] [WARNING] 资源UUID未更新: ebfcf8b9-73f7-4279-a2eb-a16ab6e570a6 [resource_tree_add:127] [unilabos.utils.log.client]
26-07-30 [23:09:24,013] [WARNING] 资源UUID未更新: 9e817bd1-1b46-4397-96d7-d863b3c3ed2c [resource_tree_add:127] [unilabos.utils.log.client]
26-07-30 [23:09:24,013] [WARNING] 资源UUID未更新: 1dab1581-de3e-4346-af8f-b3d406ff94e4 [resource_tree_add:127] [unilabos.utils.log.client]
26-07-30 [23:09:24,013] [WARNING] 资源UUID未更新: e363f855-e902-44ad-9224-753ba26d23a7 [resource_tree_add:127] [unilabos.utils.log.client]
26-07-30 [23:09:24,013] [WARNING] 资源UUID未更新: 249f2215-74cc-460a-b1f2-5d4751652c45 [resource_tree_add:127] [unilabos.utils.log.client]
26-07-30 [23:09:24,013] [WARNING] 资源UUID未更新: b1f51594-25ae-4103-91b6-f205a1686398 [resource_tree_add:127] [unilabos.utils.log.client]
26-07-30 [23:09:24,013] [WARNING] 资源UUID未更新: 5d9f142c-6dfb-4c13-bd37-3f892c0aae31 [resource_tree_add:127] [unilabos.utils.log.client]
26-07-30 [23:09:24,013] [WARNING] 资源UUID未更新: 162244f9-addb-45ce-85e0-3cc27dd8b0c0 [resource_tree_add:127] [unilabos.utils.log.client]
26-07-30 [23:09:24,013] [WARNING] 资源UUID未更新: 9eae4edd-8691-4c36-8a11-5705b014b431 [resource_tree_add:127] [unilabos.utils.log.client]
26-07-30 [23:09:24,013] [WARNING] 资源UUID未更新: ffb31fa6-1888-409f-b057-1e08d95bdb01 [resource_tree_add:127] [unilabos.utils.log.client]
26-07-30 [23:09:24,013] [WARNING] 资源UUID未更新: 9952b413-a490-41f0-9d10-5c6cf642467b [resource_tree_add:127] [unilabos.utils.log.client]
26-07-30 [23:09:24,013] [WARNING] 资源UUID未更新: ee1ac33c-2cb2-4e9f-884f-6d8158a5ceef [resource_tree_add:127] [unilabos.utils.log.client]
26-07-30 [23:09:24,013] [WARNING] 资源UUID未更新: 95390268-0e2f-4cc7-b26b-abcb452dfbcd [resource_tree_add:127] [unilabos.utils.log.client]
26-07-30 [23:09:24,013] [INFO] [Host Node-Resource] 物料上传 132.07 ms [__init__:285] [unilabos.utils.log.host_node]
26-07-30 [23:09:24,135] [ERROR] 添加物料关系失败: 401, {"code":5009,"error":{"msg":"login verification format error"}} [resource_edge_add:67] [unilabos.utils.log.client]
26-07-30 [23:09:24,135] [INFO] [Host Node-Resource] 物料关系上传 121.80000000000001 ms [__init__:293] [unilabos.utils.log.host_node]
26-07-30 [23:09:24,160] [INFO] [Uvicorn.HTTP] 127.0.0.1:34242 - "GET /internal/v1/runtime-actions HTTP/1.1" 503 [send:482] [uvicorn.protocols.http.h11_impl]
26-07-30 [23:09:24,302] [WARNING] 未知类型 warehouse [node_to_plr_dict:614] [unilabos.utils.log.resource_tracker]
26-07-30 [23:09:24,302] [WARNING] 未知类型 warehouse [node_to_plr_dict:614] [unilabos.utils.log.resource_tracker]
26-07-30 [23:09:24,302] [WARNING] 未知类型 warehouse [node_to_plr_dict:614] [unilabos.utils.log.resource_tracker]
26-07-30 [23:09:24,302] [WARNING] 未知类型 warehouse [node_to_plr_dict:614] [unilabos.utils.log.resource_tracker]
26-07-30 [23:09:24,302] [WARNING] 未知类型 warehouse [node_to_plr_dict:614] [unilabos.utils.log.resource_tracker]
26-07-30 [23:09:24,302] [WARNING] 未知类型 warehouse [node_to_plr_dict:614] [unilabos.utils.log.resource_tracker]
26-07-30 [23:09:24,302] [WARNING] 未知类型 warehouse [node_to_plr_dict:614] [unilabos.utils.log.resource_tracker]
26-07-30 [23:09:24,302] [WARNING] 未知类型 warehouse [node_to_plr_dict:614] [unilabos.utils.log.resource_tracker]
26-07-30 [23:09:24,302] [ERROR] 转换 PLR 资源失败: Deck.__init__() got an unexpected keyword argument 'setup' {'setup': False, 'name': 'SZLab 聚合物工作站台面', 'type': 'Deck', 'size_x': 0.0, 'size_y': 0.0, 'size_z': 0.0, 'location': {'x': 0.0, 'y': 0.0, 'z': 0.0, 'type': 'Coordinate'}, 'rotation': {'x': 0, 'y': 0, 'z': 0, 'type': 'Rotation'}, 'category': 'Deck', 'children': [{'name': 'S1 上料过渡仓', 'type': 'warehouse', 'size_x': 0.0, 'size_y': 0.0, 'size_z': 0.0, 'location': {'x': 100.0, 'y': 100.0, 'z': 0.0, 'type': 'Coordinate'}, 'rotation': {'x': 0, 'y': 0, 'z': 0, 'type': 'Rotation'}, 'category': 'warehouse', 'children': [], 'parent_name': 'SZLab 聚合物工作站台面'}, {'name': 'S2 枪头仓占位', 'type': 'warehouse', 'size_x': 0.0, 'size_y': 0.0, 'size_z': 0.0, 'location': {'x': 100.0, 'y': 450.0, 'z': 0.0, 'type': 'Coordinate'}, 'rotation': {'x': 0, 'y': 0, 'z': 0, 'type': 'Rotation'}, 'category': 'warehouse', 'children': [], 'parent_name': 'SZLab 聚合物工作站台面'}, {'name': 'S3 未使用烧杯仓', 'type': 'warehouse', 'size_x': 0.0, 'size_y': 0.0, 'size_z': 0.0, 'location': {'x': 500.0, 'y': 100.0, 'z': 0.0, 'type': 'Coordinate'}, ' [to_plr_resources:683] [unilabos.utils.log.resource_tracker]
26-07-30 [23:09:24,303] [ERROR] 堆栈: Traceback (most recent call last):
  File "/home/changjunhan/Uni-Lab-Core/Uni-Lab-OS/unilabos/resources/resource_tracker.py", line 670, in to_plr_resources
    plr_resource = sub_cls.deserialize(plr_dict, allow_marshal=True)
                   ^^^^^^^^^^^^^^^^^^^^^^^^^^^^^^^^^^^^^^^^^^^^^^^^^
  File "/home/changjunhan/.micromamba/envs/unilab/lib/python3.11/site-packages/pylabrobot/resources/resource.py", line 761, in deserialize
    resource = subclass(**deserialize(data_copy, allow_marshal=allow_marshal))
               ^^^^^^^^^^^^^^^^^^^^^^^^^^^^^^^^^^^^^^^^^^^^^^^^^^^^^^^^^^^^^^^
TypeError: Deck.__init__() got an unexpected keyword argument 'setup'
 [to_plr_resources:686] [unilabos.utils.log.resource_tracker]
26-07-30 [23:09:24,303] [WARNING] [Host Node-Resource] 根节点物料<unilabos.resources.resource_tracker.ResourceTreeInstance object at 0x7f00e53f0290>序列化失败！ [warning:427] [unilabos.utils.log.log]
26-07-30 [23:09:24,304] [TRACE] 设置资源UUID: 调试烧杯 500 mL -> 9e817bd1-1b46-4397-96d7-d863b3c3ed2c [trace:478] [unilabos.utils.log.log]
26-07-30 [23:09:24,304] [TRACE] 设置资源Extra: 调试烧杯 500 mL -> {'unilabos_frontend_pose_extra': None, 'unilabos_resource_class': 'szlab_beaker_500ml'} [trace:478] [unilabos.utils.log.log]
26-07-30 [23:09:24,304] [TRACE] 收集资源UUID映射: 9e817bd1-1b46-4397-96d7-d863b3c3ed2c -> RegularContainer(name='调试烧杯 500 mL', location=Coordinate(350.000, 1050.000, 000.000), size_x=0.0, size_y=0.0, size_z=0.0, category=container)  [trace:478] [unilabos.utils.log.log]
26-07-30 [23:09:24,304] [TRACE] 设置资源UUID: 调试样品瓶 250 mL -> 1dab1581-de3e-4346-af8f-b3d406ff94e4 [trace:478] [unilabos.utils.log.log]
26-07-30 [23:09:24,304] [TRACE] 设置资源Extra: 调试样品瓶 250 mL -> {'unilabos_frontend_pose_extra': None, 'unilabos_resource_class': 'szlab_sample_vial_250ml'} [trace:478] [unilabos.utils.log.log]
26-07-30 [23:09:24,304] [TRACE] 收集资源UUID映射: 1dab1581-de3e-4346-af8f-b3d406ff94e4 -> RegularContainer(name='调试样品瓶 250 mL', location=Coordinate(550.000, 1050.000, 000.000), size_x=0.0, size_y=0.0, size_z=0.0, category=container)  [trace:478] [unilabos.utils.log.log]
26-07-30 [23:09:24,304] [TRACE] 设置资源UUID: 调试液体试剂瓶 100 mL -> e363f855-e902-44ad-9224-753ba26d23a7 [trace:478] [unilabos.utils.log.log]
26-07-30 [23:09:24,304] [TRACE] 设置资源Extra: 调试液体试剂瓶 100 mL -> {'unilabos_frontend_pose_extra': None, 'unilabos_resource_class': 'szlab_liquid_reagent_bottle_100ml'} [trace:478] [unilabos.utils.log.log]
26-07-30 [23:09:24,304] [TRACE] 收集资源UUID映射: e363f855-e902-44ad-9224-753ba26d23a7 -> RegularContainer(name='调试液体试剂瓶 100 mL', location=Coordinate(750.000, 1050.000, 000.000), size_x=0.0, size_y=0.0, size_z=0.0, category=container)  [trace:478] [unilabos.utils.log.log]
26-07-30 [23:09:24,304] [TRACE] 设置资源UUID: 调试固体粉罐 -> 249f2215-74cc-460a-b1f2-5d4751652c45 [trace:478] [unilabos.utils.log.log]
26-07-30 [23:09:24,304] [TRACE] 设置资源Extra: 调试固体粉罐 -> {'unilabos_frontend_pose_extra': None, 'unilabos_resource_class': 'szlab_powder_container'} [trace:478] [unilabos.utils.log.log]
26-07-30 [23:09:24,304] [TRACE] 收集资源UUID映射: 249f2215-74cc-460a-b1f2-5d4751652c45 -> RegularContainer(name='调试固体粉罐', location=Coordinate(950.000, 1050.000, 000.000), size_x=0.0, size_y=0.0, size_z=0.0, category=container)  [trace:478] [unilabos.utils.log.log]
26-07-30 [23:09:24,337] [TRACE] [/devices/host_node] 发布动作: create_resource, 类型: unilabos_msgs.action._resource_create_from_outer_easy.ResourceCreateFromOuterEasy [create_ros_action_server:1856] [unilabos.ros.nodes.base_device_node]
26-07-30 [23:09:24,338] [TRACE] [/devices/host_node] 发布动作: test_latency, 类型: unilabos_msgs.action._empty_in.EmptyIn [create_ros_action_server:1856] [unilabos.ros.nodes.base_device_node]
26-07-30 [23:09:24,339] [TRACE] [/devices/host_node] 发布动作: _execute_driver_command, 类型: unilabos_msgs.action._str_single_input.StrSingleInput [create_ros_action_server:1856] [unilabos.ros.nodes.base_device_node]
26-07-30 [23:09:24,339] [TRACE] [/devices/host_node] 发布动作: _execute_driver_command_async, 类型: unilabos_msgs.action._str_single_input.StrSingleInput [create_ros_action_server:1856] [unilabos.ros.nodes.base_device_node]
26-07-30 [23:09:24,342] [DEBUG] [/devices/host_node] ROS节点初始化完成 [__init__:806] [unilabos.ros.nodes.base_device_node]
26-07-30 [23:09:24,683] [INFO] [Uvicorn.HTTP] 127.0.0.1:34250 - "GET /internal/v1/runtime-actions HTTP/1.1" 503 [send:482] [uvicorn.protocols.http.h11_impl]
26-07-30 [23:09:25,350] [TRACE] [/devices/host_node] [Host Node] Discovering devices in the network... [_discover_devices:472] [unilabos.ros.nodes.presets.host_node]
26-07-30 [23:09:25,350] [TRACE] [/devices/host_node] [Host Node] Total online devices: 1 [_discover_devices:525] [unilabos.ros.nodes.presets.host_node]
26-07-30 [23:09:25,350] [WARNING] [/devices/host_node] [Host Node] Device host_node already existed, skipping. [__init__:405] [unilabos.ros.nodes.presets.host_node]
26-07-30 [23:09:25,350] [INFO] [/devices/host_node] [Host Node] Initializing device: szlab_poly_plc [initialize_device:743] [unilabos.ros.nodes.presets.host_node]
26-07-30 [23:09:25,565] [INFO] 循环线程已启动 [_start_loop:2899] [unilabos.utils.log.base_device_node]
26-07-30 [23:09:25,568] [INFO] 开始注册 911 个节点... [register_node_list:366] [unilabos.utils.log.post_process]
26-07-30 [23:09:25,568] [DEBUG] 添加节点 "传感器状态_上位机" (NodeType.VARIABLE) 到待查找列表 [register_node_list:385] [unilabos.utils.log.post_process]
26-07-30 [23:09:25,568] [DEBUG] 添加节点 "传感器状态_上位机[0]" (NodeType.VARIABLE) 到待查找列表 [register_node_list:385] [unilabos.utils.log.post_process]
26-07-30 [23:09:25,568] [DEBUG] 添加节点 "传感器状态_上位机[0].NO" (NodeType.VARIABLE) 到待查找列表 [register_node_list:385] [unilabos.utils.log.post_process]
26-07-30 [23:09:25,568] [DEBUG] 添加节点 "传感器状态_上位机[0].NO[0]" (NodeType.VARIABLE) 到待查找列表 [register_node_list:385] [unilabos.utils.log.post_process]
26-07-30 [23:09:25,568] [DEBUG] 添加节点 "传感器状态_上位机[0].NO[1]" (NodeType.VARIABLE) 到待查找列表 [register_node_list:385] [unilabos.utils.log.post_process]
26-07-30 [23:09:25,568] [DEBUG] 添加节点 "传感器状态_上位机[0].NO[2]" (NodeType.VARIABLE) 到待查找列表 [register_node_list:385] [unilabos.utils.log.post_process]
26-07-30 [23:09:25,568] [DEBUG] 添加节点 "传感器状态_上位机[0].NO[3]" (NodeType.VARIABLE) 到待查找列表 [register_node_list:385] [unilabos.utils.log.post_process]
26-07-30 [23:09:25,568] [DEBUG] 添加节点 "传感器状态_上位机[0].NO[4]" (NodeType.VARIABLE) 到待查找列表 [register_node_list:385] [unilabos.utils.log.post_process]
26-07-30 [23:09:25,568] [DEBUG] 添加节点 "传感器状态_上位机[0].NO[5]" (NodeType.VARIABLE) 到待查找列表 [register_node_list:385] [unilabos.utils.log.post_process]
26-07-30 [23:09:25,568] [DEBUG] 添加节点 "传感器状态_上位机[0].NO[6]" (NodeType.VARIABLE) 到待查找列表 [register_node_list:385] [unilabos.utils.log.post_process]
26-07-30 [23:09:25,568] [DEBUG] 添加节点 "传感器状态_上位机[0].NO[7]" (NodeType.VARIABLE) 到待查找列表 [register_node_list:385] [unilabos.utils.log.post_process]
26-07-30 [23:09:25,568] [DEBUG] 添加节点 "传感器状态_上位机[0].NO[8]" (NodeType.VARIABLE) 到待查找列表 [register_node_list:385] [unilabos.utils.log.post_process]
26-07-30 [23:09:25,568] [DEBUG] 添加节点 "传感器状态_上位机[0].NO[9]" (NodeType.VARIABLE) 到待查找列表 [register_node_list:385] [unilabos.utils.log.post_process]
26-07-30 [23:09:25,568] [DEBUG] 添加节点 "传感器状态_上位机[0].NO[10]" (NodeType.VARIABLE) 到待查找列表 [register_node_list:385] [unilabos.utils.log.post_process]
26-07-30 [23:09:25,568] [DEBUG] 添加节点 "传感器状态_上位机[0].NO[11]" (NodeType.VARIABLE) 到待查找列表 [register_node_list:385] [unilabos.utils.log.post_process]
26-07-30 [23:09:25,568] [DEBUG] 添加节点 "传感器状态_上位机[0].NO[12]" (NodeType.VARIABLE) 到待查找列表 [register_node_list:385] [unilabos.utils.log.post_process]
26-07-30 [23:09:25,568] [DEBUG] 添加节点 "传感器状态_上位机[0].NO[13]" (NodeType.VARIABLE) 到待查找列表 [register_node_list:385] [unilabos.utils.log.post_process]
26-07-30 [23:09:25,568] [DEBUG] 添加节点 "传感器状态_上位机[0].NO[14]" (NodeType.VARIABLE) 到待查找列表 [register_node_list:385] [unilabos.utils.log.post_process]
26-07-30 [23:09:25,569] [DEBUG] 添加节点 "传感器状态_上位机[0].NO[15]" (NodeType.VARIABLE) 到待查找列表 [register_node_list:385] [unilabos.utils.log.post_process]
26-07-30 [23:09:25,569] [DEBUG] 添加节点 "传感器状态_上位机[1]" (NodeType.VARIABLE) 到待查找列表 [register_node_list:385] [unilabos.utils.log.post_process]
26-07-30 [23:09:25,569] [DEBUG] 添加节点 "传感器状态_上位机[1].NO" (NodeType.VARIABLE) 到待查找列表 [register_node_list:385] [unilabos.utils.log.post_process]
26-07-30 [23:09:25,569] [DEBUG] 添加节点 "传感器状态_上位机[1].NO[0]" (NodeType.VARIABLE) 到待查找列表 [register_node_list:385] [unilabos.utils.log.post_process]
26-07-30 [23:09:25,569] [DEBUG] 添加节点 "传感器状态_上位机[1].NO[1]" (NodeType.VARIABLE) 到待查找列表 [register_node_list:385] [unilabos.utils.log.post_process]
26-07-30 [23:09:25,569] [DEBUG] 添加节点 "传感器状态_上位机[1].NO[2]" (NodeType.VARIABLE) 到待查找列表 [register_node_list:385] [unilabos.utils.log.post_process]
26-07-30 [23:09:25,569] [DEBUG] 添加节点 "传感器状态_上位机[1].NO[3]" (NodeType.VARIABLE) 到待查找列表 [register_node_list:385] [unilabos.utils.log.post_process]
26-07-30 [23:09:25,569] [DEBUG] 添加节点 "传感器状态_上位机[1].NO[4]" (NodeType.VARIABLE) 到待查找列表 [register_node_list:385] [unilabos.utils.log.post_process]
26-07-30 [23:09:25,569] [DEBUG] 添加节点 "传感器状态_上位机[1].NO[5]" (NodeType.VARIABLE) 到待查找列表 [register_node_list:385] [unilabos.utils.log.post_process]
26-07-30 [23:09:25,569] [DEBUG] 添加节点 "传感器状态_上位机[1].NO[6]" (NodeType.VARIABLE) 到待查找列表 [register_node_list:385] [unilabos.utils.log.post_process]
26-07-30 [23:09:25,569] [DEBUG] 添加节点 "传感器状态_上位机[1].NO[7]" (NodeType.VARIABLE) 到待查找列表 [register_node_list:385] [unilabos.utils.log.post_process]
26-07-30 [23:09:25,569] [DEBUG] 添加节点 "传感器状态_上位机[1].NO[8]" (NodeType.VARIABLE) 到待查找列表 [register_node_list:385] [unilabos.utils.log.post_process]
26-07-30 [23:09:25,569] [DEBUG] 添加节点 "传感器状态_上位机[1].NO[9]" (NodeType.VARIABLE) 到待查找列表 [register_node_list:385] [unilabos.utils.log.post_process]
26-07-30 [23:09:25,569] [DEBUG] 添加节点 "传感器状态_上位机[1].NO[10]" (NodeType.VARIABLE) 到待查找列表 [register_node_list:385] [unilabos.utils.log.post_process]
26-07-30 [23:09:25,569] [DEBUG] 添加节点 "传感器状态_上位机[1].NO[11]" (NodeType.VARIABLE) 到待查找列表 [register_node_list:385] [unilabos.utils.log.post_process]
26-07-30 [23:09:25,569] [DEBUG] 添加节点 "传感器状态_上位机[1].NO[12]" (NodeType.VARIABLE) 到待查找列表 [register_node_list:385] [unilabos.utils.log.post_process]
26-07-30 [23:09:25,569] [DEBUG] 添加节点 "传感器状态_上位机[1].NO[13]" (NodeType.VARIABLE) 到待查找列表 [register_node_list:385] [unilabos.utils.log.post_process]
26-07-30 [23:09:25,569] [DEBUG] 添加节点 "传感器状态_上位机[1].NO[14]" (NodeType.VARIABLE) 到待查找列表 [register_node_list:385] [unilabos.utils.log.post_process]
26-07-30 [23:09:25,569] [DEBUG] 添加节点 "传感器状态_上位机[1].NO[15]" (NodeType.VARIABLE) 到待查找列表 [register_node_list:385] [unilabos.utils.log.post_process]
26-07-30 [23:09:25,569] [DEBUG] 添加节点 "传感器状态_上位机[2]" (NodeType.VARIABLE) 到待查找列表 [register_node_list:385] [unilabos.utils.log.post_process]
26-07-30 [23:09:25,569] [DEBUG] 添加节点 "传感器状态_上位机[2].NO" (NodeType.VARIABLE) 到待查找列表 [register_node_list:385] [unilabos.utils.log.post_process]
26-07-30 [23:09:25,569] [DEBUG] 添加节点 "传感器状态_上位机[2].NO[0]" (NodeType.VARIABLE) 到待查找列表 [register_node_list:385] [unilabos.utils.log.post_process]
26-07-30 [23:09:25,569] [DEBUG] 添加节点 "传感器状态_上位机[2].NO[1]" (NodeType.VARIABLE) 到待查找列表 [register_node_list:385] [unilabos.utils.log.post_process]
26-07-30 [23:09:25,569] [DEBUG] 添加节点 "传感器状态_上位机[2].NO[2]" (NodeType.VARIABLE) 到待查找列表 [register_node_list:385] [unilabos.utils.log.post_process]
26-07-30 [23:09:25,569] [DEBUG] 添加节点 "传感器状态_上位机[2].NO[3]" (NodeType.VARIABLE) 到待查找列表 [register_node_list:385] [unilabos.utils.log.post_process]
26-07-30 [23:09:25,569] [DEBUG] 添加节点 "传感器状态_上位机[2].NO[4]" (NodeType.VARIABLE) 到待查找列表 [register_node_list:385] [unilabos.utils.log.post_process]
26-07-30 [23:09:25,569] [DEBUG] 添加节点 "传感器状态_上位机[2].NO[5]" (NodeType.VARIABLE) 到待查找列表 [register_node_list:385] [unilabos.utils.log.post_process]
26-07-30 [23:09:25,569] [DEBUG] 添加节点 "传感器状态_上位机[2].NO[6]" (NodeType.VARIABLE) 到待查找列表 [register_node_list:385] [unilabos.utils.log.post_process]
26-07-30 [23:09:25,569] [DEBUG] 添加节点 "传感器状态_上位机[2].NO[7]" (NodeType.VARIABLE) 到待查找列表 [register_node_list:385] [unilabos.utils.log.post_process]
26-07-30 [23:09:25,569] [DEBUG] 添加节点 "传感器状态_上位机[2].NO[8]" (NodeType.VARIABLE) 到待查找列表 [register_node_list:385] [unilabos.utils.log.post_process]
26-07-30 [23:09:25,569] [DEBUG] 添加节点 "传感器状态_上位机[2].NO[9]" (NodeType.VARIABLE) 到待查找列表 [register_node_list:385] [unilabos.utils.log.post_process]
26-07-30 [23:09:25,569] [DEBUG] 添加节点 "传感器状态_上位机[2].NO[10]" (NodeType.VARIABLE) 到待查找列表 [register_node_list:385] [unilabos.utils.log.post_process]
26-07-30 [23:09:25,569] [DEBUG] 添加节点 "传感器状态_上位机[2].NO[11]" (NodeType.VARIABLE) 到待查找列表 [register_node_list:385] [unilabos.utils.log.post_process]
26-07-30 [23:09:25,569] [DEBUG] 添加节点 "传感器状态_上位机[2].NO[12]" (NodeType.VARIABLE) 到待查找列表 [register_node_list:385] [unilabos.utils.log.post_process]
26-07-30 [23:09:25,569] [DEBUG] 添加节点 "传感器状态_上位机[2].NO[13]" (NodeType.VARIABLE) 到待查找列表 [register_node_list:385] [unilabos.utils.log.post_process]
26-07-30 [23:09:25,569] [DEBUG] 添加节点 "传感器状态_上位机[2].NO[14]" (NodeType.VARIABLE) 到待查找列表 [register_node_list:385] [unilabos.utils.log.post_process]
26-07-30 [23:09:25,569] [DEBUG] 添加节点 "传感器状态_上位机[2].NO[15]" (NodeType.VARIABLE) 到待查找列表 [register_node_list:385] [unilabos.utils.log.post_process]
26-07-30 [23:09:25,569] [DEBUG] 添加节点 "传感器状态_上位机[3]" (NodeType.VARIABLE) 到待查找列表 [register_node_list:385] [unilabos.utils.log.post_process]
26-07-30 [23:09:25,569] [DEBUG] 添加节点 "传感器状态_上位机[3].NO" (NodeType.VARIABLE) 到待查找列表 [register_node_list:385] [unilabos.utils.log.post_process]
26-07-30 [23:09:25,569] [DEBUG] 添加节点 "传感器状态_上位机[3].NO[0]" (NodeType.VARIABLE) 到待查找列表 [register_node_list:385] [unilabos.utils.log.post_process]
26-07-30 [23:09:25,569] [DEBUG] 添加节点 "传感器状态_上位机[3].NO[1]" (NodeType.VARIABLE) 到待查找列表 [register_node_list:385] [unilabos.utils.log.post_process]
26-07-30 [23:09:25,569] [DEBUG] 添加节点 "传感器状态_上位机[3].NO[2]" (NodeType.VARIABLE) 到待查找列表 [register_node_list:385] [unilabos.utils.log.post_process]
26-07-30 [23:09:25,569] [DEBUG] 添加节点 "传感器状态_上位机[3].NO[3]" (NodeType.VARIABLE) 到待查找列表 [register_node_list:385] [unilabos.utils.log.post_process]
26-07-30 [23:09:25,569] [DEBUG] 添加节点 "传感器状态_上位机[3].NO[4]" (NodeType.VARIABLE) 到待查找列表 [register_node_list:385] [unilabos.utils.log.post_process]
26-07-30 [23:09:25,569] [DEBUG] 添加节点 "传感器状态_上位机[3].NO[5]" (NodeType.VARIABLE) 到待查找列表 [register_node_list:385] [unilabos.utils.log.post_process]
26-07-30 [23:09:25,569] [DEBUG] 添加节点 "传感器状态_上位机[3].NO[6]" (NodeType.VARIABLE) 到待查找列表 [register_node_list:385] [unilabos.utils.log.post_process]
26-07-30 [23:09:25,569] [DEBUG] 添加节点 "传感器状态_上位机[3].NO[7]" (NodeType.VARIABLE) 到待查找列表 [register_node_list:385] [unilabos.utils.log.post_process]
26-07-30 [23:09:25,569] [DEBUG] 添加节点 "传感器状态_上位机[3].NO[8]" (NodeType.VARIABLE) 到待查找列表 [register_node_list:385] [unilabos.utils.log.post_process]
26-07-30 [23:09:25,569] [DEBUG] 添加节点 "传感器状态_上位机[3].NO[9]" (NodeType.VARIABLE) 到待查找列表 [register_node_list:385] [unilabos.utils.log.post_process]
26-07-30 [23:09:25,569] [DEBUG] 添加节点 "传感器状态_上位机[3].NO[10]" (NodeType.VARIABLE) 到待查找列表 [register_node_list:385] [unilabos.utils.log.post_process]
26-07-30 [23:09:25,569] [DEBUG] 添加节点 "传感器状态_上位机[3].NO[11]" (NodeType.VARIABLE) 到待查找列表 [register_node_list:385] [unilabos.utils.log.post_process]
26-07-30 [23:09:25,569] [DEBUG] 添加节点 "传感器状态_上位机[3].NO[12]" (NodeType.VARIABLE) 到待查找列表 [register_node_list:385] [unilabos.utils.log.post_process]
26-07-30 [23:09:25,569] [DEBUG] 添加节点 "传感器状态_上位机[3].NO[13]" (NodeType.VARIABLE) 到待查找列表 [register_node_list:385] [unilabos.utils.log.post_process]
26-07-30 [23:09:25,569] [DEBUG] 添加节点 "传感器状态_上位机[3].NO[14]" (NodeType.VARIABLE) 到待查找列表 [register_node_list:385] [unilabos.utils.log.post_process]
26-07-30 [23:09:25,569] [DEBUG] 添加节点 "传感器状态_上位机[3].NO[15]" (NodeType.VARIABLE) 到待查找列表 [register_node_list:385] [unilabos.utils.log.post_process]
26-07-30 [23:09:25,569] [DEBUG] 添加节点 "传感器状态_上位机[4]" (NodeType.VARIABLE) 到待查找列表 [register_node_list:385] [unilabos.utils.log.post_process]
26-07-30 [23:09:25,569] [DEBUG] 添加节点 "传感器状态_上位机[4].NO" (NodeType.VARIABLE) 到待查找列表 [register_node_list:385] [unilabos.utils.log.post_process]
26-07-30 [23:09:25,569] [DEBUG] 添加节点 "传感器状态_上位机[4].NO[0]" (NodeType.VARIABLE) 到待查找列表 [register_node_list:385] [unilabos.utils.log.post_process]
26-07-30 [23:09:25,569] [DEBUG] 添加节点 "传感器状态_上位机[4].NO[1]" (NodeType.VARIABLE) 到待查找列表 [register_node_list:385] [unilabos.utils.log.post_process]
26-07-30 [23:09:25,569] [DEBUG] 添加节点 "传感器状态_上位机[4].NO[2]" (NodeType.VARIABLE) 到待查找列表 [register_node_list:385] [unilabos.utils.log.post_process]
26-07-30 [23:09:25,569] [DEBUG] 添加节点 "传感器状态_上位机[4].NO[3]" (NodeType.VARIABLE) 到待查找列表 [register_node_list:385] [unilabos.utils.log.post_process]
26-07-30 [23:09:25,569] [DEBUG] 添加节点 "传感器状态_上位机[4].NO[4]" (NodeType.VARIABLE) 到待查找列表 [register_node_list:385] [unilabos.utils.log.post_process]
26-07-30 [23:09:25,569] [DEBUG] 添加节点 "传感器状态_上位机[4].NO[5]" (NodeType.VARIABLE) 到待查找列表 [register_node_list:385] [unilabos.utils.log.post_process]
26-07-30 [23:09:25,569] [DEBUG] 添加节点 "传感器状态_上位机[4].NO[6]" (NodeType.VARIABLE) 到待查找列表 [register_node_list:385] [unilabos.utils.log.post_process]
26-07-30 [23:09:25,569] [DEBUG] 添加节点 "传感器状态_上位机[4].NO[7]" (NodeType.VARIABLE) 到待查找列表 [register_node_list:385] [unilabos.utils.log.post_process]
26-07-30 [23:09:25,569] [DEBUG] 添加节点 "传感器状态_上位机[4].NO[8]" (NodeType.VARIABLE) 到待查找列表 [register_node_list:385] [unilabos.utils.log.post_process]
26-07-30 [23:09:25,569] [DEBUG] 添加节点 "传感器状态_上位机[4].NO[9]" (NodeType.VARIABLE) 到待查找列表 [register_node_list:385] [unilabos.utils.log.post_process]
26-07-30 [23:09:25,569] [DEBUG] 添加节点 "传感器状态_上位机[4].NO[10]" (NodeType.VARIABLE) 到待查找列表 [register_node_list:385] [unilabos.utils.log.post_process]
26-07-30 [23:09:25,569] [DEBUG] 添加节点 "传感器状态_上位机[4].NO[11]" (NodeType.VARIABLE) 到待查找列表 [register_node_list:385] [unilabos.utils.log.post_process]
26-07-30 [23:09:25,569] [DEBUG] 添加节点 "传感器状态_上位机[4].NO[12]" (NodeType.VARIABLE) 到待查找列表 [register_node_list:385] [unilabos.utils.log.post_process]
26-07-30 [23:09:25,569] [DEBUG] 添加节点 "传感器状态_上位机[4].NO[13]" (NodeType.VARIABLE) 到待查找列表 [register_node_list:385] [unilabos.utils.log.post_process]
26-07-30 [23:09:25,569] [DEBUG] 添加节点 "传感器状态_上位机[4].NO[14]" (NodeType.VARIABLE) 到待查找列表 [register_node_list:385] [unilabos.utils.log.post_process]
26-07-30 [23:09:25,569] [DEBUG] 添加节点 "传感器状态_上位机[4].NO[15]" (NodeType.VARIABLE) 到待查找列表 [register_node_list:385] [unilabos.utils.log.post_process]
26-07-30 [23:09:25,569] [DEBUG] 添加节点 "传感器状态_上位机[5]" (NodeType.VARIABLE) 到待查找列表 [register_node_list:385] [unilabos.utils.log.post_process]
26-07-30 [23:09:25,569] [DEBUG] 添加节点 "传感器状态_上位机[5].NO" (NodeType.VARIABLE) 到待查找列表 [register_node_list:385] [unilabos.utils.log.post_process]
26-07-30 [23:09:25,569] [DEBUG] 添加节点 "传感器状态_上位机[5].NO[0]" (NodeType.VARIABLE) 到待查找列表 [register_node_list:385] [unilabos.utils.log.post_process]
26-07-30 [23:09:25,569] [DEBUG] 添加节点 "传感器状态_上位机[5].NO[1]" (NodeType.VARIABLE) 到待查找列表 [register_node_list:385] [unilabos.utils.log.post_process]
26-07-30 [23:09:25,569] [DEBUG] 添加节点 "传感器状态_上位机[5].NO[2]" (NodeType.VARIABLE) 到待查找列表 [register_node_list:385] [unilabos.utils.log.post_process]
26-07-30 [23:09:25,569] [DEBUG] 添加节点 "传感器状态_上位机[5].NO[3]" (NodeType.VARIABLE) 到待查找列表 [register_node_list:385] [unilabos.utils.log.post_process]
26-07-30 [23:09:25,569] [DEBUG] 添加节点 "传感器状态_上位机[5].NO[4]" (NodeType.VARIABLE) 到待查找列表 [register_node_list:385] [unilabos.utils.log.post_process]
26-07-30 [23:09:25,569] [DEBUG] 添加节点 "传感器状态_上位机[5].NO[5]" (NodeType.VARIABLE) 到待查找列表 [register_node_list:385] [unilabos.utils.log.post_process]
26-07-30 [23:09:25,569] [DEBUG] 添加节点 "传感器状态_上位机[5].NO[6]" (NodeType.VARIABLE) 到待查找列表 [register_node_list:385] [unilabos.utils.log.post_process]
26-07-30 [23:09:25,569] [DEBUG] 添加节点 "传感器状态_上位机[5].NO[7]" (NodeType.VARIABLE) 到待查找列表 [register_node_list:385] [unilabos.utils.log.post_process]
26-07-30 [23:09:25,569] [DEBUG] 添加节点 "传感器状态_上位机[5].NO[8]" (NodeType.VARIABLE) 到待查找列表 [register_node_list:385] [unilabos.utils.log.post_process]
26-07-30 [23:09:25,569] [DEBUG] 添加节点 "传感器状态_上位机[5].NO[9]" (NodeType.VARIABLE) 到待查找列表 [register_node_list:385] [unilabos.utils.log.post_process]
26-07-30 [23:09:25,569] [DEBUG] 添加节点 "传感器状态_上位机[5].NO[10]" (NodeType.VARIABLE) 到待查找列表 [register_node_list:385] [unilabos.utils.log.post_process]
26-07-30 [23:09:25,569] [DEBUG] 添加节点 "传感器状态_上位机[5].NO[11]" (NodeType.VARIABLE) 到待查找列表 [register_node_list:385] [unilabos.utils.log.post_process]
26-07-30 [23:09:25,569] [DEBUG] 添加节点 "传感器状态_上位机[5].NO[12]" (NodeType.VARIABLE) 到待查找列表 [register_node_list:385] [unilabos.utils.log.post_process]
26-07-30 [23:09:25,569] [DEBUG] 添加节点 "传感器状态_上位机[5].NO[13]" (NodeType.VARIABLE) 到待查找列表 [register_node_list:385] [unilabos.utils.log.post_process]
26-07-30 [23:09:25,569] [DEBUG] 添加节点 "传感器状态_上位机[5].NO[14]" (NodeType.VARIABLE) 到待查找列表 [register_node_list:385] [unilabos.utils.log.post_process]
26-07-30 [23:09:25,569] [DEBUG] 添加节点 "传感器状态_上位机[5].NO[15]" (NodeType.VARIABLE) 到待查找列表 [register_node_list:385] [unilabos.utils.log.post_process]
26-07-30 [23:09:25,569] [DEBUG] 添加节点 "传感器状态_上位机[6]" (NodeType.VARIABLE) 到待查找列表 [register_node_list:385] [unilabos.utils.log.post_process]
26-07-30 [23:09:25,569] [DEBUG] 添加节点 "传感器状态_上位机[6].NO" (NodeType.VARIABLE) 到待查找列表 [register_node_list:385] [unilabos.utils.log.post_process]
26-07-30 [23:09:25,569] [DEBUG] 添加节点 "传感器状态_上位机[6].NO[0]" (NodeType.VARIABLE) 到待查找列表 [register_node_list:385] [unilabos.utils.log.post_process]
26-07-30 [23:09:25,569] [DEBUG] 添加节点 "传感器状态_上位机[6].NO[1]" (NodeType.VARIABLE) 到待查找列表 [register_node_list:385] [unilabos.utils.log.post_process]
26-07-30 [23:09:25,570] [DEBUG] 添加节点 "传感器状态_上位机[6].NO[2]" (NodeType.VARIABLE) 到待查找列表 [register_node_list:385] [unilabos.utils.log.post_process]
26-07-30 [23:09:25,570] [DEBUG] 添加节点 "传感器状态_上位机[6].NO[3]" (NodeType.VARIABLE) 到待查找列表 [register_node_list:385] [unilabos.utils.log.post_process]
26-07-30 [23:09:25,570] [DEBUG] 添加节点 "传感器状态_上位机[6].NO[4]" (NodeType.VARIABLE) 到待查找列表 [register_node_list:385] [unilabos.utils.log.post_process]
26-07-30 [23:09:25,570] [DEBUG] 添加节点 "传感器状态_上位机[6].NO[5]" (NodeType.VARIABLE) 到待查找列表 [register_node_list:385] [unilabos.utils.log.post_process]
26-07-30 [23:09:25,570] [DEBUG] 添加节点 "传感器状态_上位机[6].NO[6]" (NodeType.VARIABLE) 到待查找列表 [register_node_list:385] [unilabos.utils.log.post_process]
26-07-30 [23:09:25,570] [DEBUG] 添加节点 "传感器状态_上位机[6].NO[7]" (NodeType.VARIABLE) 到待查找列表 [register_node_list:385] [unilabos.utils.log.post_process]
26-07-30 [23:09:25,570] [DEBUG] 添加节点 "传感器状态_上位机[6].NO[8]" (NodeType.VARIABLE) 到待查找列表 [register_node_list:385] [unilabos.utils.log.post_process]
26-07-30 [23:09:25,570] [DEBUG] 添加节点 "传感器状态_上位机[6].NO[9]" (NodeType.VARIABLE) 到待查找列表 [register_node_list:385] [unilabos.utils.log.post_process]
26-07-30 [23:09:25,570] [DEBUG] 添加节点 "传感器状态_上位机[6].NO[10]" (NodeType.VARIABLE) 到待查找列表 [register_node_list:385] [unilabos.utils.log.post_process]
26-07-30 [23:09:25,570] [DEBUG] 添加节点 "传感器状态_上位机[6].NO[11]" (NodeType.VARIABLE) 到待查找列表 [register_node_list:385] [unilabos.utils.log.post_process]
26-07-30 [23:09:25,570] [DEBUG] 添加节点 "传感器状态_上位机[6].NO[12]" (NodeType.VARIABLE) 到待查找列表 [register_node_list:385] [unilabos.utils.log.post_process]
26-07-30 [23:09:25,570] [DEBUG] 添加节点 "传感器状态_上位机[6].NO[13]" (NodeType.VARIABLE) 到待查找列表 [register_node_list:385] [unilabos.utils.log.post_process]
26-07-30 [23:09:25,570] [DEBUG] 添加节点 "传感器状态_上位机[6].NO[14]" (NodeType.VARIABLE) 到待查找列表 [register_node_list:385] [unilabos.utils.log.post_process]
26-07-30 [23:09:25,570] [DEBUG] 添加节点 "传感器状态_上位机[6].NO[15]" (NodeType.VARIABLE) 到待查找列表 [register_node_list:385] [unilabos.utils.log.post_process]
26-07-30 [23:09:25,570] [DEBUG] 添加节点 "传感器状态_上位机[7]" (NodeType.VARIABLE) 到待查找列表 [register_node_list:385] [unilabos.utils.log.post_process]
26-07-30 [23:09:25,570] [DEBUG] 添加节点 "传感器状态_上位机[7].NO" (NodeType.VARIABLE) 到待查找列表 [register_node_list:385] [unilabos.utils.log.post_process]
26-07-30 [23:09:25,570] [DEBUG] 添加节点 "传感器状态_上位机[7].NO[0]" (NodeType.VARIABLE) 到待查找列表 [register_node_list:385] [unilabos.utils.log.post_process]
26-07-30 [23:09:25,570] [DEBUG] 添加节点 "传感器状态_上位机[7].NO[1]" (NodeType.VARIABLE) 到待查找列表 [register_node_list:385] [unilabos.utils.log.post_process]
26-07-30 [23:09:25,570] [DEBUG] 添加节点 "传感器状态_上位机[7].NO[2]" (NodeType.VARIABLE) 到待查找列表 [register_node_list:385] [unilabos.utils.log.post_process]
26-07-30 [23:09:25,570] [DEBUG] 添加节点 "传感器状态_上位机[7].NO[3]" (NodeType.VARIABLE) 到待查找列表 [register_node_list:385] [unilabos.utils.log.post_process]
26-07-30 [23:09:25,570] [DEBUG] 添加节点 "传感器状态_上位机[7].NO[4]" (NodeType.VARIABLE) 到待查找列表 [register_node_list:385] [unilabos.utils.log.post_process]
26-07-30 [23:09:25,570] [DEBUG] 添加节点 "传感器状态_上位机[7].NO[5]" (NodeType.VARIABLE) 到待查找列表 [register_node_list:385] [unilabos.utils.log.post_process]
26-07-30 [23:09:25,570] [DEBUG] 添加节点 "传感器状态_上位机[7].NO[6]" (NodeType.VARIABLE) 到待查找列表 [register_node_list:385] [unilabos.utils.log.post_process]
26-07-30 [23:09:25,570] [DEBUG] 添加节点 "传感器状态_上位机[7].NO[7]" (NodeType.VARIABLE) 到待查找列表 [register_node_list:385] [unilabos.utils.log.post_process]
26-07-30 [23:09:25,570] [DEBUG] 添加节点 "传感器状态_上位机[7].NO[8]" (NodeType.VARIABLE) 到待查找列表 [register_node_list:385] [unilabos.utils.log.post_process]
26-07-30 [23:09:25,570] [DEBUG] 添加节点 "传感器状态_上位机[7].NO[9]" (NodeType.VARIABLE) 到待查找列表 [register_node_list:385] [unilabos.utils.log.post_process]
26-07-30 [23:09:25,570] [DEBUG] 添加节点 "传感器状态_上位机[7].NO[10]" (NodeType.VARIABLE) 到待查找列表 [register_node_list:385] [unilabos.utils.log.post_process]
26-07-30 [23:09:25,570] [DEBUG] 添加节点 "传感器状态_上位机[7].NO[11]" (NodeType.VARIABLE) 到待查找列表 [register_node_list:385] [unilabos.utils.log.post_process]
26-07-30 [23:09:25,570] [DEBUG] 添加节点 "传感器状态_上位机[7].NO[12]" (NodeType.VARIABLE) 到待查找列表 [register_node_list:385] [unilabos.utils.log.post_process]
26-07-30 [23:09:25,570] [DEBUG] 添加节点 "传感器状态_上位机[7].NO[13]" (NodeType.VARIABLE) 到待查找列表 [register_node_list:385] [unilabos.utils.log.post_process]
26-07-30 [23:09:25,570] [DEBUG] 添加节点 "传感器状态_上位机[7].NO[14]" (NodeType.VARIABLE) 到待查找列表 [register_node_list:385] [unilabos.utils.log.post_process]
26-07-30 [23:09:25,570] [DEBUG] 添加节点 "传感器状态_上位机[7].NO[15]" (NodeType.VARIABLE) 到待查找列表 [register_node_list:385] [unilabos.utils.log.post_process]
26-07-30 [23:09:25,570] [DEBUG] 添加节点 "传感器状态_上位机[8]" (NodeType.VARIABLE) 到待查找列表 [register_node_list:385] [unilabos.utils.log.post_process]
26-07-30 [23:09:25,570] [DEBUG] 添加节点 "传感器状态_上位机[8].NO" (NodeType.VARIABLE) 到待查找列表 [register_node_list:385] [unilabos.utils.log.post_process]
26-07-30 [23:09:25,570] [DEBUG] 添加节点 "传感器状态_上位机[8].NO[0]" (NodeType.VARIABLE) 到待查找列表 [register_node_list:385] [unilabos.utils.log.post_process]
26-07-30 [23:09:25,570] [DEBUG] 添加节点 "传感器状态_上位机[8].NO[1]" (NodeType.VARIABLE) 到待查找列表 [register_node_list:385] [unilabos.utils.log.post_process]
26-07-30 [23:09:25,570] [DEBUG] 添加节点 "传感器状态_上位机[8].NO[2]" (NodeType.VARIABLE) 到待查找列表 [register_node_list:385] [unilabos.utils.log.post_process]
26-07-30 [23:09:25,570] [DEBUG] 添加节点 "传感器状态_上位机[8].NO[3]" (NodeType.VARIABLE) 到待查找列表 [register_node_list:385] [unilabos.utils.log.post_process]
26-07-30 [23:09:25,570] [DEBUG] 添加节点 "传感器状态_上位机[8].NO[4]" (NodeType.VARIABLE) 到待查找列表 [register_node_list:385] [unilabos.utils.log.post_process]
26-07-30 [23:09:25,570] [DEBUG] 添加节点 "传感器状态_上位机[8].NO[5]" (NodeType.VARIABLE) 到待查找列表 [register_node_list:385] [unilabos.utils.log.post_process]
26-07-30 [23:09:25,570] [DEBUG] 添加节点 "传感器状态_上位机[8].NO[6]" (NodeType.VARIABLE) 到待查找列表 [register_node_list:385] [unilabos.utils.log.post_process]
26-07-30 [23:09:25,570] [DEBUG] 添加节点 "传感器状态_上位机[8].NO[7]" (NodeType.VARIABLE) 到待查找列表 [register_node_list:385] [unilabos.utils.log.post_process]
26-07-30 [23:09:25,570] [DEBUG] 添加节点 "传感器状态_上位机[8].NO[8]" (NodeType.VARIABLE) 到待查找列表 [register_node_list:385] [unilabos.utils.log.post_process]
26-07-30 [23:09:25,570] [DEBUG] 添加节点 "传感器状态_上位机[8].NO[9]" (NodeType.VARIABLE) 到待查找列表 [register_node_list:385] [unilabos.utils.log.post_process]
26-07-30 [23:09:25,570] [DEBUG] 添加节点 "传感器状态_上位机[8].NO[10]" (NodeType.VARIABLE) 到待查找列表 [register_node_list:385] [unilabos.utils.log.post_process]
26-07-30 [23:09:25,570] [DEBUG] 添加节点 "传感器状态_上位机[8].NO[11]" (NodeType.VARIABLE) 到待查找列表 [register_node_list:385] [unilabos.utils.log.post_process]
26-07-30 [23:09:25,570] [DEBUG] 添加节点 "传感器状态_上位机[8].NO[12]" (NodeType.VARIABLE) 到待查找列表 [register_node_list:385] [unilabos.utils.log.post_process]
26-07-30 [23:09:25,570] [DEBUG] 添加节点 "传感器状态_上位机[8].NO[13]" (NodeType.VARIABLE) 到待查找列表 [register_node_list:385] [unilabos.utils.log.post_process]
26-07-30 [23:09:25,570] [DEBUG] 添加节点 "传感器状态_上位机[8].NO[14]" (NodeType.VARIABLE) 到待查找列表 [register_node_list:385] [unilabos.utils.log.post_process]
26-07-30 [23:09:25,570] [DEBUG] 添加节点 "传感器状态_上位机[8].NO[15]" (NodeType.VARIABLE) 到待查找列表 [register_node_list:385] [unilabos.utils.log.post_process]
26-07-30 [23:09:25,570] [DEBUG] 添加节点 "传感器状态_上位机[9]" (NodeType.VARIABLE) 到待查找列表 [register_node_list:385] [unilabos.utils.log.post_process]
26-07-30 [23:09:25,570] [DEBUG] 添加节点 "传感器状态_上位机[9].NO" (NodeType.VARIABLE) 到待查找列表 [register_node_list:385] [unilabos.utils.log.post_process]
26-07-30 [23:09:25,570] [DEBUG] 添加节点 "传感器状态_上位机[9].NO[0]" (NodeType.VARIABLE) 到待查找列表 [register_node_list:385] [unilabos.utils.log.post_process]
26-07-30 [23:09:25,570] [DEBUG] 添加节点 "传感器状态_上位机[9].NO[1]" (NodeType.VARIABLE) 到待查找列表 [register_node_list:385] [unilabos.utils.log.post_process]
26-07-30 [23:09:25,570] [DEBUG] 添加节点 "传感器状态_上位机[9].NO[2]" (NodeType.VARIABLE) 到待查找列表 [register_node_list:385] [unilabos.utils.log.post_process]
26-07-30 [23:09:25,570] [DEBUG] 添加节点 "传感器状态_上位机[9].NO[3]" (NodeType.VARIABLE) 到待查找列表 [register_node_list:385] [unilabos.utils.log.post_process]
26-07-30 [23:09:25,570] [DEBUG] 添加节点 "传感器状态_上位机[9].NO[4]" (NodeType.VARIABLE) 到待查找列表 [register_node_list:385] [unilabos.utils.log.post_process]
26-07-30 [23:09:25,570] [DEBUG] 添加节点 "传感器状态_上位机[9].NO[5]" (NodeType.VARIABLE) 到待查找列表 [register_node_list:385] [unilabos.utils.log.post_process]
26-07-30 [23:09:25,570] [DEBUG] 添加节点 "传感器状态_上位机[9].NO[6]" (NodeType.VARIABLE) 到待查找列表 [register_node_list:385] [unilabos.utils.log.post_process]
26-07-30 [23:09:25,570] [DEBUG] 添加节点 "传感器状态_上位机[9].NO[7]" (NodeType.VARIABLE) 到待查找列表 [register_node_list:385] [unilabos.utils.log.post_process]
26-07-30 [23:09:25,570] [DEBUG] 添加节点 "传感器状态_上位机[9].NO[8]" (NodeType.VARIABLE) 到待查找列表 [register_node_list:385] [unilabos.utils.log.post_process]
26-07-30 [23:09:25,570] [DEBUG] 添加节点 "传感器状态_上位机[9].NO[9]" (NodeType.VARIABLE) 到待查找列表 [register_node_list:385] [unilabos.utils.log.post_process]
26-07-30 [23:09:25,570] [DEBUG] 添加节点 "传感器状态_上位机[9].NO[10]" (NodeType.VARIABLE) 到待查找列表 [register_node_list:385] [unilabos.utils.log.post_process]
26-07-30 [23:09:25,570] [DEBUG] 添加节点 "传感器状态_上位机[9].NO[11]" (NodeType.VARIABLE) 到待查找列表 [register_node_list:385] [unilabos.utils.log.post_process]
26-07-30 [23:09:25,570] [DEBUG] 添加节点 "传感器状态_上位机[9].NO[12]" (NodeType.VARIABLE) 到待查找列表 [register_node_list:385] [unilabos.utils.log.post_process]
26-07-30 [23:09:25,570] [DEBUG] 添加节点 "传感器状态_上位机[9].NO[13]" (NodeType.VARIABLE) 到待查找列表 [register_node_list:385] [unilabos.utils.log.post_process]
26-07-30 [23:09:25,570] [DEBUG] 添加节点 "传感器状态_上位机[9].NO[14]" (NodeType.VARIABLE) 到待查找列表 [register_node_list:385] [unilabos.utils.log.post_process]
26-07-30 [23:09:25,570] [DEBUG] 添加节点 "传感器状态_上位机[9].NO[15]" (NodeType.VARIABLE) 到待查找列表 [register_node_list:385] [unilabos.utils.log.post_process]
26-07-30 [23:09:25,570] [DEBUG] 添加节点 "物料二维码_上位机" (NodeType.VARIABLE) 到待查找列表 [register_node_list:385] [unilabos.utils.log.post_process]
26-07-30 [23:09:25,570] [DEBUG] 添加节点 "物料二维码_上位机[0]" (NodeType.VARIABLE) 到待查找列表 [register_node_list:385] [unilabos.utils.log.post_process]
26-07-30 [23:09:25,570] [DEBUG] 添加节点 "物料二维码_上位机[1]" (NodeType.VARIABLE) 到待查找列表 [register_node_list:385] [unilabos.utils.log.post_process]
26-07-30 [23:09:25,570] [DEBUG] 添加节点 "物料二维码_上位机[2]" (NodeType.VARIABLE) 到待查找列表 [register_node_list:385] [unilabos.utils.log.post_process]
26-07-30 [23:09:25,570] [DEBUG] 添加节点 "物料二维码_上位机[3]" (NodeType.VARIABLE) 到待查找列表 [register_node_list:385] [unilabos.utils.log.post_process]
26-07-30 [23:09:25,570] [DEBUG] 添加节点 "物料二维码_上位机[4]" (NodeType.VARIABLE) 到待查找列表 [register_node_list:385] [unilabos.utils.log.post_process]
26-07-30 [23:09:25,570] [DEBUG] 添加节点 "物料二维码_上位机[5]" (NodeType.VARIABLE) 到待查找列表 [register_node_list:385] [unilabos.utils.log.post_process]
26-07-30 [23:09:25,570] [DEBUG] 添加节点 "物料二维码_上位机[6]" (NodeType.VARIABLE) 到待查找列表 [register_node_list:385] [unilabos.utils.log.post_process]
26-07-30 [23:09:25,570] [DEBUG] 添加节点 "物料二维码_上位机[7]" (NodeType.VARIABLE) 到待查找列表 [register_node_list:385] [unilabos.utils.log.post_process]
26-07-30 [23:09:25,570] [DEBUG] 添加节点 "物料二维码_上位机[8]" (NodeType.VARIABLE) 到待查找列表 [register_node_list:385] [unilabos.utils.log.post_process]
26-07-30 [23:09:25,570] [DEBUG] 添加节点 "物料二维码_上位机[9]" (NodeType.VARIABLE) 到待查找列表 [register_node_list:385] [unilabos.utils.log.post_process]
26-07-30 [23:09:25,570] [DEBUG] 添加节点 "物料二维码_上位机[10]" (NodeType.VARIABLE) 到待查找列表 [register_node_list:385] [unilabos.utils.log.post_process]
26-07-30 [23:09:25,570] [DEBUG] 添加节点 "物料二维码_上位机[11]" (NodeType.VARIABLE) 到待查找列表 [register_node_list:385] [unilabos.utils.log.post_process]
26-07-30 [23:09:25,570] [DEBUG] 添加节点 "物料二维码_上位机[12]" (NodeType.VARIABLE) 到待查找列表 [register_node_list:385] [unilabos.utils.log.post_process]
26-07-30 [23:09:25,570] [DEBUG] 添加节点 "物料二维码_上位机[13]" (NodeType.VARIABLE) 到待查找列表 [register_node_list:385] [unilabos.utils.log.post_process]
26-07-30 [23:09:25,570] [DEBUG] 添加节点 "物料二维码_上位机[14]" (NodeType.VARIABLE) 到待查找列表 [register_node_list:385] [unilabos.utils.log.post_process]
26-07-30 [23:09:25,570] [DEBUG] 添加节点 "物料二维码_上位机[15]" (NodeType.VARIABLE) 到待查找列表 [register_node_list:385] [unilabos.utils.log.post_process]
26-07-30 [23:09:25,570] [DEBUG] 添加节点 "物料二维码_上位机[16]" (NodeType.VARIABLE) 到待查找列表 [register_node_list:385] [unilabos.utils.log.post_process]
26-07-30 [23:09:25,570] [DEBUG] 添加节点 "物料二维码_上位机[17]" (NodeType.VARIABLE) 到待查找列表 [register_node_list:385] [unilabos.utils.log.post_process]
26-07-30 [23:09:25,570] [DEBUG] 添加节点 "物料二维码_上位机[18]" (NodeType.VARIABLE) 到待查找列表 [register_node_list:385] [unilabos.utils.log.post_process]
26-07-30 [23:09:25,570] [DEBUG] 添加节点 "物料二维码_上位机[19]" (NodeType.VARIABLE) 到待查找列表 [register_node_list:385] [unilabos.utils.log.post_process]
26-07-30 [23:09:25,570] [DEBUG] 添加节点 "物料二维码_上位机[20]" (NodeType.VARIABLE) 到待查找列表 [register_node_list:385] [unilabos.utils.log.post_process]
26-07-30 [23:09:25,570] [DEBUG] 添加节点 "物料二维码_上位机[21]" (NodeType.VARIABLE) 到待查找列表 [register_node_list:385] [unilabos.utils.log.post_process]
26-07-30 [23:09:25,570] [DEBUG] 添加节点 "物料二维码_上位机[22]" (NodeType.VARIABLE) 到待查找列表 [register_node_list:385] [unilabos.utils.log.post_process]
26-07-30 [23:09:25,570] [DEBUG] 添加节点 "物料二维码_上位机[23]" (NodeType.VARIABLE) 到待查找列表 [register_node_list:385] [unilabos.utils.log.post_process]
26-07-30 [23:09:25,570] [DEBUG] 添加节点 "物料二维码_上位机[24]" (NodeType.VARIABLE) 到待查找列表 [register_node_list:385] [unilabos.utils.log.post_process]
26-07-30 [23:09:25,570] [DEBUG] 添加节点 "物料二维码_上位机[25]" (NodeType.VARIABLE) 到待查找列表 [register_node_list:385] [unilabos.utils.log.post_process]
26-07-30 [23:09:25,571] [DEBUG] 添加节点 "物料二维码_上位机[26]" (NodeType.VARIABLE) 到待查找列表 [register_node_list:385] [unilabos.utils.log.post_process]
26-07-30 [23:09:25,571] [DEBUG] 添加节点 "物料二维码_上位机[27]" (NodeType.VARIABLE) 到待查找列表 [register_node_list:385] [unilabos.utils.log.post_process]
26-07-30 [23:09:25,571] [DEBUG] 添加节点 "物料二维码_上位机[28]" (NodeType.VARIABLE) 到待查找列表 [register_node_list:385] [unilabos.utils.log.post_process]
26-07-30 [23:09:25,571] [DEBUG] 添加节点 "物料二维码_上位机[29]" (NodeType.VARIABLE) 到待查找列表 [register_node_list:385] [unilabos.utils.log.post_process]
26-07-30 [23:09:25,571] [DEBUG] 添加节点 "S041准备信号" (NodeType.VARIABLE) 到待查找列表 [register_node_list:385] [unilabos.utils.log.post_process]
26-07-30 [23:09:25,571] [DEBUG] 添加节点 "S041磁搅状态" (NodeType.VARIABLE) 到待查找列表 [register_node_list:385] [unilabos.utils.log.post_process]
26-07-30 [23:09:25,571] [DEBUG] 添加节点 "S041允许加工" (NodeType.VARIABLE) 到待查找列表 [register_node_list:385] [unilabos.utils.log.post_process]
26-07-30 [23:09:25,571] [DEBUG] 添加节点 "S041磁搅工艺选择" (NodeType.VARIABLE) 到待查找列表 [register_node_list:385] [unilabos.utils.log.post_process]
26-07-30 [23:09:25,571] [DEBUG] 添加节点 "S041参数写入完成" (NodeType.VARIABLE) 到待查找列表 [register_node_list:385] [unilabos.utils.log.post_process]
26-07-30 [23:09:25,571] [DEBUG] 添加节点 "S041加工完成" (NodeType.VARIABLE) 到待查找列表 [register_node_list:385] [unilabos.utils.log.post_process]
26-07-30 [23:09:25,571] [DEBUG] 添加节点 "S042准备信号" (NodeType.VARIABLE) 到待查找列表 [register_node_list:385] [unilabos.utils.log.post_process]
26-07-30 [23:09:25,571] [DEBUG] 添加节点 "S042磁搅状态" (NodeType.VARIABLE) 到待查找列表 [register_node_list:385] [unilabos.utils.log.post_process]
26-07-30 [23:09:25,571] [DEBUG] 添加节点 "S042允许加工" (NodeType.VARIABLE) 到待查找列表 [register_node_list:385] [unilabos.utils.log.post_process]
26-07-30 [23:09:25,571] [DEBUG] 添加节点 "S042磁搅工艺选择" (NodeType.VARIABLE) 到待查找列表 [register_node_list:385] [unilabos.utils.log.post_process]
26-07-30 [23:09:25,571] [DEBUG] 添加节点 "S042参数写入完成" (NodeType.VARIABLE) 到待查找列表 [register_node_list:385] [unilabos.utils.log.post_process]
26-07-30 [23:09:25,571] [DEBUG] 添加节点 "S042加工完成" (NodeType.VARIABLE) 到待查找列表 [register_node_list:385] [unilabos.utils.log.post_process]
26-07-30 [23:09:25,571] [DEBUG] 添加节点 "S043准备信号" (NodeType.VARIABLE) 到待查找列表 [register_node_list:385] [unilabos.utils.log.post_process]
26-07-30 [23:09:25,571] [DEBUG] 添加节点 "S043磁搅状态" (NodeType.VARIABLE) 到待查找列表 [register_node_list:385] [unilabos.utils.log.post_process]
26-07-30 [23:09:25,571] [DEBUG] 添加节点 "S043允许加工" (NodeType.VARIABLE) 到待查找列表 [register_node_list:385] [unilabos.utils.log.post_process]
26-07-30 [23:09:25,571] [DEBUG] 添加节点 "S043磁搅工艺选择" (NodeType.VARIABLE) 到待查找列表 [register_node_list:385] [unilabos.utils.log.post_process]
26-07-30 [23:09:25,571] [DEBUG] 添加节点 "S043参数写入完成" (NodeType.VARIABLE) 到待查找列表 [register_node_list:385] [unilabos.utils.log.post_process]
26-07-30 [23:09:25,571] [DEBUG] 添加节点 "S043加工完成" (NodeType.VARIABLE) 到待查找列表 [register_node_list:385] [unilabos.utils.log.post_process]
26-07-30 [23:09:25,571] [DEBUG] 添加节点 "S044准备信号" (NodeType.VARIABLE) 到待查找列表 [register_node_list:385] [unilabos.utils.log.post_process]
26-07-30 [23:09:25,571] [DEBUG] 添加节点 "S044磁搅状态" (NodeType.VARIABLE) 到待查找列表 [register_node_list:385] [unilabos.utils.log.post_process]
26-07-30 [23:09:25,571] [DEBUG] 添加节点 "S044允许加工" (NodeType.VARIABLE) 到待查找列表 [register_node_list:385] [unilabos.utils.log.post_process]
26-07-30 [23:09:25,571] [DEBUG] 添加节点 "S044磁搅工艺选择" (NodeType.VARIABLE) 到待查找列表 [register_node_list:385] [unilabos.utils.log.post_process]
26-07-30 [23:09:25,571] [DEBUG] 添加节点 "S044参数写入完成" (NodeType.VARIABLE) 到待查找列表 [register_node_list:385] [unilabos.utils.log.post_process]
26-07-30 [23:09:25,571] [DEBUG] 添加节点 "S044加工完成" (NodeType.VARIABLE) 到待查找列表 [register_node_list:385] [unilabos.utils.log.post_process]
26-07-30 [23:09:25,571] [DEBUG] 添加节点 "S045准备信号" (NodeType.VARIABLE) 到待查找列表 [register_node_list:385] [unilabos.utils.log.post_process]
26-07-30 [23:09:25,571] [DEBUG] 添加节点 "S045磁搅状态" (NodeType.VARIABLE) 到待查找列表 [register_node_list:385] [unilabos.utils.log.post_process]
26-07-30 [23:09:25,571] [DEBUG] 添加节点 "S045允许加工" (NodeType.VARIABLE) 到待查找列表 [register_node_list:385] [unilabos.utils.log.post_process]
26-07-30 [23:09:25,571] [DEBUG] 添加节点 "S045磁搅工艺选择" (NodeType.VARIABLE) 到待查找列表 [register_node_list:385] [unilabos.utils.log.post_process]
26-07-30 [23:09:25,571] [DEBUG] 添加节点 "S045参数写入完成" (NodeType.VARIABLE) 到待查找列表 [register_node_list:385] [unilabos.utils.log.post_process]
26-07-30 [23:09:25,571] [DEBUG] 添加节点 "S045加工完成" (NodeType.VARIABLE) 到待查找列表 [register_node_list:385] [unilabos.utils.log.post_process]
26-07-30 [23:09:25,571] [DEBUG] 添加节点 "S046准备信号" (NodeType.VARIABLE) 到待查找列表 [register_node_list:385] [unilabos.utils.log.post_process]
26-07-30 [23:09:25,571] [DEBUG] 添加节点 "S046磁搅状态" (NodeType.VARIABLE) 到待查找列表 [register_node_list:385] [unilabos.utils.log.post_process]
26-07-30 [23:09:25,571] [DEBUG] 添加节点 "S046允许加工" (NodeType.VARIABLE) 到待查找列表 [register_node_list:385] [unilabos.utils.log.post_process]
26-07-30 [23:09:25,571] [DEBUG] 添加节点 "S046磁搅工艺选择" (NodeType.VARIABLE) 到待查找列表 [register_node_list:385] [unilabos.utils.log.post_process]
26-07-30 [23:09:25,571] [DEBUG] 添加节点 "S046参数写入完成" (NodeType.VARIABLE) 到待查找列表 [register_node_list:385] [unilabos.utils.log.post_process]
26-07-30 [23:09:25,571] [DEBUG] 添加节点 "S046加工完成" (NodeType.VARIABLE) 到待查找列表 [register_node_list:385] [unilabos.utils.log.post_process]
26-07-30 [23:09:25,571] [DEBUG] 添加节点 "磁搅温度反馈_上位机" (NodeType.VARIABLE) 到待查找列表 [register_node_list:385] [unilabos.utils.log.post_process]
26-07-30 [23:09:25,571] [DEBUG] 添加节点 "磁搅温度反馈_上位机[0]" (NodeType.VARIABLE) 到待查找列表 [register_node_list:385] [unilabos.utils.log.post_process]
26-07-30 [23:09:25,571] [DEBUG] 添加节点 "磁搅温度反馈_上位机[1]" (NodeType.VARIABLE) 到待查找列表 [register_node_list:385] [unilabos.utils.log.post_process]
26-07-30 [23:09:25,571] [DEBUG] 添加节点 "磁搅温度反馈_上位机[2]" (NodeType.VARIABLE) 到待查找列表 [register_node_list:385] [unilabos.utils.log.post_process]
26-07-30 [23:09:25,571] [DEBUG] 添加节点 "磁搅温度反馈_上位机[3]" (NodeType.VARIABLE) 到待查找列表 [register_node_list:385] [unilabos.utils.log.post_process]
26-07-30 [23:09:25,571] [DEBUG] 添加节点 "磁搅温度反馈_上位机[4]" (NodeType.VARIABLE) 到待查找列表 [register_node_list:385] [unilabos.utils.log.post_process]
26-07-30 [23:09:25,571] [DEBUG] 添加节点 "磁搅温度反馈_上位机[5]" (NodeType.VARIABLE) 到待查找列表 [register_node_list:385] [unilabos.utils.log.post_process]
26-07-30 [23:09:25,571] [DEBUG] 添加节点 "磁搅速度设置_上位机" (NodeType.VARIABLE) 到待查找列表 [register_node_list:385] [unilabos.utils.log.post_process]
26-07-30 [23:09:25,571] [DEBUG] 添加节点 "磁搅速度设置_上位机[0]" (NodeType.VARIABLE) 到待查找列表 [register_node_list:385] [unilabos.utils.log.post_process]
26-07-30 [23:09:25,571] [DEBUG] 添加节点 "磁搅速度设置_上位机[1]" (NodeType.VARIABLE) 到待查找列表 [register_node_list:385] [unilabos.utils.log.post_process]
26-07-30 [23:09:25,571] [DEBUG] 添加节点 "磁搅速度设置_上位机[2]" (NodeType.VARIABLE) 到待查找列表 [register_node_list:385] [unilabos.utils.log.post_process]
26-07-30 [23:09:25,571] [DEBUG] 添加节点 "磁搅速度设置_上位机[3]" (NodeType.VARIABLE) 到待查找列表 [register_node_list:385] [unilabos.utils.log.post_process]
26-07-30 [23:09:25,571] [DEBUG] 添加节点 "磁搅速度设置_上位机[4]" (NodeType.VARIABLE) 到待查找列表 [register_node_list:385] [unilabos.utils.log.post_process]
26-07-30 [23:09:25,571] [DEBUG] 添加节点 "磁搅速度设置_上位机[5]" (NodeType.VARIABLE) 到待查找列表 [register_node_list:385] [unilabos.utils.log.post_process]
26-07-30 [23:09:25,571] [DEBUG] 添加节点 "磁搅温度设置_上位机" (NodeType.VARIABLE) 到待查找列表 [register_node_list:385] [unilabos.utils.log.post_process]
26-07-30 [23:09:25,571] [DEBUG] 添加节点 "磁搅温度设置_上位机[0]" (NodeType.VARIABLE) 到待查找列表 [register_node_list:385] [unilabos.utils.log.post_process]
26-07-30 [23:09:25,571] [DEBUG] 添加节点 "磁搅温度设置_上位机[1]" (NodeType.VARIABLE) 到待查找列表 [register_node_list:385] [unilabos.utils.log.post_process]
26-07-30 [23:09:25,571] [DEBUG] 添加节点 "磁搅温度设置_上位机[2]" (NodeType.VARIABLE) 到待查找列表 [register_node_list:385] [unilabos.utils.log.post_process]
26-07-30 [23:09:25,571] [DEBUG] 添加节点 "磁搅温度设置_上位机[3]" (NodeType.VARIABLE) 到待查找列表 [register_node_list:385] [unilabos.utils.log.post_process]
26-07-30 [23:09:25,571] [DEBUG] 添加节点 "磁搅温度设置_上位机[4]" (NodeType.VARIABLE) 到待查找列表 [register_node_list:385] [unilabos.utils.log.post_process]
26-07-30 [23:09:25,571] [DEBUG] 添加节点 "磁搅温度设置_上位机[5]" (NodeType.VARIABLE) 到待查找列表 [register_node_list:385] [unilabos.utils.log.post_process]
26-07-30 [23:09:25,571] [DEBUG] 添加节点 "磁搅时间设置_上位机" (NodeType.VARIABLE) 到待查找列表 [register_node_list:385] [unilabos.utils.log.post_process]
26-07-30 [23:09:25,571] [DEBUG] 添加节点 "磁搅时间设置_上位机[0]" (NodeType.VARIABLE) 到待查找列表 [register_node_list:385] [unilabos.utils.log.post_process]
26-07-30 [23:09:25,571] [DEBUG] 添加节点 "磁搅时间设置_上位机[1]" (NodeType.VARIABLE) 到待查找列表 [register_node_list:385] [unilabos.utils.log.post_process]
26-07-30 [23:09:25,571] [DEBUG] 添加节点 "磁搅时间设置_上位机[2]" (NodeType.VARIABLE) 到待查找列表 [register_node_list:385] [unilabos.utils.log.post_process]
26-07-30 [23:09:25,571] [DEBUG] 添加节点 "磁搅时间设置_上位机[3]" (NodeType.VARIABLE) 到待查找列表 [register_node_list:385] [unilabos.utils.log.post_process]
26-07-30 [23:09:25,571] [DEBUG] 添加节点 "磁搅时间设置_上位机[4]" (NodeType.VARIABLE) 到待查找列表 [register_node_list:385] [unilabos.utils.log.post_process]
26-07-30 [23:09:25,571] [DEBUG] 添加节点 "磁搅时间设置_上位机[5]" (NodeType.VARIABLE) 到待查找列表 [register_node_list:385] [unilabos.utils.log.post_process]
26-07-30 [23:09:25,571] [DEBUG] 添加节点 "磁搅安全温度设置_上位机" (NodeType.VARIABLE) 到待查找列表 [register_node_list:385] [unilabos.utils.log.post_process]
26-07-30 [23:09:25,571] [DEBUG] 添加节点 "磁搅安全温度设置_上位机[0]" (NodeType.VARIABLE) 到待查找列表 [register_node_list:385] [unilabos.utils.log.post_process]
26-07-30 [23:09:25,571] [DEBUG] 添加节点 "磁搅安全温度设置_上位机[1]" (NodeType.VARIABLE) 到待查找列表 [register_node_list:385] [unilabos.utils.log.post_process]
26-07-30 [23:09:25,571] [DEBUG] 添加节点 "磁搅安全温度设置_上位机[2]" (NodeType.VARIABLE) 到待查找列表 [register_node_list:385] [unilabos.utils.log.post_process]
26-07-30 [23:09:25,571] [DEBUG] 添加节点 "磁搅安全温度设置_上位机[3]" (NodeType.VARIABLE) 到待查找列表 [register_node_list:385] [unilabos.utils.log.post_process]
26-07-30 [23:09:25,571] [DEBUG] 添加节点 "磁搅安全温度设置_上位机[4]" (NodeType.VARIABLE) 到待查找列表 [register_node_list:385] [unilabos.utils.log.post_process]
26-07-30 [23:09:25,571] [DEBUG] 添加节点 "磁搅安全温度设置_上位机[5]" (NodeType.VARIABLE) 到待查找列表 [register_node_list:385] [unilabos.utils.log.post_process]
26-07-30 [23:09:25,571] [DEBUG] 添加节点 "S05准备信号" (NodeType.VARIABLE) 到待查找列表 [register_node_list:385] [unilabos.utils.log.post_process]
26-07-30 [23:09:25,571] [DEBUG] 添加节点 "S05数据" (NodeType.VARIABLE) 到待查找列表 [register_node_list:385] [unilabos.utils.log.post_process]
26-07-30 [23:09:25,571] [DEBUG] 添加节点 "S05数据[0]" (NodeType.VARIABLE) 到待查找列表 [register_node_list:385] [unilabos.utils.log.post_process]
26-07-30 [23:09:25,571] [DEBUG] 添加节点 "S05数据[1]" (NodeType.VARIABLE) 到待查找列表 [register_node_list:385] [unilabos.utils.log.post_process]
26-07-30 [23:09:25,571] [DEBUG] 添加节点 "S05数据[2]" (NodeType.VARIABLE) 到待查找列表 [register_node_list:385] [unilabos.utils.log.post_process]
26-07-30 [23:09:25,571] [DEBUG] 添加节点 "S05数据[3]" (NodeType.VARIABLE) 到待查找列表 [register_node_list:385] [unilabos.utils.log.post_process]
26-07-30 [23:09:25,571] [DEBUG] 添加节点 "S05数据[4]" (NodeType.VARIABLE) 到待查找列表 [register_node_list:385] [unilabos.utils.log.post_process]
26-07-30 [23:09:25,571] [DEBUG] 添加节点 "S05数据[5]" (NodeType.VARIABLE) 到待查找列表 [register_node_list:385] [unilabos.utils.log.post_process]
26-07-30 [23:09:25,571] [DEBUG] 添加节点 "S05数据[6]" (NodeType.VARIABLE) 到待查找列表 [register_node_list:385] [unilabos.utils.log.post_process]
26-07-30 [23:09:25,571] [DEBUG] 添加节点 "S05数据[7]" (NodeType.VARIABLE) 到待查找列表 [register_node_list:385] [unilabos.utils.log.post_process]
26-07-30 [23:09:25,571] [DEBUG] 添加节点 "S05数据[8]" (NodeType.VARIABLE) 到待查找列表 [register_node_list:385] [unilabos.utils.log.post_process]
26-07-30 [23:09:25,571] [DEBUG] 添加节点 "S05数据[9]" (NodeType.VARIABLE) 到待查找列表 [register_node_list:385] [unilabos.utils.log.post_process]
26-07-30 [23:09:25,571] [DEBUG] 添加节点 "S05数据[10]" (NodeType.VARIABLE) 到待查找列表 [register_node_list:385] [unilabos.utils.log.post_process]
26-07-30 [23:09:25,571] [DEBUG] 添加节点 "S05数据[11]" (NodeType.VARIABLE) 到待查找列表 [register_node_list:385] [unilabos.utils.log.post_process]
26-07-30 [23:09:25,571] [DEBUG] 添加节点 "S05数据[12]" (NodeType.VARIABLE) 到待查找列表 [register_node_list:385] [unilabos.utils.log.post_process]
26-07-30 [23:09:25,571] [DEBUG] 添加节点 "S05数据[13]" (NodeType.VARIABLE) 到待查找列表 [register_node_list:385] [unilabos.utils.log.post_process]
26-07-30 [23:09:25,571] [DEBUG] 添加节点 "S05数据[14]" (NodeType.VARIABLE) 到待查找列表 [register_node_list:385] [unilabos.utils.log.post_process]
26-07-30 [23:09:25,571] [DEBUG] 添加节点 "S05数据[15]" (NodeType.VARIABLE) 到待查找列表 [register_node_list:385] [unilabos.utils.log.post_process]
26-07-30 [23:09:25,571] [DEBUG] 添加节点 "S05数据[16]" (NodeType.VARIABLE) 到待查找列表 [register_node_list:385] [unilabos.utils.log.post_process]
26-07-30 [23:09:25,571] [DEBUG] 添加节点 "S05数据[17]" (NodeType.VARIABLE) 到待查找列表 [register_node_list:385] [unilabos.utils.log.post_process]
26-07-30 [23:09:25,571] [DEBUG] 添加节点 "S05数据[18]" (NodeType.VARIABLE) 到待查找列表 [register_node_list:385] [unilabos.utils.log.post_process]
26-07-30 [23:09:25,571] [DEBUG] 添加节点 "S05数据[19]" (NodeType.VARIABLE) 到待查找列表 [register_node_list:385] [unilabos.utils.log.post_process]
26-07-30 [23:09:25,572] [DEBUG] 添加节点 "S05数据[20]" (NodeType.VARIABLE) 到待查找列表 [register_node_list:385] [unilabos.utils.log.post_process]
26-07-30 [23:09:25,572] [DEBUG] 添加节点 "S05数据[21]" (NodeType.VARIABLE) 到待查找列表 [register_node_list:385] [unilabos.utils.log.post_process]
26-07-30 [23:09:25,572] [DEBUG] 添加节点 "S05数据[22]" (NodeType.VARIABLE) 到待查找列表 [register_node_list:385] [unilabos.utils.log.post_process]
26-07-30 [23:09:25,572] [DEBUG] 添加节点 "S05数据[23]" (NodeType.VARIABLE) 到待查找列表 [register_node_list:385] [unilabos.utils.log.post_process]
26-07-30 [23:09:25,572] [DEBUG] 添加节点 "S05数据[24]" (NodeType.VARIABLE) 到待查找列表 [register_node_list:385] [unilabos.utils.log.post_process]
26-07-30 [23:09:25,572] [DEBUG] 添加节点 "S05数据[25]" (NodeType.VARIABLE) 到待查找列表 [register_node_list:385] [unilabos.utils.log.post_process]
26-07-30 [23:09:25,572] [DEBUG] 添加节点 "S05数据[26]" (NodeType.VARIABLE) 到待查找列表 [register_node_list:385] [unilabos.utils.log.post_process]
26-07-30 [23:09:25,572] [DEBUG] 添加节点 "S05数据[27]" (NodeType.VARIABLE) 到待查找列表 [register_node_list:385] [unilabos.utils.log.post_process]
26-07-30 [23:09:25,572] [DEBUG] 添加节点 "S05数据[28]" (NodeType.VARIABLE) 到待查找列表 [register_node_list:385] [unilabos.utils.log.post_process]
26-07-30 [23:09:25,572] [DEBUG] 添加节点 "S05数据[29]" (NodeType.VARIABLE) 到待查找列表 [register_node_list:385] [unilabos.utils.log.post_process]
26-07-30 [23:09:25,572] [DEBUG] 添加节点 "S05拍照结果" (NodeType.VARIABLE) 到待查找列表 [register_node_list:385] [unilabos.utils.log.post_process]
26-07-30 [23:09:25,572] [DEBUG] 添加节点 "S05加工完成" (NodeType.VARIABLE) 到待查找列表 [register_node_list:385] [unilabos.utils.log.post_process]
26-07-30 [23:09:25,572] [DEBUG] 添加节点 "S06准备信号" (NodeType.VARIABLE) 到待查找列表 [register_node_list:385] [unilabos.utils.log.post_process]
26-07-30 [23:09:25,572] [DEBUG] 添加节点 "S06允许加工" (NodeType.VARIABLE) 到待查找列表 [register_node_list:385] [unilabos.utils.log.post_process]
26-07-30 [23:09:25,572] [DEBUG] 添加节点 "S06工艺选择" (NodeType.VARIABLE) 到待查找列表 [register_node_list:385] [unilabos.utils.log.post_process]
26-07-30 [23:09:25,572] [DEBUG] 添加节点 "S06_1号溶液添加量" (NodeType.VARIABLE) 到待查找列表 [register_node_list:385] [unilabos.utils.log.post_process]
26-07-30 [23:09:25,572] [DEBUG] 添加节点 "S06_2号溶液添加量" (NodeType.VARIABLE) 到待查找列表 [register_node_list:385] [unilabos.utils.log.post_process]
26-07-30 [23:09:25,572] [DEBUG] 添加节点 "S06参数写入完成" (NodeType.VARIABLE) 到待查找列表 [register_node_list:385] [unilabos.utils.log.post_process]
26-07-30 [23:09:25,572] [DEBUG] 添加节点 "S06加工完成" (NodeType.VARIABLE) 到待查找列表 [register_node_list:385] [unilabos.utils.log.post_process]
26-07-30 [23:09:25,572] [DEBUG] 添加节点 "S08原点信号" (NodeType.VARIABLE) 到待查找列表 [register_node_list:385] [unilabos.utils.log.post_process]
26-07-30 [23:09:25,572] [DEBUG] 添加节点 "S082瓶盖暂存位" (NodeType.VARIABLE) 到待查找列表 [register_node_list:385] [unilabos.utils.log.post_process]
26-07-30 [23:09:25,572] [DEBUG] 添加节点 "S08允许加工" (NodeType.VARIABLE) 到待查找列表 [register_node_list:385] [unilabos.utils.log.post_process]
26-07-30 [23:09:25,572] [DEBUG] 添加节点 "S08工艺选择" (NodeType.VARIABLE) 到待查找列表 [register_node_list:385] [unilabos.utils.log.post_process]
26-07-30 [23:09:25,572] [DEBUG] 添加节点 "S08参数写入完成" (NodeType.VARIABLE) 到待查找列表 [register_node_list:385] [unilabos.utils.log.post_process]
26-07-30 [23:09:25,572] [DEBUG] 添加节点 "S08工艺完成" (NodeType.VARIABLE) 到待查找列表 [register_node_list:385] [unilabos.utils.log.post_process]
26-07-30 [23:09:25,572] [DEBUG] 添加节点 "S082_1数据缓存" (NodeType.VARIABLE) 到待查找列表 [register_node_list:385] [unilabos.utils.log.post_process]
26-07-30 [23:09:25,572] [DEBUG] 添加节点 "S082_1数据缓存[0]" (NodeType.VARIABLE) 到待查找列表 [register_node_list:385] [unilabos.utils.log.post_process]
26-07-30 [23:09:25,572] [DEBUG] 添加节点 "S082_1数据缓存[1]" (NodeType.VARIABLE) 到待查找列表 [register_node_list:385] [unilabos.utils.log.post_process]
26-07-30 [23:09:25,572] [DEBUG] 添加节点 "S082_1数据缓存[2]" (NodeType.VARIABLE) 到待查找列表 [register_node_list:385] [unilabos.utils.log.post_process]
26-07-30 [23:09:25,572] [DEBUG] 添加节点 "S082_1数据缓存[3]" (NodeType.VARIABLE) 到待查找列表 [register_node_list:385] [unilabos.utils.log.post_process]
26-07-30 [23:09:25,572] [DEBUG] 添加节点 "S082_1数据缓存[4]" (NodeType.VARIABLE) 到待查找列表 [register_node_list:385] [unilabos.utils.log.post_process]
26-07-30 [23:09:25,572] [DEBUG] 添加节点 "S082_1数据缓存[5]" (NodeType.VARIABLE) 到待查找列表 [register_node_list:385] [unilabos.utils.log.post_process]
26-07-30 [23:09:25,572] [DEBUG] 添加节点 "S082_1数据缓存[6]" (NodeType.VARIABLE) 到待查找列表 [register_node_list:385] [unilabos.utils.log.post_process]
26-07-30 [23:09:25,572] [DEBUG] 添加节点 "S082_1数据缓存[7]" (NodeType.VARIABLE) 到待查找列表 [register_node_list:385] [unilabos.utils.log.post_process]
26-07-30 [23:09:25,572] [DEBUG] 添加节点 "S082_1数据缓存[8]" (NodeType.VARIABLE) 到待查找列表 [register_node_list:385] [unilabos.utils.log.post_process]
26-07-30 [23:09:25,572] [DEBUG] 添加节点 "S082_1数据缓存[9]" (NodeType.VARIABLE) 到待查找列表 [register_node_list:385] [unilabos.utils.log.post_process]
26-07-30 [23:09:25,572] [DEBUG] 添加节点 "S082_1数据缓存[10]" (NodeType.VARIABLE) 到待查找列表 [register_node_list:385] [unilabos.utils.log.post_process]
26-07-30 [23:09:25,572] [DEBUG] 添加节点 "S082_1数据缓存[11]" (NodeType.VARIABLE) 到待查找列表 [register_node_list:385] [unilabos.utils.log.post_process]
26-07-30 [23:09:25,572] [DEBUG] 添加节点 "S082_1数据缓存[12]" (NodeType.VARIABLE) 到待查找列表 [register_node_list:385] [unilabos.utils.log.post_process]
26-07-30 [23:09:25,572] [DEBUG] 添加节点 "S082_1数据缓存[13]" (NodeType.VARIABLE) 到待查找列表 [register_node_list:385] [unilabos.utils.log.post_process]
26-07-30 [23:09:25,572] [DEBUG] 添加节点 "S082_1数据缓存[14]" (NodeType.VARIABLE) 到待查找列表 [register_node_list:385] [unilabos.utils.log.post_process]
26-07-30 [23:09:25,572] [DEBUG] 添加节点 "S082_1数据缓存[15]" (NodeType.VARIABLE) 到待查找列表 [register_node_list:385] [unilabos.utils.log.post_process]
26-07-30 [23:09:25,572] [DEBUG] 添加节点 "S082_1数据缓存[16]" (NodeType.VARIABLE) 到待查找列表 [register_node_list:385] [unilabos.utils.log.post_process]
26-07-30 [23:09:25,572] [DEBUG] 添加节点 "S082_1数据缓存[17]" (NodeType.VARIABLE) 到待查找列表 [register_node_list:385] [unilabos.utils.log.post_process]
26-07-30 [23:09:25,572] [DEBUG] 添加节点 "S082_1数据缓存[18]" (NodeType.VARIABLE) 到待查找列表 [register_node_list:385] [unilabos.utils.log.post_process]
26-07-30 [23:09:25,572] [DEBUG] 添加节点 "S082_1数据缓存[19]" (NodeType.VARIABLE) 到待查找列表 [register_node_list:385] [unilabos.utils.log.post_process]
26-07-30 [23:09:25,572] [DEBUG] 添加节点 "S082_1数据缓存[20]" (NodeType.VARIABLE) 到待查找列表 [register_node_list:385] [unilabos.utils.log.post_process]
26-07-30 [23:09:25,572] [DEBUG] 添加节点 "S082_1数据缓存[21]" (NodeType.VARIABLE) 到待查找列表 [register_node_list:385] [unilabos.utils.log.post_process]
26-07-30 [23:09:25,572] [DEBUG] 添加节点 "S082_1数据缓存[22]" (NodeType.VARIABLE) 到待查找列表 [register_node_list:385] [unilabos.utils.log.post_process]
26-07-30 [23:09:25,572] [DEBUG] 添加节点 "S082_1数据缓存[23]" (NodeType.VARIABLE) 到待查找列表 [register_node_list:385] [unilabos.utils.log.post_process]
26-07-30 [23:09:25,572] [DEBUG] 添加节点 "S082_1数据缓存[24]" (NodeType.VARIABLE) 到待查找列表 [register_node_list:385] [unilabos.utils.log.post_process]
26-07-30 [23:09:25,572] [DEBUG] 添加节点 "S082_1数据缓存[25]" (NodeType.VARIABLE) 到待查找列表 [register_node_list:385] [unilabos.utils.log.post_process]
26-07-30 [23:09:25,572] [DEBUG] 添加节点 "S082_1数据缓存[26]" (NodeType.VARIABLE) 到待查找列表 [register_node_list:385] [unilabos.utils.log.post_process]
26-07-30 [23:09:25,572] [DEBUG] 添加节点 "S082_1数据缓存[27]" (NodeType.VARIABLE) 到待查找列表 [register_node_list:385] [unilabos.utils.log.post_process]
26-07-30 [23:09:25,572] [DEBUG] 添加节点 "S082_1数据缓存[28]" (NodeType.VARIABLE) 到待查找列表 [register_node_list:385] [unilabos.utils.log.post_process]
26-07-30 [23:09:25,572] [DEBUG] 添加节点 "S082_1数据缓存[29]" (NodeType.VARIABLE) 到待查找列表 [register_node_list:385] [unilabos.utils.log.post_process]
26-07-30 [23:09:25,572] [DEBUG] 添加节点 "S082_2数据缓存" (NodeType.VARIABLE) 到待查找列表 [register_node_list:385] [unilabos.utils.log.post_process]
26-07-30 [23:09:25,572] [DEBUG] 添加节点 "S082_2数据缓存[0]" (NodeType.VARIABLE) 到待查找列表 [register_node_list:385] [unilabos.utils.log.post_process]
26-07-30 [23:09:25,572] [DEBUG] 添加节点 "S082_2数据缓存[1]" (NodeType.VARIABLE) 到待查找列表 [register_node_list:385] [unilabos.utils.log.post_process]
26-07-30 [23:09:25,572] [DEBUG] 添加节点 "S082_2数据缓存[2]" (NodeType.VARIABLE) 到待查找列表 [register_node_list:385] [unilabos.utils.log.post_process]
26-07-30 [23:09:25,572] [DEBUG] 添加节点 "S082_2数据缓存[3]" (NodeType.VARIABLE) 到待查找列表 [register_node_list:385] [unilabos.utils.log.post_process]
26-07-30 [23:09:25,572] [DEBUG] 添加节点 "S082_2数据缓存[4]" (NodeType.VARIABLE) 到待查找列表 [register_node_list:385] [unilabos.utils.log.post_process]
26-07-30 [23:09:25,572] [DEBUG] 添加节点 "S082_2数据缓存[5]" (NodeType.VARIABLE) 到待查找列表 [register_node_list:385] [unilabos.utils.log.post_process]
26-07-30 [23:09:25,572] [DEBUG] 添加节点 "S082_2数据缓存[6]" (NodeType.VARIABLE) 到待查找列表 [register_node_list:385] [unilabos.utils.log.post_process]
26-07-30 [23:09:25,572] [DEBUG] 添加节点 "S082_2数据缓存[7]" (NodeType.VARIABLE) 到待查找列表 [register_node_list:385] [unilabos.utils.log.post_process]
26-07-30 [23:09:25,572] [DEBUG] 添加节点 "S082_2数据缓存[8]" (NodeType.VARIABLE) 到待查找列表 [register_node_list:385] [unilabos.utils.log.post_process]
26-07-30 [23:09:25,572] [DEBUG] 添加节点 "S082_2数据缓存[9]" (NodeType.VARIABLE) 到待查找列表 [register_node_list:385] [unilabos.utils.log.post_process]
26-07-30 [23:09:25,572] [DEBUG] 添加节点 "S082_2数据缓存[10]" (NodeType.VARIABLE) 到待查找列表 [register_node_list:385] [unilabos.utils.log.post_process]
26-07-30 [23:09:25,572] [DEBUG] 添加节点 "S082_2数据缓存[11]" (NodeType.VARIABLE) 到待查找列表 [register_node_list:385] [unilabos.utils.log.post_process]
26-07-30 [23:09:25,572] [DEBUG] 添加节点 "S082_2数据缓存[12]" (NodeType.VARIABLE) 到待查找列表 [register_node_list:385] [unilabos.utils.log.post_process]
26-07-30 [23:09:25,572] [DEBUG] 添加节点 "S082_2数据缓存[13]" (NodeType.VARIABLE) 到待查找列表 [register_node_list:385] [unilabos.utils.log.post_process]
26-07-30 [23:09:25,572] [DEBUG] 添加节点 "S082_2数据缓存[14]" (NodeType.VARIABLE) 到待查找列表 [register_node_list:385] [unilabos.utils.log.post_process]
26-07-30 [23:09:25,572] [DEBUG] 添加节点 "S082_2数据缓存[15]" (NodeType.VARIABLE) 到待查找列表 [register_node_list:385] [unilabos.utils.log.post_process]
26-07-30 [23:09:25,572] [DEBUG] 添加节点 "S082_2数据缓存[16]" (NodeType.VARIABLE) 到待查找列表 [register_node_list:385] [unilabos.utils.log.post_process]
26-07-30 [23:09:25,572] [DEBUG] 添加节点 "S082_2数据缓存[17]" (NodeType.VARIABLE) 到待查找列表 [register_node_list:385] [unilabos.utils.log.post_process]
26-07-30 [23:09:25,572] [DEBUG] 添加节点 "S082_2数据缓存[18]" (NodeType.VARIABLE) 到待查找列表 [register_node_list:385] [unilabos.utils.log.post_process]
26-07-30 [23:09:25,572] [DEBUG] 添加节点 "S082_2数据缓存[19]" (NodeType.VARIABLE) 到待查找列表 [register_node_list:385] [unilabos.utils.log.post_process]
26-07-30 [23:09:25,572] [DEBUG] 添加节点 "S082_2数据缓存[20]" (NodeType.VARIABLE) 到待查找列表 [register_node_list:385] [unilabos.utils.log.post_process]
26-07-30 [23:09:25,572] [DEBUG] 添加节点 "S082_2数据缓存[21]" (NodeType.VARIABLE) 到待查找列表 [register_node_list:385] [unilabos.utils.log.post_process]
26-07-30 [23:09:25,572] [DEBUG] 添加节点 "S082_2数据缓存[22]" (NodeType.VARIABLE) 到待查找列表 [register_node_list:385] [unilabos.utils.log.post_process]
26-07-30 [23:09:25,572] [DEBUG] 添加节点 "S082_2数据缓存[23]" (NodeType.VARIABLE) 到待查找列表 [register_node_list:385] [unilabos.utils.log.post_process]
26-07-30 [23:09:25,572] [DEBUG] 添加节点 "S082_2数据缓存[24]" (NodeType.VARIABLE) 到待查找列表 [register_node_list:385] [unilabos.utils.log.post_process]
26-07-30 [23:09:25,572] [DEBUG] 添加节点 "S082_2数据缓存[25]" (NodeType.VARIABLE) 到待查找列表 [register_node_list:385] [unilabos.utils.log.post_process]
26-07-30 [23:09:25,572] [DEBUG] 添加节点 "S082_2数据缓存[26]" (NodeType.VARIABLE) 到待查找列表 [register_node_list:385] [unilabos.utils.log.post_process]
26-07-30 [23:09:25,572] [DEBUG] 添加节点 "S082_2数据缓存[27]" (NodeType.VARIABLE) 到待查找列表 [register_node_list:385] [unilabos.utils.log.post_process]
26-07-30 [23:09:25,572] [DEBUG] 添加节点 "S082_2数据缓存[28]" (NodeType.VARIABLE) 到待查找列表 [register_node_list:385] [unilabos.utils.log.post_process]
26-07-30 [23:09:25,572] [DEBUG] 添加节点 "S082_2数据缓存[29]" (NodeType.VARIABLE) 到待查找列表 [register_node_list:385] [unilabos.utils.log.post_process]
26-07-30 [23:09:25,573] [DEBUG] 添加节点 "S082_3数据缓存" (NodeType.VARIABLE) 到待查找列表 [register_node_list:385] [unilabos.utils.log.post_process]
26-07-30 [23:09:25,573] [DEBUG] 添加节点 "S082_3数据缓存[0]" (NodeType.VARIABLE) 到待查找列表 [register_node_list:385] [unilabos.utils.log.post_process]
26-07-30 [23:09:25,573] [DEBUG] 添加节点 "S082_3数据缓存[1]" (NodeType.VARIABLE) 到待查找列表 [register_node_list:385] [unilabos.utils.log.post_process]
26-07-30 [23:09:25,573] [DEBUG] 添加节点 "S082_3数据缓存[2]" (NodeType.VARIABLE) 到待查找列表 [register_node_list:385] [unilabos.utils.log.post_process]
26-07-30 [23:09:25,573] [DEBUG] 添加节点 "S082_3数据缓存[3]" (NodeType.VARIABLE) 到待查找列表 [register_node_list:385] [unilabos.utils.log.post_process]
26-07-30 [23:09:25,573] [DEBUG] 添加节点 "S082_3数据缓存[4]" (NodeType.VARIABLE) 到待查找列表 [register_node_list:385] [unilabos.utils.log.post_process]
26-07-30 [23:09:25,573] [DEBUG] 添加节点 "S082_3数据缓存[5]" (NodeType.VARIABLE) 到待查找列表 [register_node_list:385] [unilabos.utils.log.post_process]
26-07-30 [23:09:25,573] [DEBUG] 添加节点 "S082_3数据缓存[6]" (NodeType.VARIABLE) 到待查找列表 [register_node_list:385] [unilabos.utils.log.post_process]
26-07-30 [23:09:25,573] [DEBUG] 添加节点 "S082_3数据缓存[7]" (NodeType.VARIABLE) 到待查找列表 [register_node_list:385] [unilabos.utils.log.post_process]
26-07-30 [23:09:25,573] [DEBUG] 添加节点 "S082_3数据缓存[8]" (NodeType.VARIABLE) 到待查找列表 [register_node_list:385] [unilabos.utils.log.post_process]
26-07-30 [23:09:25,573] [DEBUG] 添加节点 "S082_3数据缓存[9]" (NodeType.VARIABLE) 到待查找列表 [register_node_list:385] [unilabos.utils.log.post_process]
26-07-30 [23:09:25,573] [DEBUG] 添加节点 "S082_3数据缓存[10]" (NodeType.VARIABLE) 到待查找列表 [register_node_list:385] [unilabos.utils.log.post_process]
26-07-30 [23:09:25,573] [DEBUG] 添加节点 "S082_3数据缓存[11]" (NodeType.VARIABLE) 到待查找列表 [register_node_list:385] [unilabos.utils.log.post_process]
26-07-30 [23:09:25,573] [DEBUG] 添加节点 "S082_3数据缓存[12]" (NodeType.VARIABLE) 到待查找列表 [register_node_list:385] [unilabos.utils.log.post_process]
26-07-30 [23:09:25,573] [DEBUG] 添加节点 "S082_3数据缓存[13]" (NodeType.VARIABLE) 到待查找列表 [register_node_list:385] [unilabos.utils.log.post_process]
26-07-30 [23:09:25,573] [DEBUG] 添加节点 "S082_3数据缓存[14]" (NodeType.VARIABLE) 到待查找列表 [register_node_list:385] [unilabos.utils.log.post_process]
26-07-30 [23:09:25,573] [DEBUG] 添加节点 "S082_3数据缓存[15]" (NodeType.VARIABLE) 到待查找列表 [register_node_list:385] [unilabos.utils.log.post_process]
26-07-30 [23:09:25,573] [DEBUG] 添加节点 "S082_3数据缓存[16]" (NodeType.VARIABLE) 到待查找列表 [register_node_list:385] [unilabos.utils.log.post_process]
26-07-30 [23:09:25,573] [DEBUG] 添加节点 "S082_3数据缓存[17]" (NodeType.VARIABLE) 到待查找列表 [register_node_list:385] [unilabos.utils.log.post_process]
26-07-30 [23:09:25,573] [DEBUG] 添加节点 "S082_3数据缓存[18]" (NodeType.VARIABLE) 到待查找列表 [register_node_list:385] [unilabos.utils.log.post_process]
26-07-30 [23:09:25,573] [DEBUG] 添加节点 "S082_3数据缓存[19]" (NodeType.VARIABLE) 到待查找列表 [register_node_list:385] [unilabos.utils.log.post_process]
26-07-30 [23:09:25,573] [DEBUG] 添加节点 "S082_3数据缓存[20]" (NodeType.VARIABLE) 到待查找列表 [register_node_list:385] [unilabos.utils.log.post_process]
26-07-30 [23:09:25,573] [DEBUG] 添加节点 "S082_3数据缓存[21]" (NodeType.VARIABLE) 到待查找列表 [register_node_list:385] [unilabos.utils.log.post_process]
26-07-30 [23:09:25,573] [DEBUG] 添加节点 "S082_3数据缓存[22]" (NodeType.VARIABLE) 到待查找列表 [register_node_list:385] [unilabos.utils.log.post_process]
26-07-30 [23:09:25,573] [DEBUG] 添加节点 "S082_3数据缓存[23]" (NodeType.VARIABLE) 到待查找列表 [register_node_list:385] [unilabos.utils.log.post_process]
26-07-30 [23:09:25,573] [DEBUG] 添加节点 "S082_3数据缓存[24]" (NodeType.VARIABLE) 到待查找列表 [register_node_list:385] [unilabos.utils.log.post_process]
26-07-30 [23:09:25,573] [DEBUG] 添加节点 "S082_3数据缓存[25]" (NodeType.VARIABLE) 到待查找列表 [register_node_list:385] [unilabos.utils.log.post_process]
26-07-30 [23:09:25,573] [DEBUG] 添加节点 "S082_3数据缓存[26]" (NodeType.VARIABLE) 到待查找列表 [register_node_list:385] [unilabos.utils.log.post_process]
26-07-30 [23:09:25,573] [DEBUG] 添加节点 "S082_3数据缓存[27]" (NodeType.VARIABLE) 到待查找列表 [register_node_list:385] [unilabos.utils.log.post_process]
26-07-30 [23:09:25,573] [DEBUG] 添加节点 "S082_3数据缓存[28]" (NodeType.VARIABLE) 到待查找列表 [register_node_list:385] [unilabos.utils.log.post_process]
26-07-30 [23:09:25,573] [DEBUG] 添加节点 "S082_3数据缓存[29]" (NodeType.VARIABLE) 到待查找列表 [register_node_list:385] [unilabos.utils.log.post_process]
26-07-30 [23:09:25,573] [DEBUG] 添加节点 "S082_4数据缓存" (NodeType.VARIABLE) 到待查找列表 [register_node_list:385] [unilabos.utils.log.post_process]
26-07-30 [23:09:25,573] [DEBUG] 添加节点 "S082_4数据缓存[0]" (NodeType.VARIABLE) 到待查找列表 [register_node_list:385] [unilabos.utils.log.post_process]
26-07-30 [23:09:25,573] [DEBUG] 添加节点 "S082_4数据缓存[1]" (NodeType.VARIABLE) 到待查找列表 [register_node_list:385] [unilabos.utils.log.post_process]
26-07-30 [23:09:25,573] [DEBUG] 添加节点 "S082_4数据缓存[2]" (NodeType.VARIABLE) 到待查找列表 [register_node_list:385] [unilabos.utils.log.post_process]
26-07-30 [23:09:25,573] [DEBUG] 添加节点 "S082_4数据缓存[3]" (NodeType.VARIABLE) 到待查找列表 [register_node_list:385] [unilabos.utils.log.post_process]
26-07-30 [23:09:25,573] [DEBUG] 添加节点 "S082_4数据缓存[4]" (NodeType.VARIABLE) 到待查找列表 [register_node_list:385] [unilabos.utils.log.post_process]
26-07-30 [23:09:25,573] [DEBUG] 添加节点 "S082_4数据缓存[5]" (NodeType.VARIABLE) 到待查找列表 [register_node_list:385] [unilabos.utils.log.post_process]
26-07-30 [23:09:25,573] [DEBUG] 添加节点 "S082_4数据缓存[6]" (NodeType.VARIABLE) 到待查找列表 [register_node_list:385] [unilabos.utils.log.post_process]
26-07-30 [23:09:25,573] [DEBUG] 添加节点 "S082_4数据缓存[7]" (NodeType.VARIABLE) 到待查找列表 [register_node_list:385] [unilabos.utils.log.post_process]
26-07-30 [23:09:25,573] [DEBUG] 添加节点 "S082_4数据缓存[8]" (NodeType.VARIABLE) 到待查找列表 [register_node_list:385] [unilabos.utils.log.post_process]
26-07-30 [23:09:25,573] [DEBUG] 添加节点 "S082_4数据缓存[9]" (NodeType.VARIABLE) 到待查找列表 [register_node_list:385] [unilabos.utils.log.post_process]
26-07-30 [23:09:25,573] [DEBUG] 添加节点 "S082_4数据缓存[10]" (NodeType.VARIABLE) 到待查找列表 [register_node_list:385] [unilabos.utils.log.post_process]
26-07-30 [23:09:25,573] [DEBUG] 添加节点 "S082_4数据缓存[11]" (NodeType.VARIABLE) 到待查找列表 [register_node_list:385] [unilabos.utils.log.post_process]
26-07-30 [23:09:25,573] [DEBUG] 添加节点 "S082_4数据缓存[12]" (NodeType.VARIABLE) 到待查找列表 [register_node_list:385] [unilabos.utils.log.post_process]
26-07-30 [23:09:25,573] [DEBUG] 添加节点 "S082_4数据缓存[13]" (NodeType.VARIABLE) 到待查找列表 [register_node_list:385] [unilabos.utils.log.post_process]
26-07-30 [23:09:25,573] [DEBUG] 添加节点 "S082_4数据缓存[14]" (NodeType.VARIABLE) 到待查找列表 [register_node_list:385] [unilabos.utils.log.post_process]
26-07-30 [23:09:25,573] [DEBUG] 添加节点 "S082_4数据缓存[15]" (NodeType.VARIABLE) 到待查找列表 [register_node_list:385] [unilabos.utils.log.post_process]
26-07-30 [23:09:25,573] [DEBUG] 添加节点 "S082_4数据缓存[16]" (NodeType.VARIABLE) 到待查找列表 [register_node_list:385] [unilabos.utils.log.post_process]
26-07-30 [23:09:25,573] [DEBUG] 添加节点 "S082_4数据缓存[17]" (NodeType.VARIABLE) 到待查找列表 [register_node_list:385] [unilabos.utils.log.post_process]
26-07-30 [23:09:25,573] [DEBUG] 添加节点 "S082_4数据缓存[18]" (NodeType.VARIABLE) 到待查找列表 [register_node_list:385] [unilabos.utils.log.post_process]
26-07-30 [23:09:25,573] [DEBUG] 添加节点 "S082_4数据缓存[19]" (NodeType.VARIABLE) 到待查找列表 [register_node_list:385] [unilabos.utils.log.post_process]
26-07-30 [23:09:25,573] [DEBUG] 添加节点 "S082_4数据缓存[20]" (NodeType.VARIABLE) 到待查找列表 [register_node_list:385] [unilabos.utils.log.post_process]
26-07-30 [23:09:25,573] [DEBUG] 添加节点 "S082_4数据缓存[21]" (NodeType.VARIABLE) 到待查找列表 [register_node_list:385] [unilabos.utils.log.post_process]
26-07-30 [23:09:25,573] [DEBUG] 添加节点 "S082_4数据缓存[22]" (NodeType.VARIABLE) 到待查找列表 [register_node_list:385] [unilabos.utils.log.post_process]
26-07-30 [23:09:25,573] [DEBUG] 添加节点 "S082_4数据缓存[23]" (NodeType.VARIABLE) 到待查找列表 [register_node_list:385] [unilabos.utils.log.post_process]
26-07-30 [23:09:25,573] [DEBUG] 添加节点 "S082_4数据缓存[24]" (NodeType.VARIABLE) 到待查找列表 [register_node_list:385] [unilabos.utils.log.post_process]
26-07-30 [23:09:25,573] [DEBUG] 添加节点 "S082_4数据缓存[25]" (NodeType.VARIABLE) 到待查找列表 [register_node_list:385] [unilabos.utils.log.post_process]
26-07-30 [23:09:25,573] [DEBUG] 添加节点 "S082_4数据缓存[26]" (NodeType.VARIABLE) 到待查找列表 [register_node_list:385] [unilabos.utils.log.post_process]
26-07-30 [23:09:25,573] [DEBUG] 添加节点 "S082_4数据缓存[27]" (NodeType.VARIABLE) 到待查找列表 [register_node_list:385] [unilabos.utils.log.post_process]
26-07-30 [23:09:25,573] [DEBUG] 添加节点 "S082_4数据缓存[28]" (NodeType.VARIABLE) 到待查找列表 [register_node_list:385] [unilabos.utils.log.post_process]
26-07-30 [23:09:25,573] [DEBUG] 添加节点 "S082_4数据缓存[29]" (NodeType.VARIABLE) 到待查找列表 [register_node_list:385] [unilabos.utils.log.post_process]
26-07-30 [23:09:25,573] [DEBUG] 添加节点 "S082_5数据缓存" (NodeType.VARIABLE) 到待查找列表 [register_node_list:385] [unilabos.utils.log.post_process]
26-07-30 [23:09:25,573] [DEBUG] 添加节点 "S082_5数据缓存[0]" (NodeType.VARIABLE) 到待查找列表 [register_node_list:385] [unilabos.utils.log.post_process]
26-07-30 [23:09:25,573] [DEBUG] 添加节点 "S082_5数据缓存[1]" (NodeType.VARIABLE) 到待查找列表 [register_node_list:385] [unilabos.utils.log.post_process]
26-07-30 [23:09:25,573] [DEBUG] 添加节点 "S082_5数据缓存[2]" (NodeType.VARIABLE) 到待查找列表 [register_node_list:385] [unilabos.utils.log.post_process]
26-07-30 [23:09:25,573] [DEBUG] 添加节点 "S082_5数据缓存[3]" (NodeType.VARIABLE) 到待查找列表 [register_node_list:385] [unilabos.utils.log.post_process]
26-07-30 [23:09:25,573] [DEBUG] 添加节点 "S082_5数据缓存[4]" (NodeType.VARIABLE) 到待查找列表 [register_node_list:385] [unilabos.utils.log.post_process]
26-07-30 [23:09:25,573] [DEBUG] 添加节点 "S082_5数据缓存[5]" (NodeType.VARIABLE) 到待查找列表 [register_node_list:385] [unilabos.utils.log.post_process]
26-07-30 [23:09:25,573] [DEBUG] 添加节点 "S082_5数据缓存[6]" (NodeType.VARIABLE) 到待查找列表 [register_node_list:385] [unilabos.utils.log.post_process]
26-07-30 [23:09:25,573] [DEBUG] 添加节点 "S082_5数据缓存[7]" (NodeType.VARIABLE) 到待查找列表 [register_node_list:385] [unilabos.utils.log.post_process]
26-07-30 [23:09:25,573] [DEBUG] 添加节点 "S082_5数据缓存[8]" (NodeType.VARIABLE) 到待查找列表 [register_node_list:385] [unilabos.utils.log.post_process]
26-07-30 [23:09:25,573] [DEBUG] 添加节点 "S082_5数据缓存[9]" (NodeType.VARIABLE) 到待查找列表 [register_node_list:385] [unilabos.utils.log.post_process]
26-07-30 [23:09:25,573] [DEBUG] 添加节点 "S082_5数据缓存[10]" (NodeType.VARIABLE) 到待查找列表 [register_node_list:385] [unilabos.utils.log.post_process]
26-07-30 [23:09:25,573] [DEBUG] 添加节点 "S082_5数据缓存[11]" (NodeType.VARIABLE) 到待查找列表 [register_node_list:385] [unilabos.utils.log.post_process]
26-07-30 [23:09:25,573] [DEBUG] 添加节点 "S082_5数据缓存[12]" (NodeType.VARIABLE) 到待查找列表 [register_node_list:385] [unilabos.utils.log.post_process]
26-07-30 [23:09:25,573] [DEBUG] 添加节点 "S082_5数据缓存[13]" (NodeType.VARIABLE) 到待查找列表 [register_node_list:385] [unilabos.utils.log.post_process]
26-07-30 [23:09:25,573] [DEBUG] 添加节点 "S082_5数据缓存[14]" (NodeType.VARIABLE) 到待查找列表 [register_node_list:385] [unilabos.utils.log.post_process]
26-07-30 [23:09:25,573] [DEBUG] 添加节点 "S082_5数据缓存[15]" (NodeType.VARIABLE) 到待查找列表 [register_node_list:385] [unilabos.utils.log.post_process]
26-07-30 [23:09:25,573] [DEBUG] 添加节点 "S082_5数据缓存[16]" (NodeType.VARIABLE) 到待查找列表 [register_node_list:385] [unilabos.utils.log.post_process]
26-07-30 [23:09:25,573] [DEBUG] 添加节点 "S082_5数据缓存[17]" (NodeType.VARIABLE) 到待查找列表 [register_node_list:385] [unilabos.utils.log.post_process]
26-07-30 [23:09:25,573] [DEBUG] 添加节点 "S082_5数据缓存[18]" (NodeType.VARIABLE) 到待查找列表 [register_node_list:385] [unilabos.utils.log.post_process]
26-07-30 [23:09:25,573] [DEBUG] 添加节点 "S082_5数据缓存[19]" (NodeType.VARIABLE) 到待查找列表 [register_node_list:385] [unilabos.utils.log.post_process]
26-07-30 [23:09:25,573] [DEBUG] 添加节点 "S082_5数据缓存[20]" (NodeType.VARIABLE) 到待查找列表 [register_node_list:385] [unilabos.utils.log.post_process]
26-07-30 [23:09:25,574] [DEBUG] 添加节点 "S082_5数据缓存[21]" (NodeType.VARIABLE) 到待查找列表 [register_node_list:385] [unilabos.utils.log.post_process]
26-07-30 [23:09:25,574] [DEBUG] 添加节点 "S082_5数据缓存[22]" (NodeType.VARIABLE) 到待查找列表 [register_node_list:385] [unilabos.utils.log.post_process]
26-07-30 [23:09:25,574] [DEBUG] 添加节点 "S082_5数据缓存[23]" (NodeType.VARIABLE) 到待查找列表 [register_node_list:385] [unilabos.utils.log.post_process]
26-07-30 [23:09:25,574] [DEBUG] 添加节点 "S082_5数据缓存[24]" (NodeType.VARIABLE) 到待查找列表 [register_node_list:385] [unilabos.utils.log.post_process]
26-07-30 [23:09:25,574] [DEBUG] 添加节点 "S082_5数据缓存[25]" (NodeType.VARIABLE) 到待查找列表 [register_node_list:385] [unilabos.utils.log.post_process]
26-07-30 [23:09:25,574] [DEBUG] 添加节点 "S082_5数据缓存[26]" (NodeType.VARIABLE) 到待查找列表 [register_node_list:385] [unilabos.utils.log.post_process]
26-07-30 [23:09:25,574] [DEBUG] 添加节点 "S082_5数据缓存[27]" (NodeType.VARIABLE) 到待查找列表 [register_node_list:385] [unilabos.utils.log.post_process]
26-07-30 [23:09:25,574] [DEBUG] 添加节点 "S082_5数据缓存[28]" (NodeType.VARIABLE) 到待查找列表 [register_node_list:385] [unilabos.utils.log.post_process]
26-07-30 [23:09:25,574] [DEBUG] 添加节点 "S082_5数据缓存[29]" (NodeType.VARIABLE) 到待查找列表 [register_node_list:385] [unilabos.utils.log.post_process]
26-07-30 [23:09:25,574] [DEBUG] 添加节点 "S09原点信号_1" (NodeType.VARIABLE) 到待查找列表 [register_node_list:385] [unilabos.utils.log.post_process]
26-07-30 [23:09:25,574] [DEBUG] 添加节点 "S09原点信号_2" (NodeType.VARIABLE) 到待查找列表 [register_node_list:385] [unilabos.utils.log.post_process]
26-07-30 [23:09:25,574] [DEBUG] 添加节点 "S09原点信号_3" (NodeType.VARIABLE) 到待查找列表 [register_node_list:385] [unilabos.utils.log.post_process]
26-07-30 [23:09:25,574] [DEBUG] 添加节点 "S09原点信号_4" (NodeType.VARIABLE) 到待查找列表 [register_node_list:385] [unilabos.utils.log.post_process]
26-07-30 [23:09:25,574] [DEBUG] 添加节点 "S09允许加工" (NodeType.VARIABLE) 到待查找列表 [register_node_list:385] [unilabos.utils.log.post_process]
26-07-30 [23:09:25,574] [DEBUG] 添加节点 "S09工艺选择" (NodeType.VARIABLE) 到待查找列表 [register_node_list:385] [unilabos.utils.log.post_process]
26-07-30 [23:09:25,574] [DEBUG] 添加节点 "S09参数写入完成" (NodeType.VARIABLE) 到待查找列表 [register_node_list:385] [unilabos.utils.log.post_process]
26-07-30 [23:09:25,574] [DEBUG] 添加节点 "S09工艺完成" (NodeType.VARIABLE) 到待查找列表 [register_node_list:385] [unilabos.utils.log.post_process]
26-07-30 [23:09:25,574] [DEBUG] 添加节点 "S09TIP盒工位编号" (NodeType.VARIABLE) 到待查找列表 [register_node_list:385] [unilabos.utils.log.post_process]
26-07-30 [23:09:25,574] [DEBUG] 添加节点 "S09TIP编号" (NodeType.VARIABLE) 到待查找列表 [register_node_list:385] [unilabos.utils.log.post_process]
26-07-30 [23:09:25,574] [DEBUG] 添加节点 "S09液体瓶编号" (NodeType.VARIABLE) 到待查找列表 [register_node_list:385] [unilabos.utils.log.post_process]
26-07-30 [23:09:25,574] [DEBUG] 添加节点 "S09抽液量" (NodeType.VARIABLE) 到待查找列表 [register_node_list:385] [unilabos.utils.log.post_process]
26-07-30 [23:09:25,574] [DEBUG] 添加节点 "S09放液量" (NodeType.VARIABLE) 到待查找列表 [register_node_list:385] [unilabos.utils.log.post_process]
26-07-30 [23:09:25,574] [DEBUG] 添加节点 "S09天平读数稳定" (NodeType.VARIABLE) 到待查找列表 [register_node_list:385] [unilabos.utils.log.post_process]
26-07-30 [23:09:25,574] [DEBUG] 添加节点 "S09天平读数" (NodeType.VARIABLE) 到待查找列表 [register_node_list:385] [unilabos.utils.log.post_process]
26-07-30 [23:09:25,574] [DEBUG] 添加节点 "S09液体瓶1剩余液量" (NodeType.VARIABLE) 到待查找列表 [register_node_list:385] [unilabos.utils.log.post_process]
26-07-30 [23:09:25,574] [DEBUG] 添加节点 "S09液体瓶2剩余液量" (NodeType.VARIABLE) 到待查找列表 [register_node_list:385] [unilabos.utils.log.post_process]
26-07-30 [23:09:25,574] [DEBUG] 添加节点 "S09液体瓶3剩余液量" (NodeType.VARIABLE) 到待查找列表 [register_node_list:385] [unilabos.utils.log.post_process]
26-07-30 [23:09:25,574] [DEBUG] 添加节点 "S09液体瓶4剩余液量" (NodeType.VARIABLE) 到待查找列表 [register_node_list:385] [unilabos.utils.log.post_process]
26-07-30 [23:09:25,574] [DEBUG] 添加节点 "S09液体瓶5剩余液量" (NodeType.VARIABLE) 到待查找列表 [register_node_list:385] [unilabos.utils.log.post_process]
26-07-30 [23:09:25,574] [DEBUG] 添加节点 "工站状态" (NodeType.VARIABLE) 到待查找列表 [register_node_list:385] [unilabos.utils.log.post_process]
26-07-30 [23:09:25,574] [DEBUG] 添加节点 "工站状态[0]" (NodeType.VARIABLE) 到待查找列表 [register_node_list:385] [unilabos.utils.log.post_process]
26-07-30 [23:09:25,574] [DEBUG] 添加节点 "工站状态[1]" (NodeType.VARIABLE) 到待查找列表 [register_node_list:385] [unilabos.utils.log.post_process]
26-07-30 [23:09:25,574] [DEBUG] 添加节点 "工站状态[2]" (NodeType.VARIABLE) 到待查找列表 [register_node_list:385] [unilabos.utils.log.post_process]
26-07-30 [23:09:25,574] [DEBUG] 添加节点 "工站状态[3]" (NodeType.VARIABLE) 到待查找列表 [register_node_list:385] [unilabos.utils.log.post_process]
26-07-30 [23:09:25,574] [DEBUG] 添加节点 "工站状态[4]" (NodeType.VARIABLE) 到待查找列表 [register_node_list:385] [unilabos.utils.log.post_process]
26-07-30 [23:09:25,574] [DEBUG] 添加节点 "工站状态[5]" (NodeType.VARIABLE) 到待查找列表 [register_node_list:385] [unilabos.utils.log.post_process]
26-07-30 [23:09:25,574] [DEBUG] 添加节点 "工站状态[6]" (NodeType.VARIABLE) 到待查找列表 [register_node_list:385] [unilabos.utils.log.post_process]
26-07-30 [23:09:25,574] [DEBUG] 添加节点 "工站状态[7]" (NodeType.VARIABLE) 到待查找列表 [register_node_list:385] [unilabos.utils.log.post_process]
26-07-30 [23:09:25,574] [DEBUG] 添加节点 "工站状态[8]" (NodeType.VARIABLE) 到待查找列表 [register_node_list:385] [unilabos.utils.log.post_process]
26-07-30 [23:09:25,574] [DEBUG] 添加节点 "工站状态[9]" (NodeType.VARIABLE) 到待查找列表 [register_node_list:385] [unilabos.utils.log.post_process]
26-07-30 [23:09:25,574] [DEBUG] 添加节点 "工站状态[10]" (NodeType.VARIABLE) 到待查找列表 [register_node_list:385] [unilabos.utils.log.post_process]
26-07-30 [23:09:25,574] [DEBUG] 添加节点 "工站状态[11]" (NodeType.VARIABLE) 到待查找列表 [register_node_list:385] [unilabos.utils.log.post_process]
26-07-30 [23:09:25,574] [DEBUG] 添加节点 "Robot_Home" (NodeType.VARIABLE) 到待查找列表 [register_node_list:385] [unilabos.utils.log.post_process]
26-07-30 [23:09:25,574] [DEBUG] 添加节点 "Robot_任务允许写入" (NodeType.VARIABLE) 到待查找列表 [register_node_list:385] [unilabos.utils.log.post_process]
26-07-30 [23:09:25,574] [DEBUG] 添加节点 "Robot_任务写入完成" (NodeType.VARIABLE) 到待查找列表 [register_node_list:385] [unilabos.utils.log.post_process]
26-07-30 [23:09:25,574] [DEBUG] 添加节点 "任务号" (NodeType.VARIABLE) 到待查找列表 [register_node_list:385] [unilabos.utils.log.post_process]
26-07-30 [23:09:25,574] [DEBUG] 添加节点 "S01取放料编号" (NodeType.VARIABLE) 到待查找列表 [register_node_list:385] [unilabos.utils.log.post_process]
26-07-30 [23:09:25,574] [DEBUG] 添加节点 "S01出入料产品" (NodeType.VARIABLE) 到待查找列表 [register_node_list:385] [unilabos.utils.log.post_process]
26-07-30 [23:09:25,574] [DEBUG] 添加节点 "S02取放料编号" (NodeType.VARIABLE) 到待查找列表 [register_node_list:385] [unilabos.utils.log.post_process]
26-07-30 [23:09:25,574] [DEBUG] 添加节点 "S03取放料产品" (NodeType.VARIABLE) 到待查找列表 [register_node_list:385] [unilabos.utils.log.post_process]
26-07-30 [23:09:25,574] [DEBUG] 添加节点 "S03取放料编号" (NodeType.VARIABLE) 到待查找列表 [register_node_list:385] [unilabos.utils.log.post_process]
26-07-30 [23:09:25,574] [DEBUG] 添加节点 "S04取放料编号" (NodeType.VARIABLE) 到待查找列表 [register_node_list:385] [unilabos.utils.log.post_process]
26-07-30 [23:09:25,574] [DEBUG] 添加节点 "S071取放料编号" (NodeType.VARIABLE) 到待查找列表 [register_node_list:385] [unilabos.utils.log.post_process]
26-07-30 [23:09:25,574] [DEBUG] 添加节点 "S072取放料产品" (NodeType.VARIABLE) 到待查找列表 [register_node_list:385] [unilabos.utils.log.post_process]
26-07-30 [23:09:25,574] [DEBUG] 添加节点 "S08取放料产品" (NodeType.VARIABLE) 到待查找列表 [register_node_list:385] [unilabos.utils.log.post_process]
26-07-30 [23:09:25,574] [DEBUG] 添加节点 "S08取放料编号" (NodeType.VARIABLE) 到待查找列表 [register_node_list:385] [unilabos.utils.log.post_process]
26-07-30 [23:09:25,574] [DEBUG] 添加节点 "S09取放料产品" (NodeType.VARIABLE) 到待查找列表 [register_node_list:385] [unilabos.utils.log.post_process]
26-07-30 [23:09:25,574] [DEBUG] 添加节点 "S09取放料编号" (NodeType.VARIABLE) 到待查找列表 [register_node_list:385] [unilabos.utils.log.post_process]
26-07-30 [23:09:25,574] [DEBUG] 添加节点 "S10取放料编号" (NodeType.VARIABLE) 到待查找列表 [register_node_list:385] [unilabos.utils.log.post_process]
26-07-30 [23:09:25,574] [DEBUG] 添加节点 "S11取放料产品" (NodeType.VARIABLE) 到待查找列表 [register_node_list:385] [unilabos.utils.log.post_process]
26-07-30 [23:09:25,574] [DEBUG] 添加节点 "S11取放料编号" (NodeType.VARIABLE) 到待查找列表 [register_node_list:385] [unilabos.utils.log.post_process]
26-07-30 [23:09:25,574] [DEBUG] 添加节点 "S08倒料产品选择" (NodeType.VARIABLE) 到待查找列表 [register_node_list:385] [unilabos.utils.log.post_process]
26-07-30 [23:09:25,574] [DEBUG] 添加节点 "Robot_任务完成" (NodeType.VARIABLE) 到待查找列表 [register_node_list:385] [unilabos.utils.log.post_process]
26-07-30 [23:09:25,574] [DEBUG] 添加节点 "S07原点信号" (NodeType.VARIABLE) 到待查找列表 [register_node_list:385] [unilabos.utils.log.post_process]
26-07-30 [23:09:25,574] [DEBUG] 添加节点 "S07允许加工" (NodeType.VARIABLE) 到待查找列表 [register_node_list:385] [unilabos.utils.log.post_process]
26-07-30 [23:09:25,574] [DEBUG] 添加节点 "S07工艺选择" (NodeType.VARIABLE) 到待查找列表 [register_node_list:385] [unilabos.utils.log.post_process]
26-07-30 [23:09:25,574] [DEBUG] 添加节点 "S07参数写入完成" (NodeType.VARIABLE) 到待查找列表 [register_node_list:385] [unilabos.utils.log.post_process]
26-07-30 [23:09:25,574] [DEBUG] 添加节点 "S07工艺完成" (NodeType.VARIABLE) 到待查找列表 [register_node_list:385] [unilabos.utils.log.post_process]
26-07-30 [23:09:25,574] [DEBUG] 添加节点 "S07上下料位置" (NodeType.VARIABLE) 到待查找列表 [register_node_list:385] [unilabos.utils.log.post_process]
26-07-30 [23:09:25,574] [DEBUG] 添加节点 "S07粗注粉位置号" (NodeType.VARIABLE) 到待查找列表 [register_node_list:385] [unilabos.utils.log.post_process]
26-07-30 [23:09:25,574] [DEBUG] 添加节点 "S07精注粉位置号" (NodeType.VARIABLE) 到待查找列表 [register_node_list:385] [unilabos.utils.log.post_process]
26-07-30 [23:09:25,574] [DEBUG] 添加节点 "S07注粉重量" (NodeType.VARIABLE) 到待查找列表 [register_node_list:385] [unilabos.utils.log.post_process]
26-07-30 [23:09:25,574] [DEBUG] 添加节点 "S07_粗注粉开口量" (NodeType.VARIABLE) 到待查找列表 [register_node_list:385] [unilabos.utils.log.post_process]
26-07-30 [23:09:25,574] [DEBUG] 添加节点 "S07_粗注粉开口量[0]" (NodeType.VARIABLE) 到待查找列表 [register_node_list:385] [unilabos.utils.log.post_process]
26-07-30 [23:09:25,574] [DEBUG] 添加节点 "S07_粗注粉开口量[1]" (NodeType.VARIABLE) 到待查找列表 [register_node_list:385] [unilabos.utils.log.post_process]
26-07-30 [23:09:25,574] [DEBUG] 添加节点 "S07_粗注粉开口量[2]" (NodeType.VARIABLE) 到待查找列表 [register_node_list:385] [unilabos.utils.log.post_process]
26-07-30 [23:09:25,574] [DEBUG] 添加节点 "S07_粗注粉开口量[3]" (NodeType.VARIABLE) 到待查找列表 [register_node_list:385] [unilabos.utils.log.post_process]
26-07-30 [23:09:25,574] [DEBUG] 添加节点 "S07_粗注粉开口量[4]" (NodeType.VARIABLE) 到待查找列表 [register_node_list:385] [unilabos.utils.log.post_process]
26-07-30 [23:09:25,574] [DEBUG] 添加节点 "S07_粗注粉落粉匀速" (NodeType.VARIABLE) 到待查找列表 [register_node_list:385] [unilabos.utils.log.post_process]
26-07-30 [23:09:25,574] [DEBUG] 添加节点 "S07_粗注粉落粉匀速[0]" (NodeType.VARIABLE) 到待查找列表 [register_node_list:385] [unilabos.utils.log.post_process]
26-07-30 [23:09:25,574] [DEBUG] 添加节点 "S07_粗注粉落粉匀速[1]" (NodeType.VARIABLE) 到待查找列表 [register_node_list:385] [unilabos.utils.log.post_process]
26-07-30 [23:09:25,574] [DEBUG] 添加节点 "S07_粗注粉落粉匀速[2]" (NodeType.VARIABLE) 到待查找列表 [register_node_list:385] [unilabos.utils.log.post_process]
26-07-30 [23:09:25,574] [DEBUG] 添加节点 "S07_粗注粉落粉匀速[3]" (NodeType.VARIABLE) 到待查找列表 [register_node_list:385] [unilabos.utils.log.post_process]
26-07-30 [23:09:25,574] [DEBUG] 添加节点 "S07_粗注粉落粉匀速[4]" (NodeType.VARIABLE) 到待查找列表 [register_node_list:385] [unilabos.utils.log.post_process]
26-07-30 [23:09:25,574] [DEBUG] 添加节点 "S07_粗注粉旋转速度" (NodeType.VARIABLE) 到待查找列表 [register_node_list:385] [unilabos.utils.log.post_process]
26-07-30 [23:09:25,574] [DEBUG] 添加节点 "S07_粗注粉旋转速度[0]" (NodeType.VARIABLE) 到待查找列表 [register_node_list:385] [unilabos.utils.log.post_process]
26-07-30 [23:09:25,574] [DEBUG] 添加节点 "S07_粗注粉旋转速度[1]" (NodeType.VARIABLE) 到待查找列表 [register_node_list:385] [unilabos.utils.log.post_process]
26-07-30 [23:09:25,574] [DEBUG] 添加节点 "S07_粗注粉旋转速度[2]" (NodeType.VARIABLE) 到待查找列表 [register_node_list:385] [unilabos.utils.log.post_process]
26-07-30 [23:09:25,574] [DEBUG] 添加节点 "S07_粗注粉旋转速度[3]" (NodeType.VARIABLE) 到待查找列表 [register_node_list:385] [unilabos.utils.log.post_process]
26-07-30 [23:09:25,574] [DEBUG] 添加节点 "S07_粗注粉旋转速度[4]" (NodeType.VARIABLE) 到待查找列表 [register_node_list:385] [unilabos.utils.log.post_process]
26-07-30 [23:09:25,574] [DEBUG] 添加节点 "S07_粗注粉提请停止量" (NodeType.VARIABLE) 到待查找列表 [register_node_list:385] [unilabos.utils.log.post_process]
26-07-30 [23:09:25,574] [DEBUG] 添加节点 "S07_粗注粉提请停止量[0]" (NodeType.VARIABLE) 到待查找列表 [register_node_list:385] [unilabos.utils.log.post_process]
26-07-30 [23:09:25,574] [DEBUG] 添加节点 "S07_粗注粉提请停止量[1]" (NodeType.VARIABLE) 到待查找列表 [register_node_list:385] [unilabos.utils.log.post_process]
26-07-30 [23:09:25,574] [DEBUG] 添加节点 "S07_粗注粉提请停止量[2]" (NodeType.VARIABLE) 到待查找列表 [register_node_list:385] [unilabos.utils.log.post_process]
26-07-30 [23:09:25,574] [DEBUG] 添加节点 "S07_粗注粉提请停止量[3]" (NodeType.VARIABLE) 到待查找列表 [register_node_list:385] [unilabos.utils.log.post_process]
26-07-30 [23:09:25,575] [DEBUG] 添加节点 "S07_粗注粉提请停止量[4]" (NodeType.VARIABLE) 到待查找列表 [register_node_list:385] [unilabos.utils.log.post_process]
26-07-30 [23:09:25,575] [DEBUG] 添加节点 "S07_粗注粉震荡最高速度" (NodeType.VARIABLE) 到待查找列表 [register_node_list:385] [unilabos.utils.log.post_process]
26-07-30 [23:09:25,575] [DEBUG] 添加节点 "S07_精注粉开口量" (NodeType.VARIABLE) 到待查找列表 [register_node_list:385] [unilabos.utils.log.post_process]
26-07-30 [23:09:25,575] [DEBUG] 添加节点 "S07_精注粉开口量[0]" (NodeType.VARIABLE) 到待查找列表 [register_node_list:385] [unilabos.utils.log.post_process]
26-07-30 [23:09:25,575] [DEBUG] 添加节点 "S07_精注粉开口量[1]" (NodeType.VARIABLE) 到待查找列表 [register_node_list:385] [unilabos.utils.log.post_process]
26-07-30 [23:09:25,575] [DEBUG] 添加节点 "S07_精注粉开口量[2]" (NodeType.VARIABLE) 到待查找列表 [register_node_list:385] [unilabos.utils.log.post_process]
26-07-30 [23:09:25,575] [DEBUG] 添加节点 "S07_精注粉开口量[3]" (NodeType.VARIABLE) 到待查找列表 [register_node_list:385] [unilabos.utils.log.post_process]
26-07-30 [23:09:25,575] [DEBUG] 添加节点 "S07_精注粉开口量[4]" (NodeType.VARIABLE) 到待查找列表 [register_node_list:385] [unilabos.utils.log.post_process]
26-07-30 [23:09:25,575] [DEBUG] 添加节点 "S07_精注粉落粉匀速" (NodeType.VARIABLE) 到待查找列表 [register_node_list:385] [unilabos.utils.log.post_process]
26-07-30 [23:09:25,575] [DEBUG] 添加节点 "S07_精注粉落粉匀速[0]" (NodeType.VARIABLE) 到待查找列表 [register_node_list:385] [unilabos.utils.log.post_process]
26-07-30 [23:09:25,575] [DEBUG] 添加节点 "S07_精注粉落粉匀速[1]" (NodeType.VARIABLE) 到待查找列表 [register_node_list:385] [unilabos.utils.log.post_process]
26-07-30 [23:09:25,575] [DEBUG] 添加节点 "S07_精注粉落粉匀速[2]" (NodeType.VARIABLE) 到待查找列表 [register_node_list:385] [unilabos.utils.log.post_process]
26-07-30 [23:09:25,575] [DEBUG] 添加节点 "S07_精注粉落粉匀速[3]" (NodeType.VARIABLE) 到待查找列表 [register_node_list:385] [unilabos.utils.log.post_process]
26-07-30 [23:09:25,575] [DEBUG] 添加节点 "S07_精注粉落粉匀速[4]" (NodeType.VARIABLE) 到待查找列表 [register_node_list:385] [unilabos.utils.log.post_process]
26-07-30 [23:09:25,575] [DEBUG] 添加节点 "S07_精注粉旋转速度" (NodeType.VARIABLE) 到待查找列表 [register_node_list:385] [unilabos.utils.log.post_process]
26-07-30 [23:09:25,575] [DEBUG] 添加节点 "S07_精注粉旋转速度[0]" (NodeType.VARIABLE) 到待查找列表 [register_node_list:385] [unilabos.utils.log.post_process]
26-07-30 [23:09:25,575] [DEBUG] 添加节点 "S07_精注粉旋转速度[1]" (NodeType.VARIABLE) 到待查找列表 [register_node_list:385] [unilabos.utils.log.post_process]
26-07-30 [23:09:25,575] [DEBUG] 添加节点 "S07_精注粉旋转速度[2]" (NodeType.VARIABLE) 到待查找列表 [register_node_list:385] [unilabos.utils.log.post_process]
26-07-30 [23:09:25,575] [DEBUG] 添加节点 "S07_精注粉旋转速度[3]" (NodeType.VARIABLE) 到待查找列表 [register_node_list:385] [unilabos.utils.log.post_process]
26-07-30 [23:09:25,575] [DEBUG] 添加节点 "S07_精注粉旋转速度[4]" (NodeType.VARIABLE) 到待查找列表 [register_node_list:385] [unilabos.utils.log.post_process]
26-07-30 [23:09:25,575] [DEBUG] 添加节点 "S07_精注粉提请停止量" (NodeType.VARIABLE) 到待查找列表 [register_node_list:385] [unilabos.utils.log.post_process]
26-07-30 [23:09:25,575] [DEBUG] 添加节点 "S07_精注粉提请停止量[0]" (NodeType.VARIABLE) 到待查找列表 [register_node_list:385] [unilabos.utils.log.post_process]
26-07-30 [23:09:25,575] [DEBUG] 添加节点 "S07_精注粉提请停止量[1]" (NodeType.VARIABLE) 到待查找列表 [register_node_list:385] [unilabos.utils.log.post_process]
26-07-30 [23:09:25,575] [DEBUG] 添加节点 "S07_精注粉提请停止量[2]" (NodeType.VARIABLE) 到待查找列表 [register_node_list:385] [unilabos.utils.log.post_process]
26-07-30 [23:09:25,575] [DEBUG] 添加节点 "S07_精注粉提请停止量[3]" (NodeType.VARIABLE) 到待查找列表 [register_node_list:385] [unilabos.utils.log.post_process]
26-07-30 [23:09:25,575] [DEBUG] 添加节点 "S07_精注粉提请停止量[4]" (NodeType.VARIABLE) 到待查找列表 [register_node_list:385] [unilabos.utils.log.post_process]
26-07-30 [23:09:25,575] [DEBUG] 添加节点 "S07_精注粉震荡最高速度" (NodeType.VARIABLE) 到待查找列表 [register_node_list:385] [unilabos.utils.log.post_process]
26-07-30 [23:09:25,575] [DEBUG] 添加节点 "S07位置1二维码" (NodeType.VARIABLE) 到待查找列表 [register_node_list:385] [unilabos.utils.log.post_process]
26-07-30 [23:09:25,575] [DEBUG] 添加节点 "S07位置1二维码[0]" (NodeType.VARIABLE) 到待查找列表 [register_node_list:385] [unilabos.utils.log.post_process]
26-07-30 [23:09:25,575] [DEBUG] 添加节点 "S07位置1二维码[1]" (NodeType.VARIABLE) 到待查找列表 [register_node_list:385] [unilabos.utils.log.post_process]
26-07-30 [23:09:25,575] [DEBUG] 添加节点 "S07位置1二维码[2]" (NodeType.VARIABLE) 到待查找列表 [register_node_list:385] [unilabos.utils.log.post_process]
26-07-30 [23:09:25,575] [DEBUG] 添加节点 "S07位置1二维码[3]" (NodeType.VARIABLE) 到待查找列表 [register_node_list:385] [unilabos.utils.log.post_process]
26-07-30 [23:09:25,575] [DEBUG] 添加节点 "S07位置1二维码[4]" (NodeType.VARIABLE) 到待查找列表 [register_node_list:385] [unilabos.utils.log.post_process]
26-07-30 [23:09:25,575] [DEBUG] 添加节点 "S07位置1二维码[5]" (NodeType.VARIABLE) 到待查找列表 [register_node_list:385] [unilabos.utils.log.post_process]
26-07-30 [23:09:25,575] [DEBUG] 添加节点 "S07位置1二维码[6]" (NodeType.VARIABLE) 到待查找列表 [register_node_list:385] [unilabos.utils.log.post_process]
26-07-30 [23:09:25,575] [DEBUG] 添加节点 "S07位置1二维码[7]" (NodeType.VARIABLE) 到待查找列表 [register_node_list:385] [unilabos.utils.log.post_process]
26-07-30 [23:09:25,575] [DEBUG] 添加节点 "S07位置1二维码[8]" (NodeType.VARIABLE) 到待查找列表 [register_node_list:385] [unilabos.utils.log.post_process]
26-07-30 [23:09:25,575] [DEBUG] 添加节点 "S07位置1二维码[9]" (NodeType.VARIABLE) 到待查找列表 [register_node_list:385] [unilabos.utils.log.post_process]
26-07-30 [23:09:25,575] [DEBUG] 添加节点 "S07位置1二维码[10]" (NodeType.VARIABLE) 到待查找列表 [register_node_list:385] [unilabos.utils.log.post_process]
26-07-30 [23:09:25,575] [DEBUG] 添加节点 "S07位置1二维码[11]" (NodeType.VARIABLE) 到待查找列表 [register_node_list:385] [unilabos.utils.log.post_process]
26-07-30 [23:09:25,575] [DEBUG] 添加节点 "S07位置1二维码[12]" (NodeType.VARIABLE) 到待查找列表 [register_node_list:385] [unilabos.utils.log.post_process]
26-07-30 [23:09:25,575] [DEBUG] 添加节点 "S07位置1二维码[13]" (NodeType.VARIABLE) 到待查找列表 [register_node_list:385] [unilabos.utils.log.post_process]
26-07-30 [23:09:25,575] [DEBUG] 添加节点 "S07位置1二维码[14]" (NodeType.VARIABLE) 到待查找列表 [register_node_list:385] [unilabos.utils.log.post_process]
26-07-30 [23:09:25,575] [DEBUG] 添加节点 "S07位置1二维码[15]" (NodeType.VARIABLE) 到待查找列表 [register_node_list:385] [unilabos.utils.log.post_process]
26-07-30 [23:09:25,575] [DEBUG] 添加节点 "S07位置1二维码[16]" (NodeType.VARIABLE) 到待查找列表 [register_node_list:385] [unilabos.utils.log.post_process]
26-07-30 [23:09:25,575] [DEBUG] 添加节点 "S07位置1二维码[17]" (NodeType.VARIABLE) 到待查找列表 [register_node_list:385] [unilabos.utils.log.post_process]
26-07-30 [23:09:25,575] [DEBUG] 添加节点 "S07位置1二维码[18]" (NodeType.VARIABLE) 到待查找列表 [register_node_list:385] [unilabos.utils.log.post_process]
26-07-30 [23:09:25,575] [DEBUG] 添加节点 "S07位置1二维码[19]" (NodeType.VARIABLE) 到待查找列表 [register_node_list:385] [unilabos.utils.log.post_process]
26-07-30 [23:09:25,575] [DEBUG] 添加节点 "S07位置1二维码[20]" (NodeType.VARIABLE) 到待查找列表 [register_node_list:385] [unilabos.utils.log.post_process]
26-07-30 [23:09:25,575] [DEBUG] 添加节点 "S07位置1二维码[21]" (NodeType.VARIABLE) 到待查找列表 [register_node_list:385] [unilabos.utils.log.post_process]
26-07-30 [23:09:25,575] [DEBUG] 添加节点 "S07位置1二维码[22]" (NodeType.VARIABLE) 到待查找列表 [register_node_list:385] [unilabos.utils.log.post_process]
26-07-30 [23:09:25,575] [DEBUG] 添加节点 "S07位置1二维码[23]" (NodeType.VARIABLE) 到待查找列表 [register_node_list:385] [unilabos.utils.log.post_process]
26-07-30 [23:09:25,575] [DEBUG] 添加节点 "S07位置1二维码[24]" (NodeType.VARIABLE) 到待查找列表 [register_node_list:385] [unilabos.utils.log.post_process]
26-07-30 [23:09:25,575] [DEBUG] 添加节点 "S07位置1二维码[25]" (NodeType.VARIABLE) 到待查找列表 [register_node_list:385] [unilabos.utils.log.post_process]
26-07-30 [23:09:25,575] [DEBUG] 添加节点 "S07位置1二维码[26]" (NodeType.VARIABLE) 到待查找列表 [register_node_list:385] [unilabos.utils.log.post_process]
26-07-30 [23:09:25,575] [DEBUG] 添加节点 "S07位置1二维码[27]" (NodeType.VARIABLE) 到待查找列表 [register_node_list:385] [unilabos.utils.log.post_process]
26-07-30 [23:09:25,575] [DEBUG] 添加节点 "S07位置1二维码[28]" (NodeType.VARIABLE) 到待查找列表 [register_node_list:385] [unilabos.utils.log.post_process]
26-07-30 [23:09:25,575] [DEBUG] 添加节点 "S07位置1二维码[29]" (NodeType.VARIABLE) 到待查找列表 [register_node_list:385] [unilabos.utils.log.post_process]
26-07-30 [23:09:25,575] [DEBUG] 添加节点 "S07位置2二维码" (NodeType.VARIABLE) 到待查找列表 [register_node_list:385] [unilabos.utils.log.post_process]
26-07-30 [23:09:25,575] [DEBUG] 添加节点 "S07位置2二维码[0]" (NodeType.VARIABLE) 到待查找列表 [register_node_list:385] [unilabos.utils.log.post_process]
26-07-30 [23:09:25,575] [DEBUG] 添加节点 "S07位置2二维码[1]" (NodeType.VARIABLE) 到待查找列表 [register_node_list:385] [unilabos.utils.log.post_process]
26-07-30 [23:09:25,575] [DEBUG] 添加节点 "S07位置2二维码[2]" (NodeType.VARIABLE) 到待查找列表 [register_node_list:385] [unilabos.utils.log.post_process]
26-07-30 [23:09:25,575] [DEBUG] 添加节点 "S07位置2二维码[3]" (NodeType.VARIABLE) 到待查找列表 [register_node_list:385] [unilabos.utils.log.post_process]
26-07-30 [23:09:25,575] [DEBUG] 添加节点 "S07位置2二维码[4]" (NodeType.VARIABLE) 到待查找列表 [register_node_list:385] [unilabos.utils.log.post_process]
26-07-30 [23:09:25,575] [DEBUG] 添加节点 "S07位置2二维码[5]" (NodeType.VARIABLE) 到待查找列表 [register_node_list:385] [unilabos.utils.log.post_process]
26-07-30 [23:09:25,575] [DEBUG] 添加节点 "S07位置2二维码[6]" (NodeType.VARIABLE) 到待查找列表 [register_node_list:385] [unilabos.utils.log.post_process]
26-07-30 [23:09:25,575] [DEBUG] 添加节点 "S07位置2二维码[7]" (NodeType.VARIABLE) 到待查找列表 [register_node_list:385] [unilabos.utils.log.post_process]
26-07-30 [23:09:25,575] [DEBUG] 添加节点 "S07位置2二维码[8]" (NodeType.VARIABLE) 到待查找列表 [register_node_list:385] [unilabos.utils.log.post_process]
26-07-30 [23:09:25,575] [DEBUG] 添加节点 "S07位置2二维码[9]" (NodeType.VARIABLE) 到待查找列表 [register_node_list:385] [unilabos.utils.log.post_process]
26-07-30 [23:09:25,575] [DEBUG] 添加节点 "S07位置2二维码[10]" (NodeType.VARIABLE) 到待查找列表 [register_node_list:385] [unilabos.utils.log.post_process]
26-07-30 [23:09:25,575] [DEBUG] 添加节点 "S07位置2二维码[11]" (NodeType.VARIABLE) 到待查找列表 [register_node_list:385] [unilabos.utils.log.post_process]
26-07-30 [23:09:25,575] [DEBUG] 添加节点 "S07位置2二维码[12]" (NodeType.VARIABLE) 到待查找列表 [register_node_list:385] [unilabos.utils.log.post_process]
26-07-30 [23:09:25,575] [DEBUG] 添加节点 "S07位置2二维码[13]" (NodeType.VARIABLE) 到待查找列表 [register_node_list:385] [unilabos.utils.log.post_process]
26-07-30 [23:09:25,575] [DEBUG] 添加节点 "S07位置2二维码[14]" (NodeType.VARIABLE) 到待查找列表 [register_node_list:385] [unilabos.utils.log.post_process]
26-07-30 [23:09:25,575] [DEBUG] 添加节点 "S07位置2二维码[15]" (NodeType.VARIABLE) 到待查找列表 [register_node_list:385] [unilabos.utils.log.post_process]
26-07-30 [23:09:25,575] [DEBUG] 添加节点 "S07位置2二维码[16]" (NodeType.VARIABLE) 到待查找列表 [register_node_list:385] [unilabos.utils.log.post_process]
26-07-30 [23:09:25,575] [DEBUG] 添加节点 "S07位置2二维码[17]" (NodeType.VARIABLE) 到待查找列表 [register_node_list:385] [unilabos.utils.log.post_process]
26-07-30 [23:09:25,575] [DEBUG] 添加节点 "S07位置2二维码[18]" (NodeType.VARIABLE) 到待查找列表 [register_node_list:385] [unilabos.utils.log.post_process]
26-07-30 [23:09:25,575] [DEBUG] 添加节点 "S07位置2二维码[19]" (NodeType.VARIABLE) 到待查找列表 [register_node_list:385] [unilabos.utils.log.post_process]
26-07-30 [23:09:25,575] [DEBUG] 添加节点 "S07位置2二维码[20]" (NodeType.VARIABLE) 到待查找列表 [register_node_list:385] [unilabos.utils.log.post_process]
26-07-30 [23:09:25,575] [DEBUG] 添加节点 "S07位置2二维码[21]" (NodeType.VARIABLE) 到待查找列表 [register_node_list:385] [unilabos.utils.log.post_process]
26-07-30 [23:09:25,575] [DEBUG] 添加节点 "S07位置2二维码[22]" (NodeType.VARIABLE) 到待查找列表 [register_node_list:385] [unilabos.utils.log.post_process]
26-07-30 [23:09:25,575] [DEBUG] 添加节点 "S07位置2二维码[23]" (NodeType.VARIABLE) 到待查找列表 [register_node_list:385] [unilabos.utils.log.post_process]
26-07-30 [23:09:25,575] [DEBUG] 添加节点 "S07位置2二维码[24]" (NodeType.VARIABLE) 到待查找列表 [register_node_list:385] [unilabos.utils.log.post_process]
26-07-30 [23:09:25,575] [DEBUG] 添加节点 "S07位置2二维码[25]" (NodeType.VARIABLE) 到待查找列表 [register_node_list:385] [unilabos.utils.log.post_process]
26-07-30 [23:09:25,575] [DEBUG] 添加节点 "S07位置2二维码[26]" (NodeType.VARIABLE) 到待查找列表 [register_node_list:385] [unilabos.utils.log.post_process]
26-07-30 [23:09:25,575] [DEBUG] 添加节点 "S07位置2二维码[27]" (NodeType.VARIABLE) 到待查找列表 [register_node_list:385] [unilabos.utils.log.post_process]
26-07-30 [23:09:25,575] [DEBUG] 添加节点 "S07位置2二维码[28]" (NodeType.VARIABLE) 到待查找列表 [register_node_list:385] [unilabos.utils.log.post_process]
26-07-30 [23:09:25,575] [DEBUG] 添加节点 "S07位置2二维码[29]" (NodeType.VARIABLE) 到待查找列表 [register_node_list:385] [unilabos.utils.log.post_process]
26-07-30 [23:09:25,575] [DEBUG] 添加节点 "S07位置3二维码" (NodeType.VARIABLE) 到待查找列表 [register_node_list:385] [unilabos.utils.log.post_process]
26-07-30 [23:09:25,575] [DEBUG] 添加节点 "S07位置3二维码[0]" (NodeType.VARIABLE) 到待查找列表 [register_node_list:385] [unilabos.utils.log.post_process]
26-07-30 [23:09:25,575] [DEBUG] 添加节点 "S07位置3二维码[1]" (NodeType.VARIABLE) 到待查找列表 [register_node_list:385] [unilabos.utils.log.post_process]
26-07-30 [23:09:25,575] [DEBUG] 添加节点 "S07位置3二维码[2]" (NodeType.VARIABLE) 到待查找列表 [register_node_list:385] [unilabos.utils.log.post_process]
26-07-30 [23:09:25,575] [DEBUG] 添加节点 "S07位置3二维码[3]" (NodeType.VARIABLE) 到待查找列表 [register_node_list:385] [unilabos.utils.log.post_process]
26-07-30 [23:09:25,575] [DEBUG] 添加节点 "S07位置3二维码[4]" (NodeType.VARIABLE) 到待查找列表 [register_node_list:385] [unilabos.utils.log.post_process]
26-07-30 [23:09:25,575] [DEBUG] 添加节点 "S07位置3二维码[5]" (NodeType.VARIABLE) 到待查找列表 [register_node_list:385] [unilabos.utils.log.post_process]
26-07-30 [23:09:25,575] [DEBUG] 添加节点 "S07位置3二维码[6]" (NodeType.VARIABLE) 到待查找列表 [register_node_list:385] [unilabos.utils.log.post_process]
26-07-30 [23:09:25,575] [DEBUG] 添加节点 "S07位置3二维码[7]" (NodeType.VARIABLE) 到待查找列表 [register_node_list:385] [unilabos.utils.log.post_process]
26-07-30 [23:09:25,576] [DEBUG] 添加节点 "S07位置3二维码[8]" (NodeType.VARIABLE) 到待查找列表 [register_node_list:385] [unilabos.utils.log.post_process]
26-07-30 [23:09:25,576] [DEBUG] 添加节点 "S07位置3二维码[9]" (NodeType.VARIABLE) 到待查找列表 [register_node_list:385] [unilabos.utils.log.post_process]
26-07-30 [23:09:25,576] [DEBUG] 添加节点 "S07位置3二维码[10]" (NodeType.VARIABLE) 到待查找列表 [register_node_list:385] [unilabos.utils.log.post_process]
26-07-30 [23:09:25,576] [DEBUG] 添加节点 "S07位置3二维码[11]" (NodeType.VARIABLE) 到待查找列表 [register_node_list:385] [unilabos.utils.log.post_process]
26-07-30 [23:09:25,576] [DEBUG] 添加节点 "S07位置3二维码[12]" (NodeType.VARIABLE) 到待查找列表 [register_node_list:385] [unilabos.utils.log.post_process]
26-07-30 [23:09:25,576] [DEBUG] 添加节点 "S07位置3二维码[13]" (NodeType.VARIABLE) 到待查找列表 [register_node_list:385] [unilabos.utils.log.post_process]
26-07-30 [23:09:25,576] [DEBUG] 添加节点 "S07位置3二维码[14]" (NodeType.VARIABLE) 到待查找列表 [register_node_list:385] [unilabos.utils.log.post_process]
26-07-30 [23:09:25,576] [DEBUG] 添加节点 "S07位置3二维码[15]" (NodeType.VARIABLE) 到待查找列表 [register_node_list:385] [unilabos.utils.log.post_process]
26-07-30 [23:09:25,576] [DEBUG] 添加节点 "S07位置3二维码[16]" (NodeType.VARIABLE) 到待查找列表 [register_node_list:385] [unilabos.utils.log.post_process]
26-07-30 [23:09:25,576] [DEBUG] 添加节点 "S07位置3二维码[17]" (NodeType.VARIABLE) 到待查找列表 [register_node_list:385] [unilabos.utils.log.post_process]
26-07-30 [23:09:25,576] [DEBUG] 添加节点 "S07位置3二维码[18]" (NodeType.VARIABLE) 到待查找列表 [register_node_list:385] [unilabos.utils.log.post_process]
26-07-30 [23:09:25,576] [DEBUG] 添加节点 "S07位置3二维码[19]" (NodeType.VARIABLE) 到待查找列表 [register_node_list:385] [unilabos.utils.log.post_process]
26-07-30 [23:09:25,576] [DEBUG] 添加节点 "S07位置3二维码[20]" (NodeType.VARIABLE) 到待查找列表 [register_node_list:385] [unilabos.utils.log.post_process]
26-07-30 [23:09:25,576] [DEBUG] 添加节点 "S07位置3二维码[21]" (NodeType.VARIABLE) 到待查找列表 [register_node_list:385] [unilabos.utils.log.post_process]
26-07-30 [23:09:25,576] [DEBUG] 添加节点 "S07位置3二维码[22]" (NodeType.VARIABLE) 到待查找列表 [register_node_list:385] [unilabos.utils.log.post_process]
26-07-30 [23:09:25,576] [DEBUG] 添加节点 "S07位置3二维码[23]" (NodeType.VARIABLE) 到待查找列表 [register_node_list:385] [unilabos.utils.log.post_process]
26-07-30 [23:09:25,576] [DEBUG] 添加节点 "S07位置3二维码[24]" (NodeType.VARIABLE) 到待查找列表 [register_node_list:385] [unilabos.utils.log.post_process]
26-07-30 [23:09:25,576] [DEBUG] 添加节点 "S07位置3二维码[25]" (NodeType.VARIABLE) 到待查找列表 [register_node_list:385] [unilabos.utils.log.post_process]
26-07-30 [23:09:25,576] [DEBUG] 添加节点 "S07位置3二维码[26]" (NodeType.VARIABLE) 到待查找列表 [register_node_list:385] [unilabos.utils.log.post_process]
26-07-30 [23:09:25,576] [DEBUG] 添加节点 "S07位置3二维码[27]" (NodeType.VARIABLE) 到待查找列表 [register_node_list:385] [unilabos.utils.log.post_process]
26-07-30 [23:09:25,576] [DEBUG] 添加节点 "S07位置3二维码[28]" (NodeType.VARIABLE) 到待查找列表 [register_node_list:385] [unilabos.utils.log.post_process]
26-07-30 [23:09:25,576] [DEBUG] 添加节点 "S07位置3二维码[29]" (NodeType.VARIABLE) 到待查找列表 [register_node_list:385] [unilabos.utils.log.post_process]
26-07-30 [23:09:25,576] [DEBUG] 添加节点 "S07位置4二维码" (NodeType.VARIABLE) 到待查找列表 [register_node_list:385] [unilabos.utils.log.post_process]
26-07-30 [23:09:25,576] [DEBUG] 添加节点 "S07位置4二维码[0]" (NodeType.VARIABLE) 到待查找列表 [register_node_list:385] [unilabos.utils.log.post_process]
26-07-30 [23:09:25,576] [DEBUG] 添加节点 "S07位置4二维码[1]" (NodeType.VARIABLE) 到待查找列表 [register_node_list:385] [unilabos.utils.log.post_process]
26-07-30 [23:09:25,576] [DEBUG] 添加节点 "S07位置4二维码[2]" (NodeType.VARIABLE) 到待查找列表 [register_node_list:385] [unilabos.utils.log.post_process]
26-07-30 [23:09:25,576] [DEBUG] 添加节点 "S07位置4二维码[3]" (NodeType.VARIABLE) 到待查找列表 [register_node_list:385] [unilabos.utils.log.post_process]
26-07-30 [23:09:25,576] [DEBUG] 添加节点 "S07位置4二维码[4]" (NodeType.VARIABLE) 到待查找列表 [register_node_list:385] [unilabos.utils.log.post_process]
26-07-30 [23:09:25,576] [DEBUG] 添加节点 "S07位置4二维码[5]" (NodeType.VARIABLE) 到待查找列表 [register_node_list:385] [unilabos.utils.log.post_process]
26-07-30 [23:09:25,576] [DEBUG] 添加节点 "S07位置4二维码[6]" (NodeType.VARIABLE) 到待查找列表 [register_node_list:385] [unilabos.utils.log.post_process]
26-07-30 [23:09:25,576] [DEBUG] 添加节点 "S07位置4二维码[7]" (NodeType.VARIABLE) 到待查找列表 [register_node_list:385] [unilabos.utils.log.post_process]
26-07-30 [23:09:25,576] [DEBUG] 添加节点 "S07位置4二维码[8]" (NodeType.VARIABLE) 到待查找列表 [register_node_list:385] [unilabos.utils.log.post_process]
26-07-30 [23:09:25,576] [DEBUG] 添加节点 "S07位置4二维码[9]" (NodeType.VARIABLE) 到待查找列表 [register_node_list:385] [unilabos.utils.log.post_process]
26-07-30 [23:09:25,576] [DEBUG] 添加节点 "S07位置4二维码[10]" (NodeType.VARIABLE) 到待查找列表 [register_node_list:385] [unilabos.utils.log.post_process]
26-07-30 [23:09:25,576] [DEBUG] 添加节点 "S07位置4二维码[11]" (NodeType.VARIABLE) 到待查找列表 [register_node_list:385] [unilabos.utils.log.post_process]
26-07-30 [23:09:25,576] [DEBUG] 添加节点 "S07位置4二维码[12]" (NodeType.VARIABLE) 到待查找列表 [register_node_list:385] [unilabos.utils.log.post_process]
26-07-30 [23:09:25,576] [DEBUG] 添加节点 "S07位置4二维码[13]" (NodeType.VARIABLE) 到待查找列表 [register_node_list:385] [unilabos.utils.log.post_process]
26-07-30 [23:09:25,576] [DEBUG] 添加节点 "S07位置4二维码[14]" (NodeType.VARIABLE) 到待查找列表 [register_node_list:385] [unilabos.utils.log.post_process]
26-07-30 [23:09:25,576] [DEBUG] 添加节点 "S07位置4二维码[15]" (NodeType.VARIABLE) 到待查找列表 [register_node_list:385] [unilabos.utils.log.post_process]
26-07-30 [23:09:25,576] [DEBUG] 添加节点 "S07位置4二维码[16]" (NodeType.VARIABLE) 到待查找列表 [register_node_list:385] [unilabos.utils.log.post_process]
26-07-30 [23:09:25,576] [DEBUG] 添加节点 "S07位置4二维码[17]" (NodeType.VARIABLE) 到待查找列表 [register_node_list:385] [unilabos.utils.log.post_process]
26-07-30 [23:09:25,576] [DEBUG] 添加节点 "S07位置4二维码[18]" (NodeType.VARIABLE) 到待查找列表 [register_node_list:385] [unilabos.utils.log.post_process]
26-07-30 [23:09:25,576] [DEBUG] 添加节点 "S07位置4二维码[19]" (NodeType.VARIABLE) 到待查找列表 [register_node_list:385] [unilabos.utils.log.post_process]
26-07-30 [23:09:25,576] [DEBUG] 添加节点 "S07位置4二维码[20]" (NodeType.VARIABLE) 到待查找列表 [register_node_list:385] [unilabos.utils.log.post_process]
26-07-30 [23:09:25,576] [DEBUG] 添加节点 "S07位置4二维码[21]" (NodeType.VARIABLE) 到待查找列表 [register_node_list:385] [unilabos.utils.log.post_process]
26-07-30 [23:09:25,576] [DEBUG] 添加节点 "S07位置4二维码[22]" (NodeType.VARIABLE) 到待查找列表 [register_node_list:385] [unilabos.utils.log.post_process]
26-07-30 [23:09:25,576] [DEBUG] 添加节点 "S07位置4二维码[23]" (NodeType.VARIABLE) 到待查找列表 [register_node_list:385] [unilabos.utils.log.post_process]
26-07-30 [23:09:25,576] [DEBUG] 添加节点 "S07位置4二维码[24]" (NodeType.VARIABLE) 到待查找列表 [register_node_list:385] [unilabos.utils.log.post_process]
26-07-30 [23:09:25,576] [DEBUG] 添加节点 "S07位置4二维码[25]" (NodeType.VARIABLE) 到待查找列表 [register_node_list:385] [unilabos.utils.log.post_process]
26-07-30 [23:09:25,576] [DEBUG] 添加节点 "S07位置4二维码[26]" (NodeType.VARIABLE) 到待查找列表 [register_node_list:385] [unilabos.utils.log.post_process]
26-07-30 [23:09:25,576] [DEBUG] 添加节点 "S07位置4二维码[27]" (NodeType.VARIABLE) 到待查找列表 [register_node_list:385] [unilabos.utils.log.post_process]
26-07-30 [23:09:25,576] [DEBUG] 添加节点 "S07位置4二维码[28]" (NodeType.VARIABLE) 到待查找列表 [register_node_list:385] [unilabos.utils.log.post_process]
26-07-30 [23:09:25,576] [DEBUG] 添加节点 "S07位置4二维码[29]" (NodeType.VARIABLE) 到待查找列表 [register_node_list:385] [unilabos.utils.log.post_process]
26-07-30 [23:09:25,576] [DEBUG] 添加节点 "S07位置5二维码" (NodeType.VARIABLE) 到待查找列表 [register_node_list:385] [unilabos.utils.log.post_process]
26-07-30 [23:09:25,576] [DEBUG] 添加节点 "S07位置5二维码[0]" (NodeType.VARIABLE) 到待查找列表 [register_node_list:385] [unilabos.utils.log.post_process]
26-07-30 [23:09:25,576] [DEBUG] 添加节点 "S07位置5二维码[1]" (NodeType.VARIABLE) 到待查找列表 [register_node_list:385] [unilabos.utils.log.post_process]
26-07-30 [23:09:25,576] [DEBUG] 添加节点 "S07位置5二维码[2]" (NodeType.VARIABLE) 到待查找列表 [register_node_list:385] [unilabos.utils.log.post_process]
26-07-30 [23:09:25,576] [DEBUG] 添加节点 "S07位置5二维码[3]" (NodeType.VARIABLE) 到待查找列表 [register_node_list:385] [unilabos.utils.log.post_process]
26-07-30 [23:09:25,576] [DEBUG] 添加节点 "S07位置5二维码[4]" (NodeType.VARIABLE) 到待查找列表 [register_node_list:385] [unilabos.utils.log.post_process]
26-07-30 [23:09:25,576] [DEBUG] 添加节点 "S07位置5二维码[5]" (NodeType.VARIABLE) 到待查找列表 [register_node_list:385] [unilabos.utils.log.post_process]
26-07-30 [23:09:25,576] [DEBUG] 添加节点 "S07位置5二维码[6]" (NodeType.VARIABLE) 到待查找列表 [register_node_list:385] [unilabos.utils.log.post_process]
26-07-30 [23:09:25,576] [DEBUG] 添加节点 "S07位置5二维码[7]" (NodeType.VARIABLE) 到待查找列表 [register_node_list:385] [unilabos.utils.log.post_process]
26-07-30 [23:09:25,576] [DEBUG] 添加节点 "S07位置5二维码[8]" (NodeType.VARIABLE) 到待查找列表 [register_node_list:385] [unilabos.utils.log.post_process]
26-07-30 [23:09:25,576] [DEBUG] 添加节点 "S07位置5二维码[9]" (NodeType.VARIABLE) 到待查找列表 [register_node_list:385] [unilabos.utils.log.post_process]
26-07-30 [23:09:25,576] [DEBUG] 添加节点 "S07位置5二维码[10]" (NodeType.VARIABLE) 到待查找列表 [register_node_list:385] [unilabos.utils.log.post_process]
26-07-30 [23:09:25,576] [DEBUG] 添加节点 "S07位置5二维码[11]" (NodeType.VARIABLE) 到待查找列表 [register_node_list:385] [unilabos.utils.log.post_process]
26-07-30 [23:09:25,576] [DEBUG] 添加节点 "S07位置5二维码[12]" (NodeType.VARIABLE) 到待查找列表 [register_node_list:385] [unilabos.utils.log.post_process]
26-07-30 [23:09:25,576] [DEBUG] 添加节点 "S07位置5二维码[13]" (NodeType.VARIABLE) 到待查找列表 [register_node_list:385] [unilabos.utils.log.post_process]
26-07-30 [23:09:25,576] [DEBUG] 添加节点 "S07位置5二维码[14]" (NodeType.VARIABLE) 到待查找列表 [register_node_list:385] [unilabos.utils.log.post_process]
26-07-30 [23:09:25,576] [DEBUG] 添加节点 "S07位置5二维码[15]" (NodeType.VARIABLE) 到待查找列表 [register_node_list:385] [unilabos.utils.log.post_process]
26-07-30 [23:09:25,576] [DEBUG] 添加节点 "S07位置5二维码[16]" (NodeType.VARIABLE) 到待查找列表 [register_node_list:385] [unilabos.utils.log.post_process]
26-07-30 [23:09:25,576] [DEBUG] 添加节点 "S07位置5二维码[17]" (NodeType.VARIABLE) 到待查找列表 [register_node_list:385] [unilabos.utils.log.post_process]
26-07-30 [23:09:25,576] [DEBUG] 添加节点 "S07位置5二维码[18]" (NodeType.VARIABLE) 到待查找列表 [register_node_list:385] [unilabos.utils.log.post_process]
26-07-30 [23:09:25,576] [DEBUG] 添加节点 "S07位置5二维码[19]" (NodeType.VARIABLE) 到待查找列表 [register_node_list:385] [unilabos.utils.log.post_process]
26-07-30 [23:09:25,576] [DEBUG] 添加节点 "S07位置5二维码[20]" (NodeType.VARIABLE) 到待查找列表 [register_node_list:385] [unilabos.utils.log.post_process]
26-07-30 [23:09:25,576] [DEBUG] 添加节点 "S07位置5二维码[21]" (NodeType.VARIABLE) 到待查找列表 [register_node_list:385] [unilabos.utils.log.post_process]
26-07-30 [23:09:25,576] [DEBUG] 添加节点 "S07位置5二维码[22]" (NodeType.VARIABLE) 到待查找列表 [register_node_list:385] [unilabos.utils.log.post_process]
26-07-30 [23:09:25,576] [DEBUG] 添加节点 "S07位置5二维码[23]" (NodeType.VARIABLE) 到待查找列表 [register_node_list:385] [unilabos.utils.log.post_process]
26-07-30 [23:09:25,576] [DEBUG] 添加节点 "S07位置5二维码[24]" (NodeType.VARIABLE) 到待查找列表 [register_node_list:385] [unilabos.utils.log.post_process]
26-07-30 [23:09:25,576] [DEBUG] 添加节点 "S07位置5二维码[25]" (NodeType.VARIABLE) 到待查找列表 [register_node_list:385] [unilabos.utils.log.post_process]
26-07-30 [23:09:25,576] [DEBUG] 添加节点 "S07位置5二维码[26]" (NodeType.VARIABLE) 到待查找列表 [register_node_list:385] [unilabos.utils.log.post_process]
26-07-30 [23:09:25,576] [DEBUG] 添加节点 "S07位置5二维码[27]" (NodeType.VARIABLE) 到待查找列表 [register_node_list:385] [unilabos.utils.log.post_process]
26-07-30 [23:09:25,576] [DEBUG] 添加节点 "S07位置5二维码[28]" (NodeType.VARIABLE) 到待查找列表 [register_node_list:385] [unilabos.utils.log.post_process]
26-07-30 [23:09:25,576] [DEBUG] 添加节点 "S07位置5二维码[29]" (NodeType.VARIABLE) 到待查找列表 [register_node_list:385] [unilabos.utils.log.post_process]
26-07-30 [23:09:25,576] [DEBUG] 添加节点 "S07位置6二维码" (NodeType.VARIABLE) 到待查找列表 [register_node_list:385] [unilabos.utils.log.post_process]
26-07-30 [23:09:25,576] [DEBUG] 添加节点 "S07位置6二维码[0]" (NodeType.VARIABLE) 到待查找列表 [register_node_list:385] [unilabos.utils.log.post_process]
26-07-30 [23:09:25,576] [DEBUG] 添加节点 "S07位置6二维码[1]" (NodeType.VARIABLE) 到待查找列表 [register_node_list:385] [unilabos.utils.log.post_process]
26-07-30 [23:09:25,576] [DEBUG] 添加节点 "S07位置6二维码[2]" (NodeType.VARIABLE) 到待查找列表 [register_node_list:385] [unilabos.utils.log.post_process]
26-07-30 [23:09:25,576] [DEBUG] 添加节点 "S07位置6二维码[3]" (NodeType.VARIABLE) 到待查找列表 [register_node_list:385] [unilabos.utils.log.post_process]
26-07-30 [23:09:25,576] [DEBUG] 添加节点 "S07位置6二维码[4]" (NodeType.VARIABLE) 到待查找列表 [register_node_list:385] [unilabos.utils.log.post_process]
26-07-30 [23:09:25,576] [DEBUG] 添加节点 "S07位置6二维码[5]" (NodeType.VARIABLE) 到待查找列表 [register_node_list:385] [unilabos.utils.log.post_process]
26-07-30 [23:09:25,576] [DEBUG] 添加节点 "S07位置6二维码[6]" (NodeType.VARIABLE) 到待查找列表 [register_node_list:385] [unilabos.utils.log.post_process]
26-07-30 [23:09:25,576] [DEBUG] 添加节点 "S07位置6二维码[7]" (NodeType.VARIABLE) 到待查找列表 [register_node_list:385] [unilabos.utils.log.post_process]
26-07-30 [23:09:25,576] [DEBUG] 添加节点 "S07位置6二维码[8]" (NodeType.VARIABLE) 到待查找列表 [register_node_list:385] [unilabos.utils.log.post_process]
26-07-30 [23:09:25,576] [DEBUG] 添加节点 "S07位置6二维码[9]" (NodeType.VARIABLE) 到待查找列表 [register_node_list:385] [unilabos.utils.log.post_process]
26-07-30 [23:09:25,576] [DEBUG] 添加节点 "S07位置6二维码[10]" (NodeType.VARIABLE) 到待查找列表 [register_node_list:385] [unilabos.utils.log.post_process]
26-07-30 [23:09:25,576] [DEBUG] 添加节点 "S07位置6二维码[11]" (NodeType.VARIABLE) 到待查找列表 [register_node_list:385] [unilabos.utils.log.post_process]
26-07-30 [23:09:25,577] [DEBUG] 添加节点 "S07位置6二维码[12]" (NodeType.VARIABLE) 到待查找列表 [register_node_list:385] [unilabos.utils.log.post_process]
26-07-30 [23:09:25,577] [DEBUG] 添加节点 "S07位置6二维码[13]" (NodeType.VARIABLE) 到待查找列表 [register_node_list:385] [unilabos.utils.log.post_process]
26-07-30 [23:09:25,577] [DEBUG] 添加节点 "S07位置6二维码[14]" (NodeType.VARIABLE) 到待查找列表 [register_node_list:385] [unilabos.utils.log.post_process]
26-07-30 [23:09:25,577] [DEBUG] 添加节点 "S07位置6二维码[15]" (NodeType.VARIABLE) 到待查找列表 [register_node_list:385] [unilabos.utils.log.post_process]
26-07-30 [23:09:25,577] [DEBUG] 添加节点 "S07位置6二维码[16]" (NodeType.VARIABLE) 到待查找列表 [register_node_list:385] [unilabos.utils.log.post_process]
26-07-30 [23:09:25,577] [DEBUG] 添加节点 "S07位置6二维码[17]" (NodeType.VARIABLE) 到待查找列表 [register_node_list:385] [unilabos.utils.log.post_process]
26-07-30 [23:09:25,577] [DEBUG] 添加节点 "S07位置6二维码[18]" (NodeType.VARIABLE) 到待查找列表 [register_node_list:385] [unilabos.utils.log.post_process]
26-07-30 [23:09:25,577] [DEBUG] 添加节点 "S07位置6二维码[19]" (NodeType.VARIABLE) 到待查找列表 [register_node_list:385] [unilabos.utils.log.post_process]
26-07-30 [23:09:25,577] [DEBUG] 添加节点 "S07位置6二维码[20]" (NodeType.VARIABLE) 到待查找列表 [register_node_list:385] [unilabos.utils.log.post_process]
26-07-30 [23:09:25,577] [DEBUG] 添加节点 "S07位置6二维码[21]" (NodeType.VARIABLE) 到待查找列表 [register_node_list:385] [unilabos.utils.log.post_process]
26-07-30 [23:09:25,577] [DEBUG] 添加节点 "S07位置6二维码[22]" (NodeType.VARIABLE) 到待查找列表 [register_node_list:385] [unilabos.utils.log.post_process]
26-07-30 [23:09:25,577] [DEBUG] 添加节点 "S07位置6二维码[23]" (NodeType.VARIABLE) 到待查找列表 [register_node_list:385] [unilabos.utils.log.post_process]
26-07-30 [23:09:25,577] [DEBUG] 添加节点 "S07位置6二维码[24]" (NodeType.VARIABLE) 到待查找列表 [register_node_list:385] [unilabos.utils.log.post_process]
26-07-30 [23:09:25,577] [DEBUG] 添加节点 "S07位置6二维码[25]" (NodeType.VARIABLE) 到待查找列表 [register_node_list:385] [unilabos.utils.log.post_process]
26-07-30 [23:09:25,577] [DEBUG] 添加节点 "S07位置6二维码[26]" (NodeType.VARIABLE) 到待查找列表 [register_node_list:385] [unilabos.utils.log.post_process]
26-07-30 [23:09:25,577] [DEBUG] 添加节点 "S07位置6二维码[27]" (NodeType.VARIABLE) 到待查找列表 [register_node_list:385] [unilabos.utils.log.post_process]
26-07-30 [23:09:25,577] [DEBUG] 添加节点 "S07位置6二维码[28]" (NodeType.VARIABLE) 到待查找列表 [register_node_list:385] [unilabos.utils.log.post_process]
26-07-30 [23:09:25,577] [DEBUG] 添加节点 "S07位置6二维码[29]" (NodeType.VARIABLE) 到待查找列表 [register_node_list:385] [unilabos.utils.log.post_process]
26-07-30 [23:09:25,577] [DEBUG] 添加节点 "S07位置7二维码" (NodeType.VARIABLE) 到待查找列表 [register_node_list:385] [unilabos.utils.log.post_process]
26-07-30 [23:09:25,577] [DEBUG] 添加节点 "S07位置7二维码[0]" (NodeType.VARIABLE) 到待查找列表 [register_node_list:385] [unilabos.utils.log.post_process]
26-07-30 [23:09:25,577] [DEBUG] 添加节点 "S07位置7二维码[1]" (NodeType.VARIABLE) 到待查找列表 [register_node_list:385] [unilabos.utils.log.post_process]
26-07-30 [23:09:25,577] [DEBUG] 添加节点 "S07位置7二维码[2]" (NodeType.VARIABLE) 到待查找列表 [register_node_list:385] [unilabos.utils.log.post_process]
26-07-30 [23:09:25,577] [DEBUG] 添加节点 "S07位置7二维码[3]" (NodeType.VARIABLE) 到待查找列表 [register_node_list:385] [unilabos.utils.log.post_process]
26-07-30 [23:09:25,577] [DEBUG] 添加节点 "S07位置7二维码[4]" (NodeType.VARIABLE) 到待查找列表 [register_node_list:385] [unilabos.utils.log.post_process]
26-07-30 [23:09:25,577] [DEBUG] 添加节点 "S07位置7二维码[5]" (NodeType.VARIABLE) 到待查找列表 [register_node_list:385] [unilabos.utils.log.post_process]
26-07-30 [23:09:25,577] [DEBUG] 添加节点 "S07位置7二维码[6]" (NodeType.VARIABLE) 到待查找列表 [register_node_list:385] [unilabos.utils.log.post_process]
26-07-30 [23:09:25,577] [DEBUG] 添加节点 "S07位置7二维码[7]" (NodeType.VARIABLE) 到待查找列表 [register_node_list:385] [unilabos.utils.log.post_process]
26-07-30 [23:09:25,577] [DEBUG] 添加节点 "S07位置7二维码[8]" (NodeType.VARIABLE) 到待查找列表 [register_node_list:385] [unilabos.utils.log.post_process]
26-07-30 [23:09:25,577] [DEBUG] 添加节点 "S07位置7二维码[9]" (NodeType.VARIABLE) 到待查找列表 [register_node_list:385] [unilabos.utils.log.post_process]
26-07-30 [23:09:25,577] [DEBUG] 添加节点 "S07位置7二维码[10]" (NodeType.VARIABLE) 到待查找列表 [register_node_list:385] [unilabos.utils.log.post_process]
26-07-30 [23:09:25,577] [DEBUG] 添加节点 "S07位置7二维码[11]" (NodeType.VARIABLE) 到待查找列表 [register_node_list:385] [unilabos.utils.log.post_process]
26-07-30 [23:09:25,577] [DEBUG] 添加节点 "S07位置7二维码[12]" (NodeType.VARIABLE) 到待查找列表 [register_node_list:385] [unilabos.utils.log.post_process]
26-07-30 [23:09:25,577] [DEBUG] 添加节点 "S07位置7二维码[13]" (NodeType.VARIABLE) 到待查找列表 [register_node_list:385] [unilabos.utils.log.post_process]
26-07-30 [23:09:25,577] [DEBUG] 添加节点 "S07位置7二维码[14]" (NodeType.VARIABLE) 到待查找列表 [register_node_list:385] [unilabos.utils.log.post_process]
26-07-30 [23:09:25,577] [DEBUG] 添加节点 "S07位置7二维码[15]" (NodeType.VARIABLE) 到待查找列表 [register_node_list:385] [unilabos.utils.log.post_process]
26-07-30 [23:09:25,577] [DEBUG] 添加节点 "S07位置7二维码[16]" (NodeType.VARIABLE) 到待查找列表 [register_node_list:385] [unilabos.utils.log.post_process]
26-07-30 [23:09:25,577] [DEBUG] 添加节点 "S07位置7二维码[17]" (NodeType.VARIABLE) 到待查找列表 [register_node_list:385] [unilabos.utils.log.post_process]
26-07-30 [23:09:25,577] [DEBUG] 添加节点 "S07位置7二维码[18]" (NodeType.VARIABLE) 到待查找列表 [register_node_list:385] [unilabos.utils.log.post_process]
26-07-30 [23:09:25,577] [DEBUG] 添加节点 "S07位置7二维码[19]" (NodeType.VARIABLE) 到待查找列表 [register_node_list:385] [unilabos.utils.log.post_process]
26-07-30 [23:09:25,577] [DEBUG] 添加节点 "S07位置7二维码[20]" (NodeType.VARIABLE) 到待查找列表 [register_node_list:385] [unilabos.utils.log.post_process]
26-07-30 [23:09:25,577] [DEBUG] 添加节点 "S07位置7二维码[21]" (NodeType.VARIABLE) 到待查找列表 [register_node_list:385] [unilabos.utils.log.post_process]
26-07-30 [23:09:25,577] [DEBUG] 添加节点 "S07位置7二维码[22]" (NodeType.VARIABLE) 到待查找列表 [register_node_list:385] [unilabos.utils.log.post_process]
26-07-30 [23:09:25,577] [DEBUG] 添加节点 "S07位置7二维码[23]" (NodeType.VARIABLE) 到待查找列表 [register_node_list:385] [unilabos.utils.log.post_process]
26-07-30 [23:09:25,577] [DEBUG] 添加节点 "S07位置7二维码[24]" (NodeType.VARIABLE) 到待查找列表 [register_node_list:385] [unilabos.utils.log.post_process]
26-07-30 [23:09:25,577] [DEBUG] 添加节点 "S07位置7二维码[25]" (NodeType.VARIABLE) 到待查找列表 [register_node_list:385] [unilabos.utils.log.post_process]
26-07-30 [23:09:25,577] [DEBUG] 添加节点 "S07位置7二维码[26]" (NodeType.VARIABLE) 到待查找列表 [register_node_list:385] [unilabos.utils.log.post_process]
26-07-30 [23:09:25,577] [DEBUG] 添加节点 "S07位置7二维码[27]" (NodeType.VARIABLE) 到待查找列表 [register_node_list:385] [unilabos.utils.log.post_process]
26-07-30 [23:09:25,577] [DEBUG] 添加节点 "S07位置7二维码[28]" (NodeType.VARIABLE) 到待查找列表 [register_node_list:385] [unilabos.utils.log.post_process]
26-07-30 [23:09:25,577] [DEBUG] 添加节点 "S07位置7二维码[29]" (NodeType.VARIABLE) 到待查找列表 [register_node_list:385] [unilabos.utils.log.post_process]
26-07-30 [23:09:25,577] [DEBUG] 添加节点 "S07位置8二维码" (NodeType.VARIABLE) 到待查找列表 [register_node_list:385] [unilabos.utils.log.post_process]
26-07-30 [23:09:25,577] [DEBUG] 添加节点 "S07位置8二维码[0]" (NodeType.VARIABLE) 到待查找列表 [register_node_list:385] [unilabos.utils.log.post_process]
26-07-30 [23:09:25,577] [DEBUG] 添加节点 "S07位置8二维码[1]" (NodeType.VARIABLE) 到待查找列表 [register_node_list:385] [unilabos.utils.log.post_process]
26-07-30 [23:09:25,577] [DEBUG] 添加节点 "S07位置8二维码[2]" (NodeType.VARIABLE) 到待查找列表 [register_node_list:385] [unilabos.utils.log.post_process]
26-07-30 [23:09:25,577] [DEBUG] 添加节点 "S07位置8二维码[3]" (NodeType.VARIABLE) 到待查找列表 [register_node_list:385] [unilabos.utils.log.post_process]
26-07-30 [23:09:25,577] [DEBUG] 添加节点 "S07位置8二维码[4]" (NodeType.VARIABLE) 到待查找列表 [register_node_list:385] [unilabos.utils.log.post_process]
26-07-30 [23:09:25,577] [DEBUG] 添加节点 "S07位置8二维码[5]" (NodeType.VARIABLE) 到待查找列表 [register_node_list:385] [unilabos.utils.log.post_process]
26-07-30 [23:09:25,577] [DEBUG] 添加节点 "S07位置8二维码[6]" (NodeType.VARIABLE) 到待查找列表 [register_node_list:385] [unilabos.utils.log.post_process]
26-07-30 [23:09:25,577] [DEBUG] 添加节点 "S07位置8二维码[7]" (NodeType.VARIABLE) 到待查找列表 [register_node_list:385] [unilabos.utils.log.post_process]
26-07-30 [23:09:25,577] [DEBUG] 添加节点 "S07位置8二维码[8]" (NodeType.VARIABLE) 到待查找列表 [register_node_list:385] [unilabos.utils.log.post_process]
26-07-30 [23:09:25,577] [DEBUG] 添加节点 "S07位置8二维码[9]" (NodeType.VARIABLE) 到待查找列表 [register_node_list:385] [unilabos.utils.log.post_process]
26-07-30 [23:09:25,577] [DEBUG] 添加节点 "S07位置8二维码[10]" (NodeType.VARIABLE) 到待查找列表 [register_node_list:385] [unilabos.utils.log.post_process]
26-07-30 [23:09:25,577] [DEBUG] 添加节点 "S07位置8二维码[11]" (NodeType.VARIABLE) 到待查找列表 [register_node_list:385] [unilabos.utils.log.post_process]
26-07-30 [23:09:25,577] [DEBUG] 添加节点 "S07位置8二维码[12]" (NodeType.VARIABLE) 到待查找列表 [register_node_list:385] [unilabos.utils.log.post_process]
26-07-30 [23:09:25,577] [DEBUG] 添加节点 "S07位置8二维码[13]" (NodeType.VARIABLE) 到待查找列表 [register_node_list:385] [unilabos.utils.log.post_process]
26-07-30 [23:09:25,577] [DEBUG] 添加节点 "S07位置8二维码[14]" (NodeType.VARIABLE) 到待查找列表 [register_node_list:385] [unilabos.utils.log.post_process]
26-07-30 [23:09:25,577] [DEBUG] 添加节点 "S07位置8二维码[15]" (NodeType.VARIABLE) 到待查找列表 [register_node_list:385] [unilabos.utils.log.post_process]
26-07-30 [23:09:25,577] [DEBUG] 添加节点 "S07位置8二维码[16]" (NodeType.VARIABLE) 到待查找列表 [register_node_list:385] [unilabos.utils.log.post_process]
26-07-30 [23:09:25,577] [DEBUG] 添加节点 "S07位置8二维码[17]" (NodeType.VARIABLE) 到待查找列表 [register_node_list:385] [unilabos.utils.log.post_process]
26-07-30 [23:09:25,577] [DEBUG] 添加节点 "S07位置8二维码[18]" (NodeType.VARIABLE) 到待查找列表 [register_node_list:385] [unilabos.utils.log.post_process]
26-07-30 [23:09:25,577] [DEBUG] 添加节点 "S07位置8二维码[19]" (NodeType.VARIABLE) 到待查找列表 [register_node_list:385] [unilabos.utils.log.post_process]
26-07-30 [23:09:25,577] [DEBUG] 添加节点 "S07位置8二维码[20]" (NodeType.VARIABLE) 到待查找列表 [register_node_list:385] [unilabos.utils.log.post_process]
26-07-30 [23:09:25,577] [DEBUG] 添加节点 "S07位置8二维码[21]" (NodeType.VARIABLE) 到待查找列表 [register_node_list:385] [unilabos.utils.log.post_process]
26-07-30 [23:09:25,577] [DEBUG] 添加节点 "S07位置8二维码[22]" (NodeType.VARIABLE) 到待查找列表 [register_node_list:385] [unilabos.utils.log.post_process]
26-07-30 [23:09:25,577] [DEBUG] 添加节点 "S07位置8二维码[23]" (NodeType.VARIABLE) 到待查找列表 [register_node_list:385] [unilabos.utils.log.post_process]
26-07-30 [23:09:25,577] [DEBUG] 添加节点 "S07位置8二维码[24]" (NodeType.VARIABLE) 到待查找列表 [register_node_list:385] [unilabos.utils.log.post_process]
26-07-30 [23:09:25,577] [DEBUG] 添加节点 "S07位置8二维码[25]" (NodeType.VARIABLE) 到待查找列表 [register_node_list:385] [unilabos.utils.log.post_process]
26-07-30 [23:09:25,577] [DEBUG] 添加节点 "S07位置8二维码[26]" (NodeType.VARIABLE) 到待查找列表 [register_node_list:385] [unilabos.utils.log.post_process]
26-07-30 [23:09:25,577] [DEBUG] 添加节点 "S07位置8二维码[27]" (NodeType.VARIABLE) 到待查找列表 [register_node_list:385] [unilabos.utils.log.post_process]
26-07-30 [23:09:25,577] [DEBUG] 添加节点 "S07位置8二维码[28]" (NodeType.VARIABLE) 到待查找列表 [register_node_list:385] [unilabos.utils.log.post_process]
26-07-30 [23:09:25,577] [DEBUG] 添加节点 "S07位置8二维码[29]" (NodeType.VARIABLE) 到待查找列表 [register_node_list:385] [unilabos.utils.log.post_process]
26-07-30 [23:09:25,577] [DEBUG] 添加节点 "S07位置9二维码" (NodeType.VARIABLE) 到待查找列表 [register_node_list:385] [unilabos.utils.log.post_process]
26-07-30 [23:09:25,577] [DEBUG] 添加节点 "S07位置9二维码[0]" (NodeType.VARIABLE) 到待查找列表 [register_node_list:385] [unilabos.utils.log.post_process]
26-07-30 [23:09:25,577] [DEBUG] 添加节点 "S07位置9二维码[1]" (NodeType.VARIABLE) 到待查找列表 [register_node_list:385] [unilabos.utils.log.post_process]
26-07-30 [23:09:25,577] [DEBUG] 添加节点 "S07位置9二维码[2]" (NodeType.VARIABLE) 到待查找列表 [register_node_list:385] [unilabos.utils.log.post_process]
26-07-30 [23:09:25,577] [DEBUG] 添加节点 "S07位置9二维码[3]" (NodeType.VARIABLE) 到待查找列表 [register_node_list:385] [unilabos.utils.log.post_process]
26-07-30 [23:09:25,577] [DEBUG] 添加节点 "S07位置9二维码[4]" (NodeType.VARIABLE) 到待查找列表 [register_node_list:385] [unilabos.utils.log.post_process]
26-07-30 [23:09:25,577] [DEBUG] 添加节点 "S07位置9二维码[5]" (NodeType.VARIABLE) 到待查找列表 [register_node_list:385] [unilabos.utils.log.post_process]
26-07-30 [23:09:25,577] [DEBUG] 添加节点 "S07位置9二维码[6]" (NodeType.VARIABLE) 到待查找列表 [register_node_list:385] [unilabos.utils.log.post_process]
26-07-30 [23:09:25,577] [DEBUG] 添加节点 "S07位置9二维码[7]" (NodeType.VARIABLE) 到待查找列表 [register_node_list:385] [unilabos.utils.log.post_process]
26-07-30 [23:09:25,577] [DEBUG] 添加节点 "S07位置9二维码[8]" (NodeType.VARIABLE) 到待查找列表 [register_node_list:385] [unilabos.utils.log.post_process]
26-07-30 [23:09:25,577] [DEBUG] 添加节点 "S07位置9二维码[9]" (NodeType.VARIABLE) 到待查找列表 [register_node_list:385] [unilabos.utils.log.post_process]
26-07-30 [23:09:25,577] [DEBUG] 添加节点 "S07位置9二维码[10]" (NodeType.VARIABLE) 到待查找列表 [register_node_list:385] [unilabos.utils.log.post_process]
26-07-30 [23:09:25,577] [DEBUG] 添加节点 "S07位置9二维码[11]" (NodeType.VARIABLE) 到待查找列表 [register_node_list:385] [unilabos.utils.log.post_process]
26-07-30 [23:09:25,577] [DEBUG] 添加节点 "S07位置9二维码[12]" (NodeType.VARIABLE) 到待查找列表 [register_node_list:385] [unilabos.utils.log.post_process]
26-07-30 [23:09:25,577] [DEBUG] 添加节点 "S07位置9二维码[13]" (NodeType.VARIABLE) 到待查找列表 [register_node_list:385] [unilabos.utils.log.post_process]
26-07-30 [23:09:25,577] [DEBUG] 添加节点 "S07位置9二维码[14]" (NodeType.VARIABLE) 到待查找列表 [register_node_list:385] [unilabos.utils.log.post_process]
26-07-30 [23:09:25,577] [DEBUG] 添加节点 "S07位置9二维码[15]" (NodeType.VARIABLE) 到待查找列表 [register_node_list:385] [unilabos.utils.log.post_process]
26-07-30 [23:09:25,577] [DEBUG] 添加节点 "S07位置9二维码[16]" (NodeType.VARIABLE) 到待查找列表 [register_node_list:385] [unilabos.utils.log.post_process]
26-07-30 [23:09:25,577] [DEBUG] 添加节点 "S07位置9二维码[17]" (NodeType.VARIABLE) 到待查找列表 [register_node_list:385] [unilabos.utils.log.post_process]
26-07-30 [23:09:25,578] [DEBUG] 添加节点 "S07位置9二维码[18]" (NodeType.VARIABLE) 到待查找列表 [register_node_list:385] [unilabos.utils.log.post_process]
26-07-30 [23:09:25,578] [DEBUG] 添加节点 "S07位置9二维码[19]" (NodeType.VARIABLE) 到待查找列表 [register_node_list:385] [unilabos.utils.log.post_process]
26-07-30 [23:09:25,578] [DEBUG] 添加节点 "S07位置9二维码[20]" (NodeType.VARIABLE) 到待查找列表 [register_node_list:385] [unilabos.utils.log.post_process]
26-07-30 [23:09:25,578] [DEBUG] 添加节点 "S07位置9二维码[21]" (NodeType.VARIABLE) 到待查找列表 [register_node_list:385] [unilabos.utils.log.post_process]
26-07-30 [23:09:25,578] [DEBUG] 添加节点 "S07位置9二维码[22]" (NodeType.VARIABLE) 到待查找列表 [register_node_list:385] [unilabos.utils.log.post_process]
26-07-30 [23:09:25,578] [DEBUG] 添加节点 "S07位置9二维码[23]" (NodeType.VARIABLE) 到待查找列表 [register_node_list:385] [unilabos.utils.log.post_process]
26-07-30 [23:09:25,578] [DEBUG] 添加节点 "S07位置9二维码[24]" (NodeType.VARIABLE) 到待查找列表 [register_node_list:385] [unilabos.utils.log.post_process]
26-07-30 [23:09:25,578] [DEBUG] 添加节点 "S07位置9二维码[25]" (NodeType.VARIABLE) 到待查找列表 [register_node_list:385] [unilabos.utils.log.post_process]
26-07-30 [23:09:25,578] [DEBUG] 添加节点 "S07位置9二维码[26]" (NodeType.VARIABLE) 到待查找列表 [register_node_list:385] [unilabos.utils.log.post_process]
26-07-30 [23:09:25,578] [DEBUG] 添加节点 "S07位置9二维码[27]" (NodeType.VARIABLE) 到待查找列表 [register_node_list:385] [unilabos.utils.log.post_process]
26-07-30 [23:09:25,578] [DEBUG] 添加节点 "S07位置9二维码[28]" (NodeType.VARIABLE) 到待查找列表 [register_node_list:385] [unilabos.utils.log.post_process]
26-07-30 [23:09:25,578] [DEBUG] 添加节点 "S07位置9二维码[29]" (NodeType.VARIABLE) 到待查找列表 [register_node_list:385] [unilabos.utils.log.post_process]
26-07-30 [23:09:25,578] [DEBUG] 添加节点 "S07位置10二维码" (NodeType.VARIABLE) 到待查找列表 [register_node_list:385] [unilabos.utils.log.post_process]
26-07-30 [23:09:25,578] [DEBUG] 添加节点 "S07位置10二维码[0]" (NodeType.VARIABLE) 到待查找列表 [register_node_list:385] [unilabos.utils.log.post_process]
26-07-30 [23:09:25,578] [DEBUG] 添加节点 "S07位置10二维码[1]" (NodeType.VARIABLE) 到待查找列表 [register_node_list:385] [unilabos.utils.log.post_process]
26-07-30 [23:09:25,578] [DEBUG] 添加节点 "S07位置10二维码[2]" (NodeType.VARIABLE) 到待查找列表 [register_node_list:385] [unilabos.utils.log.post_process]
26-07-30 [23:09:25,578] [DEBUG] 添加节点 "S07位置10二维码[3]" (NodeType.VARIABLE) 到待查找列表 [register_node_list:385] [unilabos.utils.log.post_process]
26-07-30 [23:09:25,578] [DEBUG] 添加节点 "S07位置10二维码[4]" (NodeType.VARIABLE) 到待查找列表 [register_node_list:385] [unilabos.utils.log.post_process]
26-07-30 [23:09:25,578] [DEBUG] 添加节点 "S07位置10二维码[5]" (NodeType.VARIABLE) 到待查找列表 [register_node_list:385] [unilabos.utils.log.post_process]
26-07-30 [23:09:25,578] [DEBUG] 添加节点 "S07位置10二维码[6]" (NodeType.VARIABLE) 到待查找列表 [register_node_list:385] [unilabos.utils.log.post_process]
26-07-30 [23:09:25,578] [DEBUG] 添加节点 "S07位置10二维码[7]" (NodeType.VARIABLE) 到待查找列表 [register_node_list:385] [unilabos.utils.log.post_process]
26-07-30 [23:09:25,578] [DEBUG] 添加节点 "S07位置10二维码[8]" (NodeType.VARIABLE) 到待查找列表 [register_node_list:385] [unilabos.utils.log.post_process]
26-07-30 [23:09:25,578] [DEBUG] 添加节点 "S07位置10二维码[9]" (NodeType.VARIABLE) 到待查找列表 [register_node_list:385] [unilabos.utils.log.post_process]
26-07-30 [23:09:25,578] [DEBUG] 添加节点 "S07位置10二维码[10]" (NodeType.VARIABLE) 到待查找列表 [register_node_list:385] [unilabos.utils.log.post_process]
26-07-30 [23:09:25,578] [DEBUG] 添加节点 "S07位置10二维码[11]" (NodeType.VARIABLE) 到待查找列表 [register_node_list:385] [unilabos.utils.log.post_process]
26-07-30 [23:09:25,578] [DEBUG] 添加节点 "S07位置10二维码[12]" (NodeType.VARIABLE) 到待查找列表 [register_node_list:385] [unilabos.utils.log.post_process]
26-07-30 [23:09:25,578] [DEBUG] 添加节点 "S07位置10二维码[13]" (NodeType.VARIABLE) 到待查找列表 [register_node_list:385] [unilabos.utils.log.post_process]
26-07-30 [23:09:25,578] [DEBUG] 添加节点 "S07位置10二维码[14]" (NodeType.VARIABLE) 到待查找列表 [register_node_list:385] [unilabos.utils.log.post_process]
26-07-30 [23:09:25,578] [DEBUG] 添加节点 "S07位置10二维码[15]" (NodeType.VARIABLE) 到待查找列表 [register_node_list:385] [unilabos.utils.log.post_process]
26-07-30 [23:09:25,578] [DEBUG] 添加节点 "S07位置10二维码[16]" (NodeType.VARIABLE) 到待查找列表 [register_node_list:385] [unilabos.utils.log.post_process]
26-07-30 [23:09:25,578] [DEBUG] 添加节点 "S07位置10二维码[17]" (NodeType.VARIABLE) 到待查找列表 [register_node_list:385] [unilabos.utils.log.post_process]
26-07-30 [23:09:25,578] [DEBUG] 添加节点 "S07位置10二维码[18]" (NodeType.VARIABLE) 到待查找列表 [register_node_list:385] [unilabos.utils.log.post_process]
26-07-30 [23:09:25,578] [DEBUG] 添加节点 "S07位置10二维码[19]" (NodeType.VARIABLE) 到待查找列表 [register_node_list:385] [unilabos.utils.log.post_process]
26-07-30 [23:09:25,578] [DEBUG] 添加节点 "S07位置10二维码[20]" (NodeType.VARIABLE) 到待查找列表 [register_node_list:385] [unilabos.utils.log.post_process]
26-07-30 [23:09:25,578] [DEBUG] 添加节点 "S07位置10二维码[21]" (NodeType.VARIABLE) 到待查找列表 [register_node_list:385] [unilabos.utils.log.post_process]
26-07-30 [23:09:25,578] [DEBUG] 添加节点 "S07位置10二维码[22]" (NodeType.VARIABLE) 到待查找列表 [register_node_list:385] [unilabos.utils.log.post_process]
26-07-30 [23:09:25,578] [DEBUG] 添加节点 "S07位置10二维码[23]" (NodeType.VARIABLE) 到待查找列表 [register_node_list:385] [unilabos.utils.log.post_process]
26-07-30 [23:09:25,578] [DEBUG] 添加节点 "S07位置10二维码[24]" (NodeType.VARIABLE) 到待查找列表 [register_node_list:385] [unilabos.utils.log.post_process]
26-07-30 [23:09:25,578] [DEBUG] 添加节点 "S07位置10二维码[25]" (NodeType.VARIABLE) 到待查找列表 [register_node_list:385] [unilabos.utils.log.post_process]
26-07-30 [23:09:25,578] [DEBUG] 添加节点 "S07位置10二维码[26]" (NodeType.VARIABLE) 到待查找列表 [register_node_list:385] [unilabos.utils.log.post_process]
26-07-30 [23:09:25,578] [DEBUG] 添加节点 "S07位置10二维码[27]" (NodeType.VARIABLE) 到待查找列表 [register_node_list:385] [unilabos.utils.log.post_process]
26-07-30 [23:09:25,578] [DEBUG] 添加节点 "S07位置10二维码[28]" (NodeType.VARIABLE) 到待查找列表 [register_node_list:385] [unilabos.utils.log.post_process]
26-07-30 [23:09:25,578] [DEBUG] 添加节点 "S07位置10二维码[29]" (NodeType.VARIABLE) 到待查找列表 [register_node_list:385] [unilabos.utils.log.post_process]
26-07-30 [23:09:25,578] [DEBUG] 添加节点 "S03_1取料编号" (NodeType.VARIABLE) 到待查找列表 [register_node_list:385] [unilabos.utils.log.post_process]
26-07-30 [23:09:25,578] [DEBUG] 添加节点 "S03_1放料编号" (NodeType.VARIABLE) 到待查找列表 [register_node_list:385] [unilabos.utils.log.post_process]
26-07-30 [23:09:25,578] [DEBUG] 添加节点 "PLC_R任务号" (NodeType.VARIABLE) 到待查找列表 [register_node_list:385] [unilabos.utils.log.post_process]
26-07-30 [23:09:25,578] [INFO] 节点注册完成：新增 911 个待查找节点，总计 911 个 [register_node_list:387] [unilabos.utils.log.post_process]
26-07-30 [23:09:25,580] [INFO] try to connect client... [_connect:333] [unilabos.utils.log.plc]
26-07-30 [23:09:25,743] [INFO] [Uvicorn.HTTP] 127.0.0.1:34252 - "GET /internal/v1/runtime-actions HTTP/1.1" 503 [send:482] [uvicorn.protocols.http.h11_impl]
26-07-30 [23:09:26,951] [INFO] client connected! [_connect:338] [unilabos.utils.log.plc]
26-07-30 [23:09:26,954] [TRACE] [/devices/szlab_poly_plc] 发布属性: powder_container_occupied, 类型: std_msgs.msg._string.String, 周期: 1.0秒, QoS: 10 [__init__:344] [unilabos.ros.nodes.base_device_node]
26-07-30 [23:09:26,954] [TRACE] [/devices/szlab_poly_plc] 发布属性: registered_variable_count, 类型: std_msgs.msg._int64.Int64, 周期: 5.0秒, QoS: 10 [__init__:344] [unilabos.ros.nodes.base_device_node]
26-07-30 [23:09:26,954] [TRACE] [/devices/szlab_poly_plc] 发布属性: registered_variables, 类型: std_msgs.msg._string.String, 周期: 5.0秒, QoS: 10 [__init__:344] [unilabos.ros.nodes.base_device_node]
26-07-30 [23:09:26,955] [TRACE] [/devices/szlab_poly_plc] 发布属性: s10_liquid_reagent_occupied, 类型: std_msgs.msg._string.String, 周期: 1.0秒, QoS: 10 [__init__:344] [unilabos.ros.nodes.base_device_node]
26-07-30 [23:09:26,955] [TRACE] [/devices/szlab_poly_plc] 发布属性: s11_used_beaker_occupied, 类型: std_msgs.msg._string.String, 周期: 1.0秒, QoS: 10 [__init__:344] [unilabos.ros.nodes.base_device_node]
26-07-30 [23:09:26,955] [TRACE] [/devices/szlab_poly_plc] 发布属性: s11_used_sample_vial_occupied, 类型: std_msgs.msg._string.String, 周期: 1.0秒, QoS: 10 [__init__:344] [unilabos.ros.nodes.base_device_node]
26-07-30 [23:09:26,955] [TRACE] [/devices/szlab_poly_plc] 发布属性: s2_tip_occupied, 类型: std_msgs.msg._string.String, 周期: 1.0秒, QoS: 10 [__init__:344] [unilabos.ros.nodes.base_device_node]
26-07-30 [23:09:26,955] [TRACE] [/devices/szlab_poly_plc] 发布属性: s3_unused_beaker_occupied, 类型: std_msgs.msg._string.String, 周期: 1.0秒, QoS: 10 [__init__:344] [unilabos.ros.nodes.base_device_node]
26-07-30 [23:09:26,956] [TRACE] [/devices/szlab_poly_plc] 发布属性: s3_unused_sample_vial_occupied, 类型: std_msgs.msg._string.String, 周期: 1.0秒, QoS: 10 [__init__:344] [unilabos.ros.nodes.base_device_node]
26-07-30 [23:09:26,956] [TRACE] [/devices/szlab_poly_plc] 发布属性: stack_status, 类型: std_msgs.msg._string.String, 周期: 1.0秒, QoS: 10 [__init__:344] [unilabos.ros.nodes.base_device_node]
26-07-30 [23:09:26,956] [TRACE] [/devices/szlab_poly_plc] 发布动作: _execute_driver_command, 类型: unilabos_msgs.action._str_single_input.StrSingleInput [create_ros_action_server:1856] [unilabos.ros.nodes.base_device_node]
26-07-30 [23:09:26,957] [TRACE] [/devices/szlab_poly_plc] 发布动作: _execute_driver_command_async, 类型: unilabos_msgs.action._str_single_input.StrSingleInput [create_ros_action_server:1856] [unilabos.ros.nodes.base_device_node]
26-07-30 [23:09:26,959] [DEBUG] [/devices/szlab_poly_plc] ROS节点初始化完成 [__init__:806] [unilabos.ros.nodes.base_device_node]
26-07-30 [23:09:26,959] [INFO] [/devices/szlab_poly_plc] 初始化完成 b1f51594-25ae-4103-91b6-f205a1686398 False [__init__:2878] [unilabos.ros.nodes.base_device_node]
26-07-30 [23:09:26,959] [TRACE] [/devices/host_node] [Host Node] Created ActionClient (Local): /devices/szlab_poly_plc/_execute_driver_command [initialize_device:776] [unilabos.ros.nodes.presets.host_node]
26-07-30 [23:09:26,960] [TRACE] [/devices/host_node] [Host Node] Created ActionClient (Local): /devices/szlab_poly_plc/_execute_driver_command_async [initialize_device:776] [unilabos.ros.nodes.presets.host_node]
26-07-30 [23:09:26,960] [INFO] [/devices/host_node] [Host Node] Initializing device: szlab_mixer_robot [initialize_device:743] [unilabos.ros.nodes.presets.host_node]
26-07-30 [23:09:26,965] [TRACE] [/devices/szlab_mixer_robot] 发布动作: _execute_driver_command, 类型: unilabos_msgs.action._str_single_input.StrSingleInput [create_ros_action_server:1856] [unilabos.ros.nodes.base_device_node]
26-07-30 [23:09:26,966] [TRACE] [/devices/szlab_mixer_robot] 发布动作: _execute_driver_command_async, 类型: unilabos_msgs.action._str_single_input.StrSingleInput [create_ros_action_server:1856] [unilabos.ros.nodes.base_device_node]
26-07-30 [23:09:26,967] [DEBUG] [/devices/szlab_mixer_robot] ROS节点初始化完成 [__init__:806] [unilabos.ros.nodes.base_device_node]
26-07-30 [23:09:26,968] [INFO] [/devices/szlab_mixer_robot] 初始化完成 5d9f142c-6dfb-4c13-bd37-3f892c0aae31 False [__init__:2878] [unilabos.ros.nodes.base_device_node]
26-07-30 [23:09:26,968] [TRACE] [/devices/host_node] [Host Node] Created ActionClient (Local): /devices/szlab_mixer_robot/_execute_driver_command [initialize_device:776] [unilabos.ros.nodes.presets.host_node]
26-07-30 [23:09:26,969] [TRACE] [/devices/host_node] [Host Node] Created ActionClient (Local): /devices/szlab_mixer_robot/_execute_driver_command_async [initialize_device:776] [unilabos.ros.nodes.presets.host_node]
26-07-30 [23:09:26,969] [INFO] [/devices/host_node] [Host Node] Initializing device: szlab_mixer_stirrer [initialize_device:743] [unilabos.ros.nodes.presets.host_node]
26-07-30 [23:09:26,972] [TRACE] [/devices/szlab_mixer_stirrer] 发布属性: status, 类型: std_msgs.msg._string.String, 周期: 5.0秒, QoS: 10 [__init__:344] [unilabos.ros.nodes.base_device_node]
26-07-30 [23:09:26,973] [TRACE] [/devices/szlab_mixer_stirrer] 发布动作: _execute_driver_command, 类型: unilabos_msgs.action._str_single_input.StrSingleInput [create_ros_action_server:1856] [unilabos.ros.nodes.base_device_node]
26-07-30 [23:09:26,973] [TRACE] [/devices/szlab_mixer_stirrer] 发布动作: _execute_driver_command_async, 类型: unilabos_msgs.action._str_single_input.StrSingleInput [create_ros_action_server:1856] [unilabos.ros.nodes.base_device_node]
26-07-30 [23:09:26,975] [DEBUG] [/devices/szlab_mixer_stirrer] ROS节点初始化完成 [__init__:806] [unilabos.ros.nodes.base_device_node]
26-07-30 [23:09:26,975] [INFO] [/devices/szlab_mixer_stirrer] 初始化完成 162244f9-addb-45ce-85e0-3cc27dd8b0c0 False [__init__:2878] [unilabos.ros.nodes.base_device_node]
26-07-30 [23:09:26,976] [TRACE] [/devices/host_node] [Host Node] Created ActionClient (Local): /devices/szlab_mixer_stirrer/_execute_driver_command [initialize_device:776] [unilabos.ros.nodes.presets.host_node]
26-07-30 [23:09:26,977] [TRACE] [/devices/host_node] [Host Node] Created ActionClient (Local): /devices/szlab_mixer_stirrer/_execute_driver_command_async [initialize_device:776] [unilabos.ros.nodes.presets.host_node]
26-07-30 [23:09:26,977] [INFO] [/devices/host_node] [Host Node] Initializing device: szlab_mixer_photoshotting [initialize_device:743] [unilabos.ros.nodes.presets.host_node]
26-07-30 [23:09:26,980] [TRACE] [/devices/szlab_mixer_photoshotting] 发布属性: last_photo_path, 类型: std_msgs.msg._string.String, 周期: 5.0秒, QoS: 10 [__init__:344] [unilabos.ros.nodes.base_device_node]
26-07-30 [23:09:26,980] [TRACE] [/devices/szlab_mixer_photoshotting] 发布属性: last_result, 类型: std_msgs.msg._string.String, 周期: 5.0秒, QoS: 10 [__init__:344] [unilabos.ros.nodes.base_device_node]
26-07-30 [23:09:26,980] [TRACE] [/devices/szlab_mixer_photoshotting] 发布属性: status, 类型: std_msgs.msg._string.String, 周期: 5.0秒, QoS: 10 [__init__:344] [unilabos.ros.nodes.base_device_node]
26-07-30 [23:09:26,981] [TRACE] [/devices/szlab_mixer_photoshotting] 发布动作: _execute_driver_command, 类型: unilabos_msgs.action._str_single_input.StrSingleInput [create_ros_action_server:1856] [unilabos.ros.nodes.base_device_node]
26-07-30 [23:09:26,982] [TRACE] [/devices/szlab_mixer_photoshotting] 发布动作: _execute_driver_command_async, 类型: unilabos_msgs.action._str_single_input.StrSingleInput [create_ros_action_server:1856] [unilabos.ros.nodes.base_device_node]
26-07-30 [23:09:26,984] [DEBUG] [/devices/szlab_mixer_photoshotting] ROS节点初始化完成 [__init__:806] [unilabos.ros.nodes.base_device_node]
26-07-30 [23:09:26,984] [INFO] [/devices/szlab_mixer_photoshotting] 初始化完成 9eae4edd-8691-4c36-8a11-5705b014b431 False [__init__:2878] [unilabos.ros.nodes.base_device_node]
26-07-30 [23:09:26,985] [TRACE] [/devices/host_node] [Host Node] Created ActionClient (Local): /devices/szlab_mixer_photoshotting/_execute_driver_command [initialize_device:776] [unilabos.ros.nodes.presets.host_node]
26-07-30 [23:09:26,986] [TRACE] [/devices/host_node] [Host Node] Created ActionClient (Local): /devices/szlab_mixer_photoshotting/_execute_driver_command_async [initialize_device:776] [unilabos.ros.nodes.presets.host_node]
26-07-30 [23:09:26,986] [INFO] [/devices/host_node] [Host Node] Initializing device: szlab_mixer_pump [initialize_device:743] [unilabos.ros.nodes.presets.host_node]
26-07-30 [23:09:26,989] [TRACE] [/devices/szlab_mixer_pump] 发布属性: status, 类型: std_msgs.msg._string.String, 周期: 5.0秒, QoS: 10 [__init__:344] [unilabos.ros.nodes.base_device_node]
26-07-30 [23:09:26,990] [TRACE] [/devices/szlab_mixer_pump] 发布动作: _execute_driver_command, 类型: unilabos_msgs.action._str_single_input.StrSingleInput [create_ros_action_server:1856] [unilabos.ros.nodes.base_device_node]
26-07-30 [23:09:26,991] [TRACE] [/devices/szlab_mixer_pump] 发布动作: _execute_driver_command_async, 类型: unilabos_msgs.action._str_single_input.StrSingleInput [create_ros_action_server:1856] [unilabos.ros.nodes.base_device_node]
26-07-30 [23:09:26,993] [DEBUG] [/devices/szlab_mixer_pump] ROS节点初始化完成 [__init__:806] [unilabos.ros.nodes.base_device_node]
26-07-30 [23:09:26,993] [INFO] [/devices/szlab_mixer_pump] 初始化完成 ffb31fa6-1888-409f-b057-1e08d95bdb01 False [__init__:2878] [unilabos.ros.nodes.base_device_node]
26-07-30 [23:09:26,994] [TRACE] [/devices/host_node] [Host Node] Created ActionClient (Local): /devices/szlab_mixer_pump/_execute_driver_command [initialize_device:776] [unilabos.ros.nodes.presets.host_node]
26-07-30 [23:09:26,995] [TRACE] [/devices/host_node] [Host Node] Created ActionClient (Local): /devices/szlab_mixer_pump/_execute_driver_command_async [initialize_device:776] [unilabos.ros.nodes.presets.host_node]
26-07-30 [23:09:26,996] [INFO] [Uvicorn.HTTP] 127.0.0.1:34260 - "GET /internal/v1/runtime-actions HTTP/1.1" 503 [send:482] [uvicorn.protocols.http.h11_impl]
26-07-30 [23:09:26,996] [INFO] [/devices/host_node] [Host Node] Initializing device: szlab_s07_solid_addition [initialize_device:743] [unilabos.ros.nodes.presets.host_node]
26-07-30 [23:09:27,000] [TRACE] [/devices/szlab_s07_solid_addition] 发布动作: _execute_driver_command, 类型: unilabos_msgs.action._str_single_input.StrSingleInput [create_ros_action_server:1856] [unilabos.ros.nodes.base_device_node]
26-07-30 [23:09:27,001] [TRACE] [/devices/szlab_s07_solid_addition] 发布动作: _execute_driver_command_async, 类型: unilabos_msgs.action._str_single_input.StrSingleInput [create_ros_action_server:1856] [unilabos.ros.nodes.base_device_node]
26-07-30 [23:09:27,004] [DEBUG] [/devices/szlab_s07_solid_addition] ROS节点初始化完成 [__init__:806] [unilabos.ros.nodes.base_device_node]
26-07-30 [23:09:27,004] [INFO] [/devices/szlab_s07_solid_addition] 初始化完成 9952b413-a490-41f0-9d10-5c6cf642467b False [__init__:2878] [unilabos.ros.nodes.base_device_node]
26-07-30 [23:09:27,005] [TRACE] [/devices/host_node] [Host Node] Created ActionClient (Local): /devices/szlab_s07_solid_addition/_execute_driver_command [initialize_device:776] [unilabos.ros.nodes.presets.host_node]
26-07-30 [23:09:27,006] [TRACE] [/devices/host_node] [Host Node] Created ActionClient (Local): /devices/szlab_s07_solid_addition/_execute_driver_command_async [initialize_device:776] [unilabos.ros.nodes.presets.host_node]
26-07-30 [23:09:27,006] [INFO] [/devices/host_node] [Host Node] Initializing device: szlab_s08_cap_station [initialize_device:743] [unilabos.ros.nodes.presets.host_node]
26-07-30 [23:09:27,010] [TRACE] [/devices/szlab_s08_cap_station] 发布属性: last_s08_status, 类型: std_msgs.msg._string.String, 周期: 2.0秒, QoS: 10 [__init__:344] [unilabos.ros.nodes.base_device_node]
26-07-30 [23:09:27,011] [TRACE] [/devices/szlab_s08_cap_station] 发布动作: _execute_driver_command, 类型: unilabos_msgs.action._str_single_input.StrSingleInput [create_ros_action_server:1856] [unilabos.ros.nodes.base_device_node]
26-07-30 [23:09:27,012] [TRACE] [/devices/szlab_s08_cap_station] 发布动作: _execute_driver_command_async, 类型: unilabos_msgs.action._str_single_input.StrSingleInput [create_ros_action_server:1856] [unilabos.ros.nodes.base_device_node]
26-07-30 [23:09:27,014] [DEBUG] [/devices/szlab_s08_cap_station] ROS节点初始化完成 [__init__:806] [unilabos.ros.nodes.base_device_node]
26-07-30 [23:09:27,014] [INFO] [/devices/szlab_s08_cap_station] 初始化完成 ee1ac33c-2cb2-4e9f-884f-6d8158a5ceef False [__init__:2878] [unilabos.ros.nodes.base_device_node]
26-07-30 [23:09:27,015] [TRACE] [/devices/host_node] [Host Node] Created ActionClient (Local): /devices/szlab_s08_cap_station/_execute_driver_command [initialize_device:776] [unilabos.ros.nodes.presets.host_node]
26-07-30 [23:09:27,017] [TRACE] [/devices/host_node] [Host Node] Created ActionClient (Local): /devices/szlab_s08_cap_station/_execute_driver_command_async [initialize_device:776] [unilabos.ros.nodes.presets.host_node]
26-07-30 [23:09:27,017] [INFO] [/devices/host_node] [Host Node] Initializing device: szlab_mixer_pipetting_station [initialize_device:743] [unilabos.ros.nodes.presets.host_node]
26-07-30 [23:09:27,021] [TRACE] [/devices/szlab_mixer_pipetting_station] 发布属性: status, 类型: std_msgs.msg._string.String, 周期: 5.0秒, QoS: 10 [__init__:344] [unilabos.ros.nodes.base_device_node]
26-07-30 [23:09:27,022] [TRACE] [/devices/szlab_mixer_pipetting_station] 发布动作: _execute_driver_command, 类型: unilabos_msgs.action._str_single_input.StrSingleInput [create_ros_action_server:1856] [unilabos.ros.nodes.base_device_node]
26-07-30 [23:09:27,021] [INFO] [Uvicorn.HTTP] 127.0.0.1:34266 - "GET /internal/v1/runtime-actions HTTP/1.1" 503 [send:482] [uvicorn.protocols.http.h11_impl]
26-07-30 [23:09:27,023] [TRACE] [/devices/szlab_mixer_pipetting_station] 发布动作: _execute_driver_command_async, 类型: unilabos_msgs.action._str_single_input.StrSingleInput [create_ros_action_server:1856] [unilabos.ros.nodes.base_device_node]
26-07-30 [23:09:27,027] [DEBUG] [/devices/szlab_mixer_pipetting_station] ROS节点初始化完成 [__init__:806] [unilabos.ros.nodes.base_device_node]
26-07-30 [23:09:27,027] [INFO] [/devices/szlab_mixer_pipetting_station] 初始化完成 95390268-0e2f-4cc7-b26b-abcb452dfbcd False [__init__:2878] [unilabos.ros.nodes.base_device_node]
26-07-30 [23:09:27,028] [TRACE] [/devices/host_node] [Host Node] Created ActionClient (Local): /devices/szlab_mixer_pipetting_station/_execute_driver_command [initialize_device:776] [unilabos.ros.nodes.presets.host_node]
26-07-30 [23:09:27,029] [TRACE] [/devices/host_node] [Host Node] Created ActionClient (Local): /devices/szlab_mixer_pipetting_station/_execute_driver_command_async [initialize_device:776] [unilabos.ros.nodes.presets.host_node]
26-07-30 [23:09:27,030] [TRACE] [/devices/host_node] [Host Node] Subscribed to new topic: /devices/szlab_mixer_photoshotting/last_photo_path [update_device_status_subscriptions:844] [unilabos.ros.nodes.presets.host_node]
26-07-30 [23:09:27,030] [TRACE] [/devices/host_node] [Host Node] Subscribed to new topic: /devices/szlab_mixer_photoshotting/last_result [update_device_status_subscriptions:844] [unilabos.ros.nodes.presets.host_node]
26-07-30 [23:09:27,030] [TRACE] [/devices/host_node] [Host Node] Subscribed to new topic: /devices/szlab_mixer_photoshotting/status [update_device_status_subscriptions:844] [unilabos.ros.nodes.presets.host_node]
26-07-30 [23:09:27,031] [TRACE] [/devices/host_node] [Host Node] Subscribed to new topic: /devices/szlab_mixer_pipetting_station/status [update_device_status_subscriptions:844] [unilabos.ros.nodes.presets.host_node]
26-07-30 [23:09:27,031] [TRACE] [/devices/host_node] [Host Node] Subscribed to new topic: /devices/szlab_mixer_pump/status [update_device_status_subscriptions:844] [unilabos.ros.nodes.presets.host_node]
26-07-30 [23:09:27,031] [TRACE] [/devices/host_node] [Host Node] Subscribed to new topic: /devices/szlab_mixer_stirrer/status [update_device_status_subscriptions:844] [unilabos.ros.nodes.presets.host_node]
26-07-30 [23:09:27,031] [TRACE] [/devices/host_node] [Host Node] Subscribed to new topic: /devices/szlab_poly_plc/powder_container_occupied [update_device_status_subscriptions:844] [unilabos.ros.nodes.presets.host_node]
26-07-30 [23:09:27,032] [TRACE] [/devices/host_node] [Host Node] Subscribed to new topic: /devices/szlab_poly_plc/registered_variable_count [update_device_status_subscriptions:844] [unilabos.ros.nodes.presets.host_node]
26-07-30 [23:09:27,032] [TRACE] [/devices/host_node] [Host Node] Subscribed to new topic: /devices/szlab_poly_plc/registered_variables [update_device_status_subscriptions:844] [unilabos.ros.nodes.presets.host_node]
26-07-30 [23:09:27,032] [TRACE] [/devices/host_node] [Host Node] Subscribed to new topic: /devices/szlab_poly_plc/s10_liquid_reagent_occupied [update_device_status_subscriptions:844] [unilabos.ros.nodes.presets.host_node]
26-07-30 [23:09:27,032] [TRACE] [/devices/host_node] [Host Node] Subscribed to new topic: /devices/szlab_poly_plc/s11_used_beaker_occupied [update_device_status_subscriptions:844] [unilabos.ros.nodes.presets.host_node]
26-07-30 [23:09:27,033] [TRACE] [/devices/host_node] [Host Node] Subscribed to new topic: /devices/szlab_poly_plc/s11_used_sample_vial_occupied [update_device_status_subscriptions:844] [unilabos.ros.nodes.presets.host_node]
26-07-30 [23:09:27,033] [TRACE] [/devices/host_node] [Host Node] Subscribed to new topic: /devices/szlab_poly_plc/s2_tip_occupied [update_device_status_subscriptions:844] [unilabos.ros.nodes.presets.host_node]
26-07-30 [23:09:27,033] [TRACE] [/devices/host_node] [Host Node] Subscribed to new topic: /devices/szlab_poly_plc/s3_unused_beaker_occupied [update_device_status_subscriptions:844] [unilabos.ros.nodes.presets.host_node]
26-07-30 [23:09:27,033] [TRACE] [/devices/host_node] [Host Node] Subscribed to new topic: /devices/szlab_poly_plc/s3_unused_sample_vial_occupied [update_device_status_subscriptions:844] [unilabos.ros.nodes.presets.host_node]
26-07-30 [23:09:27,034] [TRACE] [/devices/host_node] [Host Node] Subscribed to new topic: /devices/szlab_poly_plc/stack_status [update_device_status_subscriptions:844] [unilabos.ros.nodes.presets.host_node]
26-07-30 [23:09:27,034] [TRACE] [/devices/host_node] [Host Node] Subscribed to new topic: /devices/szlab_s08_cap_station/last_s08_status [update_device_status_subscriptions:844] [unilabos.ros.nodes.presets.host_node]
26-07-30 [23:09:27,034] [INFO] [/devices/host_node] [Host Node] Host node initialized. [__init__:425] [unilabos.ros.nodes.presets.host_node]
26-07-30 [23:09:27,035] [DEBUG] [/devices/host_node] Host ready signal sent via WebSocketClient [__init__:432] [unilabos.ros.nodes.presets.host_node]
26-07-30 [23:09:27,045] [INFO] [Uvicorn.HTTP] 127.0.0.1:34278 - "GET /internal/v1/runtime-actions HTTP/1.1" 304 [send:482] [uvicorn.protocols.http.h11_impl]
26-07-30 [23:09:27,097] [INFO] [Uvicorn.HTTP] 127.0.0.1:34282 - "GET /internal/v1/runtime-actions HTTP/1.1" 304 [send:482] [uvicorn.protocols.http.h11_impl]
26-07-30 [23:09:27,118] [INFO] [Uvicorn.HTTP] 127.0.0.1:34294 - "GET /internal/v1/runtime-actions HTTP/1.1" 304 [send:482] [uvicorn.protocols.http.h11_impl]
26-07-30 [23:09:27,139] [INFO] [Uvicorn.HTTP] 127.0.0.1:34304 - "GET /internal/v1/runtime-actions HTTP/1.1" 304 [send:482] [uvicorn.protocols.http.h11_impl]
26-07-30 [23:09:27,160] [INFO] [Uvicorn.HTTP] 127.0.0.1:34320 - "GET /internal/v1/runtime-actions HTTP/1.1" 304 [send:482] [uvicorn.protocols.http.h11_impl]
26-07-30 [23:09:27,181] [INFO] [Uvicorn.HTTP] 127.0.0.1:34328 - "GET /internal/v1/runtime-actions HTTP/1.1" 304 [send:482] [uvicorn.protocols.http.h11_impl]
26-07-30 [23:09:27,202] [INFO] [Uvicorn.HTTP] 127.0.0.1:34334 - "GET /internal/v1/runtime-actions HTTP/1.1" 304 [send:482] [uvicorn.protocols.http.h11_impl]
26-07-30 [23:09:27,228] [INFO] [Uvicorn.HTTP] 127.0.0.1:34336 - "GET /internal/v1/runtime-actions HTTP/1.1" 304 [send:482] [uvicorn.protocols.http.h11_impl]
26-07-30 [23:09:27,955] [TRACE] [/devices/szlab_poly_plc] 【.get_property】获取同步属性: powder_container_occupied [get_property:371] [unilabos.ros.nodes.base_device_node]
26-07-30 [23:09:27,956] [DEBUG] 使用节点: '传感器状态_上位机[3].NO[8]', NodeId: ns=4;s=上位机通讯|传感器状态_上位机[3].NO[8] [use_node:345] [unilabos.utils.log.post_process]
26-07-30 [23:09:28,118] [DEBUG] 使用节点: '传感器状态_上位机[3].NO[9]', NodeId: ns=4;s=上位机通讯|传感器状态_上位机[3].NO[9] [use_node:345] [unilabos.utils.log.post_process]
26-07-30 [23:09:28,279] [DEBUG] 使用节点: '传感器状态_上位机[3].NO[10]', NodeId: ns=4;s=上位机通讯|传感器状态_上位机[3].NO[10] [use_node:345] [unilabos.utils.log.post_process]
26-07-30 [23:09:28,837] [DEBUG] 使用节点: '传感器状态_上位机[3].NO[11]', NodeId: ns=4;s=上位机通讯|传感器状态_上位机[3].NO[11] [use_node:345] [unilabos.utils.log.post_process]
26-07-30 [23:09:28,998] [DEBUG] 使用节点: '传感器状态_上位机[3].NO[12]', NodeId: ns=4;s=上位机通讯|传感器状态_上位机[3].NO[12] [use_node:345] [unilabos.utils.log.post_process]
26-07-30 [23:09:29,011] [TRACE] [/devices/szlab_s08_cap_station] 【.get_property】获取同步属性: last_s08_status [get_property:371] [unilabos.ros.nodes.base_device_node]
26-07-30 [23:09:29,012] [TRACE] [/devices/host_node] Status created: szlab_s08_cap_station.last_s08_status = {} [property_callback:884] [unilabos.ros.nodes.presets.host_node]
26-07-30 [23:09:29,926] [DEBUG] 使用节点: '传感器状态_上位机[3].NO[13]', NodeId: ns=4;s=上位机通讯|传感器状态_上位机[3].NO[13] [use_node:345] [unilabos.utils.log.post_process]
26-07-30 [23:09:30,088] [TRACE] [/devices/host_node] Status created: szlab_poly_plc.powder_container_occupied = {"1-1": false, "1-2": false, "1-3": false, "2-1": false, "2-2": false, "2-3": false} [property_callback:884] [unilabos.ros.nodes.presets.host_node]
26-07-30 [23:09:30,089] [TRACE] [/devices/szlab_poly_plc] 【.get_property】获取同步属性: powder_container_occupied [get_property:371] [unilabos.ros.nodes.base_device_node]
26-07-30 [23:09:30,090] [DEBUG] 使用节点: '传感器状态_上位机[3].NO[8]', NodeId: ns=4;s=上位机通讯|传感器状态_上位机[3].NO[8] [use_node:345] [unilabos.utils.log.post_process]
26-07-30 [23:09:30,629] [DEBUG] 使用节点: '传感器状态_上位机[3].NO[9]', NodeId: ns=4;s=上位机通讯|传感器状态_上位机[3].NO[9] [use_node:345] [unilabos.utils.log.post_process]
26-07-30 [23:09:30,790] [DEBUG] 使用节点: '传感器状态_上位机[3].NO[10]', NodeId: ns=4;s=上位机通讯|传感器状态_上位机[3].NO[10] [use_node:345] [unilabos.utils.log.post_process]
26-07-30 [23:09:30,952] [DEBUG] 使用节点: '传感器状态_上位机[3].NO[11]', NodeId: ns=4;s=上位机通讯|传感器状态_上位机[3].NO[11] [use_node:345] [unilabos.utils.log.post_process]
26-07-30 [23:09:31,011] [TRACE] [/devices/szlab_s08_cap_station] 【.get_property】获取同步属性: last_s08_status [get_property:371] [unilabos.ros.nodes.base_device_node]
26-07-30 [23:09:31,113] [DEBUG] 使用节点: '传感器状态_上位机[3].NO[12]', NodeId: ns=4;s=上位机通讯|传感器状态_上位机[3].NO[12] [use_node:345] [unilabos.utils.log.post_process]
26-07-30 [23:09:31,274] [DEBUG] 使用节点: '传感器状态_上位机[3].NO[13]', NodeId: ns=4;s=上位机通讯|传感器状态_上位机[3].NO[13] [use_node:345] [unilabos.utils.log.post_process]
26-07-30 [23:09:31,438] [TRACE] [/devices/szlab_poly_plc] 【.get_property】获取同步属性: powder_container_occupied [get_property:371] [unilabos.ros.nodes.base_device_node]
26-07-30 [23:09:31,438] [DEBUG] 使用节点: '传感器状态_上位机[3].NO[8]', NodeId: ns=4;s=上位机通讯|传感器状态_上位机[3].NO[8] [use_node:345] [unilabos.utils.log.post_process]
26-07-30 [23:09:31,600] [DEBUG] 使用节点: '传感器状态_上位机[3].NO[9]', NodeId: ns=4;s=上位机通讯|传感器状态_上位机[3].NO[9] [use_node:345] [unilabos.utils.log.post_process]
26-07-30 [23:09:31,761] [DEBUG] 使用节点: '传感器状态_上位机[3].NO[10]', NodeId: ns=4;s=上位机通讯|传感器状态_上位机[3].NO[10] [use_node:345] [unilabos.utils.log.post_process]
26-07-30 [23:09:31,922] [DEBUG] 使用节点: '传感器状态_上位机[3].NO[11]', NodeId: ns=4;s=上位机通讯|传感器状态_上位机[3].NO[11] [use_node:345] [unilabos.utils.log.post_process]
26-07-30 [23:09:31,973] [TRACE] [/devices/szlab_mixer_stirrer] 【.get_property】获取同步属性: status [get_property:371] [unilabos.ros.nodes.base_device_node]
26-07-30 [23:09:31,975] [TRACE] [/devices/host_node] Status created: szlab_mixer_stirrer.status = Idle [property_callback:884] [unilabos.ros.nodes.presets.host_node]
26-07-30 [23:09:31,981] [TRACE] [/devices/szlab_mixer_photoshotting] 【.get_property】获取同步属性: last_photo_path [get_property:371] [unilabos.ros.nodes.base_device_node]
26-07-30 [23:09:31,982] [TRACE] [/devices/szlab_mixer_photoshotting] 【.get_property】获取同步属性: last_result [get_property:371] [unilabos.ros.nodes.base_device_node]
26-07-30 [23:09:31,982] [TRACE] [/devices/host_node] Status created: szlab_mixer_photoshotting.last_photo_path =  [property_callback:884] [unilabos.ros.nodes.presets.host_node]
26-07-30 [23:09:31,983] [TRACE] [/devices/host_node] Status created: szlab_mixer_photoshotting.last_result = UNKNOWN [property_callback:884] [unilabos.ros.nodes.presets.host_node]
26-07-30 [23:09:31,983] [TRACE] [/devices/szlab_mixer_photoshotting] 【.get_property】获取同步属性: status [get_property:371] [unilabos.ros.nodes.base_device_node]
26-07-30 [23:09:31,986] [TRACE] [/devices/host_node] Status created: szlab_mixer_photoshotting.status = Idle [property_callback:884] [unilabos.ros.nodes.presets.host_node]
26-07-30 [23:09:31,990] [TRACE] [/devices/szlab_mixer_pump] 【.get_property】获取同步属性: status [get_property:371] [unilabos.ros.nodes.base_device_node]
26-07-30 [23:09:31,992] [TRACE] [/devices/host_node] Status created: szlab_mixer_pump.status = Idle [property_callback:884] [unilabos.ros.nodes.presets.host_node]
26-07-30 [23:09:32,022] [TRACE] [/devices/szlab_mixer_pipetting_station] 【.get_property】获取同步属性: status [get_property:371] [unilabos.ros.nodes.base_device_node]
26-07-30 [23:09:32,024] [TRACE] [/devices/host_node] Status created: szlab_mixer_pipetting_station.status = Idle [property_callback:884] [unilabos.ros.nodes.presets.host_node]
26-07-30 [23:09:32,083] [DEBUG] 使用节点: '传感器状态_上位机[3].NO[12]', NodeId: ns=4;s=上位机通讯|传感器状态_上位机[3].NO[12] [use_node:345] [unilabos.utils.log.post_process]
26-07-30 [23:09:32,245] [DEBUG] 使用节点: '传感器状态_上位机[3].NO[13]', NodeId: ns=4;s=上位机通讯|传感器状态_上位机[3].NO[13] [use_node:345] [unilabos.utils.log.post_process]
26-07-30 [23:09:32,408] [TRACE] [/devices/szlab_poly_plc] 【.get_property】获取同步属性: powder_container_occupied [get_property:371] [unilabos.ros.nodes.base_device_node]
26-07-30 [23:09:32,409] [DEBUG] 使用节点: '传感器状态_上位机[3].NO[8]', NodeId: ns=4;s=上位机通讯|传感器状态_上位机[3].NO[8] [use_node:345] [unilabos.utils.log.post_process]
26-07-30 [23:09:32,569] [DEBUG] 使用节点: '传感器状态_上位机[3].NO[9]', NodeId: ns=4;s=上位机通讯|传感器状态_上位机[3].NO[9] [use_node:345] [unilabos.utils.log.post_process]
26-07-30 [23:09:32,731] [DEBUG] 使用节点: '传感器状态_上位机[3].NO[10]', NodeId: ns=4;s=上位机通讯|传感器状态_上位机[3].NO[10] [use_node:345] [unilabos.utils.log.post_process]
26-07-30 [23:09:32,892] [DEBUG] 使用节点: '传感器状态_上位机[3].NO[11]', NodeId: ns=4;s=上位机通讯|传感器状态_上位机[3].NO[11] [use_node:345] [unilabos.utils.log.post_process]
26-07-30 [23:09:33,012] [TRACE] [/devices/szlab_s08_cap_station] 【.get_property】获取同步属性: last_s08_status [get_property:371] [unilabos.ros.nodes.base_device_node]
26-07-30 [23:09:33,053] [DEBUG] 使用节点: '传感器状态_上位机[3].NO[12]', NodeId: ns=4;s=上位机通讯|传感器状态_上位机[3].NO[12] [use_node:345] [unilabos.utils.log.post_process]
26-07-30 [23:09:33,844] [INFO] [Uvicorn.HTTP] 127.0.0.1:44904 - "GET /internal/v1/runtime-actions HTTP/1.1" 200 [send:482] [uvicorn.protocols.http.h11_impl]
26-07-30 [23:09:33,989] [DEBUG] 使用节点: '传感器状态_上位机[3].NO[13]', NodeId: ns=4;s=上位机通讯|传感器状态_上位机[3].NO[13] [use_node:345] [unilabos.utils.log.post_process]
26-07-30 [23:09:34,152] [TRACE] [/devices/szlab_poly_plc] 【.get_property】获取同步属性: powder_container_occupied [get_property:371] [unilabos.ros.nodes.base_device_node]
26-07-30 [23:09:34,152] [DEBUG] 使用节点: '传感器状态_上位机[3].NO[8]', NodeId: ns=4;s=上位机通讯|传感器状态_上位机[3].NO[8] [use_node:345] [unilabos.utils.log.post_process]
26-07-30 [23:09:34,693] [DEBUG] 使用节点: '传感器状态_上位机[3].NO[9]', NodeId: ns=4;s=上位机通讯|传感器状态_上位机[3].NO[9] [use_node:345] [unilabos.utils.log.post_process]
26-07-30 [23:09:34,853] [DEBUG] 使用节点: '传感器状态_上位机[3].NO[10]', NodeId: ns=4;s=上位机通讯|传感器状态_上位机[3].NO[10] [use_node:345] [unilabos.utils.log.post_process]
26-07-30 [23:09:35,012] [TRACE] [/devices/szlab_s08_cap_station] 【.get_property】获取同步属性: last_s08_status [get_property:371] [unilabos.ros.nodes.base_device_node]
26-07-30 [23:09:35,397] [DEBUG] 使用节点: '传感器状态_上位机[3].NO[11]', NodeId: ns=4;s=上位机通讯|传感器状态_上位机[3].NO[11] [use_node:345] [unilabos.utils.log.post_process]
26-07-30 [23:09:35,949] [DEBUG] 使用节点: '传感器状态_上位机[3].NO[12]', NodeId: ns=4;s=上位机通讯|传感器状态_上位机[3].NO[12] [use_node:345] [unilabos.utils.log.post_process]
26-07-30 [23:09:36,110] [DEBUG] 使用节点: '传感器状态_上位机[3].NO[13]', NodeId: ns=4;s=上位机通讯|传感器状态_上位机[3].NO[13] [use_node:345] [unilabos.utils.log.post_process]
26-07-30 [23:09:36,273] [TRACE] [/devices/szlab_poly_plc] 【.get_property】获取同步属性: powder_container_occupied [get_property:371] [unilabos.ros.nodes.base_device_node]
26-07-30 [23:09:36,274] [DEBUG] 使用节点: '传感器状态_上位机[3].NO[8]', NodeId: ns=4;s=上位机通讯|传感器状态_上位机[3].NO[8] [use_node:345] [unilabos.utils.log.post_process]
26-07-30 [23:09:36,435] [DEBUG] 使用节点: '传感器状态_上位机[3].NO[9]', NodeId: ns=4;s=上位机通讯|传感器状态_上位机[3].NO[9] [use_node:345] [unilabos.utils.log.post_process]
26-07-30 [23:09:36,596] [DEBUG] 使用节点: '传感器状态_上位机[3].NO[10]', NodeId: ns=4;s=上位机通讯|传感器状态_上位机[3].NO[10] [use_node:345] [unilabos.utils.log.post_process]
26-07-30 [23:09:36,973] [TRACE] [/devices/szlab_mixer_stirrer] 【.get_property】获取同步属性: status [get_property:371] [unilabos.ros.nodes.base_device_node]
26-07-30 [23:09:36,981] [TRACE] [/devices/szlab_mixer_photoshotting] 【.get_property】获取同步属性: last_photo_path [get_property:371] [unilabos.ros.nodes.base_device_node]
26-07-30 [23:09:36,983] [TRACE] [/devices/szlab_mixer_photoshotting] 【.get_property】获取同步属性: last_result [get_property:371] [unilabos.ros.nodes.base_device_node]
26-07-30 [23:09:36,985] [TRACE] [/devices/szlab_mixer_photoshotting] 【.get_property】获取同步属性: status [get_property:371] [unilabos.ros.nodes.base_device_node]
26-07-30 [23:09:36,990] [TRACE] [/devices/szlab_mixer_pump] 【.get_property】获取同步属性: status [get_property:371] [unilabos.ros.nodes.base_device_node]
26-07-30 [23:09:37,011] [TRACE] [/devices/szlab_s08_cap_station] 【.get_property】获取同步属性: last_s08_status [get_property:371] [unilabos.ros.nodes.base_device_node]
26-07-30 [23:09:37,021] [TRACE] [/devices/szlab_mixer_pipetting_station] 【.get_property】获取同步属性: status [get_property:371] [unilabos.ros.nodes.base_device_node]
26-07-30 [23:09:37,125] [DEBUG] 使用节点: '传感器状态_上位机[3].NO[11]', NodeId: ns=4;s=上位机通讯|传感器状态_上位机[3].NO[11] [use_node:345] [unilabos.utils.log.post_process]
26-07-30 [23:09:37,286] [DEBUG] 使用节点: '传感器状态_上位机[3].NO[12]', NodeId: ns=4;s=上位机通讯|传感器状态_上位机[3].NO[12] [use_node:345] [unilabos.utils.log.post_process]
26-07-30 [23:09:37,448] [DEBUG] 使用节点: '传感器状态_上位机[3].NO[13]', NodeId: ns=4;s=上位机通讯|传感器状态_上位机[3].NO[13] [use_node:345] [unilabos.utils.log.post_process]
26-07-30 [23:09:37,611] [TRACE] [/devices/szlab_poly_plc] 【.get_property】获取同步属性: powder_container_occupied [get_property:371] [unilabos.ros.nodes.base_device_node]
26-07-30 [23:09:37,611] [DEBUG] 使用节点: '传感器状态_上位机[3].NO[8]', NodeId: ns=4;s=上位机通讯|传感器状态_上位机[3].NO[8] [use_node:345] [unilabos.utils.log.post_process]
26-07-30 [23:09:37,772] [DEBUG] 使用节点: '传感器状态_上位机[3].NO[9]', NodeId: ns=4;s=上位机通讯|传感器状态_上位机[3].NO[9] [use_node:345] [unilabos.utils.log.post_process]
26-07-30 [23:09:38,309] [DEBUG] 使用节点: '传感器状态_上位机[3].NO[10]', NodeId: ns=4;s=上位机通讯|传感器状态_上位机[3].NO[10] [use_node:345] [unilabos.utils.log.post_process]
26-07-30 [23:09:38,470] [DEBUG] 使用节点: '传感器状态_上位机[3].NO[11]', NodeId: ns=4;s=上位机通讯|传感器状态_上位机[3].NO[11] [use_node:345] [unilabos.utils.log.post_process]
26-07-30 [23:09:39,011] [TRACE] [/devices/szlab_s08_cap_station] 【.get_property】获取同步属性: last_s08_status [get_property:371] [unilabos.ros.nodes.base_device_node]
26-07-30 [23:09:39,014] [DEBUG] 使用节点: '传感器状态_上位机[3].NO[12]', NodeId: ns=4;s=上位机通讯|传感器状态_上位机[3].NO[12] [use_node:345] [unilabos.utils.log.post_process]
26-07-30 [23:09:39,175] [DEBUG] 使用节点: '传感器状态_上位机[3].NO[13]', NodeId: ns=4;s=上位机通讯|传感器状态_上位机[3].NO[13] [use_node:345] [unilabos.utils.log.post_process]
26-07-30 [23:09:39,719] [TRACE] [/devices/szlab_poly_plc] 【.get_property】获取同步属性: powder_container_occupied [get_property:371] [unilabos.ros.nodes.base_device_node]
26-07-30 [23:09:39,719] [DEBUG] 使用节点: '传感器状态_上位机[3].NO[8]', NodeId: ns=4;s=上位机通讯|传感器状态_上位机[3].NO[8] [use_node:345] [unilabos.utils.log.post_process]
26-07-30 [23:09:39,880] [DEBUG] 使用节点: '传感器状态_上位机[3].NO[9]', NodeId: ns=4;s=上位机通讯|传感器状态_上位机[3].NO[9] [use_node:345] [unilabos.utils.log.post_process]
26-07-30 [23:09:40,042] [DEBUG] 使用节点: '传感器状态_上位机[3].NO[10]', NodeId: ns=4;s=上位机通讯|传感器状态_上位机[3].NO[10] [use_node:345] [unilabos.utils.log.post_process]
26-07-30 [23:09:40,203] [DEBUG] 使用节点: '传感器状态_上位机[3].NO[11]', NodeId: ns=4;s=上位机通讯|传感器状态_上位机[3].NO[11] [use_node:345] [unilabos.utils.log.post_process]
26-07-30 [23:09:40,364] [DEBUG] 使用节点: '传感器状态_上位机[3].NO[12]', NodeId: ns=4;s=上位机通讯|传感器状态_上位机[3].NO[12] [use_node:345] [unilabos.utils.log.post_process]
26-07-30 [23:09:40,526] [DEBUG] 使用节点: '传感器状态_上位机[3].NO[13]', NodeId: ns=4;s=上位机通讯|传感器状态_上位机[3].NO[13] [use_node:345] [unilabos.utils.log.post_process]
26-07-30 [23:09:40,689] [TRACE] [/devices/szlab_poly_plc] 【.get_property】获取同步属性: powder_container_occupied [get_property:371] [unilabos.ros.nodes.base_device_node]
26-07-30 [23:09:40,689] [DEBUG] 使用节点: '传感器状态_上位机[3].NO[8]', NodeId: ns=4;s=上位机通讯|传感器状态_上位机[3].NO[8] [use_node:345] [unilabos.utils.log.post_process]
26-07-30 [23:09:40,851] [DEBUG] 使用节点: '传感器状态_上位机[3].NO[9]', NodeId: ns=4;s=上位机通讯|传感器状态_上位机[3].NO[9] [use_node:345] [unilabos.utils.log.post_process]
26-07-30 [23:09:41,011] [TRACE] [/devices/szlab_s08_cap_station] 【.get_property】获取同步属性: last_s08_status [get_property:371] [unilabos.ros.nodes.base_device_node]
26-07-30 [23:09:41,013] [DEBUG] 使用节点: '传感器状态_上位机[3].NO[10]', NodeId: ns=4;s=上位机通讯|传感器状态_上位机[3].NO[10] [use_node:345] [unilabos.utils.log.post_process]
26-07-30 [23:09:41,174] [DEBUG] 使用节点: '传感器状态_上位机[3].NO[11]', NodeId: ns=4;s=上位机通讯|传感器状态_上位机[3].NO[11] [use_node:345] [unilabos.utils.log.post_process]
26-07-30 [23:09:41,335] [DEBUG] 使用节点: '传感器状态_上位机[3].NO[12]', NodeId: ns=4;s=上位机通讯|传感器状态_上位机[3].NO[12] [use_node:345] [unilabos.utils.log.post_process]
26-07-30 [23:09:41,496] [DEBUG] 使用节点: '传感器状态_上位机[3].NO[13]', NodeId: ns=4;s=上位机通讯|传感器状态_上位机[3].NO[13] [use_node:345] [unilabos.utils.log.post_process]
26-07-30 [23:09:41,660] [TRACE] [/devices/szlab_poly_plc] 【.get_property】获取同步属性: powder_container_occupied [get_property:371] [unilabos.ros.nodes.base_device_node]
26-07-30 [23:09:41,660] [DEBUG] 使用节点: '传感器状态_上位机[3].NO[8]', NodeId: ns=4;s=上位机通讯|传感器状态_上位机[3].NO[8] [use_node:345] [unilabos.utils.log.post_process]
26-07-30 [23:09:41,822] [DEBUG] 使用节点: '传感器状态_上位机[3].NO[9]', NodeId: ns=4;s=上位机通讯|传感器状态_上位机[3].NO[9] [use_node:345] [unilabos.utils.log.post_process]
26-07-30 [23:09:41,973] [TRACE] [/devices/szlab_mixer_stirrer] 【.get_property】获取同步属性: status [get_property:371] [unilabos.ros.nodes.base_device_node]
26-07-30 [23:09:41,981] [TRACE] [/devices/szlab_mixer_photoshotting] 【.get_property】获取同步属性: last_photo_path [get_property:371] [unilabos.ros.nodes.base_device_node]
26-07-30 [23:09:41,984] [DEBUG] 使用节点: '传感器状态_上位机[3].NO[10]', NodeId: ns=4;s=上位机通讯|传感器状态_上位机[3].NO[10] [use_node:345] [unilabos.utils.log.post_process]
26-07-30 [23:09:41,984] [TRACE] [/devices/szlab_mixer_photoshotting] 【.get_property】获取同步属性: last_result [get_property:371] [unilabos.ros.nodes.base_device_node]
26-07-30 [23:09:41,987] [TRACE] [/devices/szlab_mixer_photoshotting] 【.get_property】获取同步属性: status [get_property:371] [unilabos.ros.nodes.base_device_node]
26-07-30 [23:09:41,991] [TRACE] [/devices/szlab_mixer_pump] 【.get_property】获取同步属性: status [get_property:371] [unilabos.ros.nodes.base_device_node]
26-07-30 [23:09:42,022] [TRACE] [/devices/szlab_mixer_pipetting_station] 【.get_property】获取同步属性: status [get_property:371] [unilabos.ros.nodes.base_device_node]
26-07-30 [23:09:42,035] [TRACE] [/devices/host_node] [Host Node] Discovering devices in the network... [_discover_devices:472] [unilabos.ros.nodes.presets.host_node]
26-07-30 [23:09:42,036] [TRACE] [/devices/host_node] [Host Node] Total online devices: 9 [_discover_devices:525] [unilabos.ros.nodes.presets.host_node]
26-07-30 [23:09:42,145] [DEBUG] 使用节点: '传感器状态_上位机[3].NO[11]', NodeId: ns=4;s=上位机通讯|传感器状态_上位机[3].NO[11] [use_node:345] [unilabos.utils.log.post_process]
26-07-30 [23:09:42,306] [DEBUG] 使用节点: '传感器状态_上位机[3].NO[12]', NodeId: ns=4;s=上位机通讯|传感器状态_上位机[3].NO[12] [use_node:345] [unilabos.utils.log.post_process]
26-07-30 [23:09:42,853] [DEBUG] 使用节点: '传感器状态_上位机[3].NO[13]', NodeId: ns=4;s=上位机通讯|传感器状态_上位机[3].NO[13] [use_node:345] [unilabos.utils.log.post_process]
26-07-30 [23:09:43,011] [TRACE] [/devices/szlab_s08_cap_station] 【.get_property】获取同步属性: last_s08_status [get_property:371] [unilabos.ros.nodes.base_device_node]
26-07-30 [23:09:43,407] [TRACE] [/devices/szlab_poly_plc] 【.get_property】获取同步属性: powder_container_occupied [get_property:371] [unilabos.ros.nodes.base_device_node]
26-07-30 [23:09:43,407] [DEBUG] 使用节点: '传感器状态_上位机[3].NO[8]', NodeId: ns=4;s=上位机通讯|传感器状态_上位机[3].NO[8] [use_node:345] [unilabos.utils.log.post_process]
26-07-30 [23:09:43,569] [DEBUG] 使用节点: '传感器状态_上位机[3].NO[9]', NodeId: ns=4;s=上位机通讯|传感器状态_上位机[3].NO[9] [use_node:345] [unilabos.utils.log.post_process]
26-07-30 [23:09:43,730] [DEBUG] 使用节点: '传感器状态_上位机[3].NO[10]', NodeId: ns=4;s=上位机通讯|传感器状态_上位机[3].NO[10] [use_node:345] [unilabos.utils.log.post_process]
26-07-30 [23:09:43,891] [DEBUG] 使用节点: '传感器状态_上位机[3].NO[11]', NodeId: ns=4;s=上位机通讯|传感器状态_上位机[3].NO[11] [use_node:345] [unilabos.utils.log.post_process]
26-07-30 [23:09:44,052] [DEBUG] 使用节点: '传感器状态_上位机[3].NO[12]', NodeId: ns=4;s=上位机通讯|传感器状态_上位机[3].NO[12] [use_node:345] [unilabos.utils.log.post_process]
26-07-30 [23:09:44,965] [DEBUG] 使用节点: '传感器状态_上位机[3].NO[13]', NodeId: ns=4;s=上位机通讯|传感器状态_上位机[3].NO[13] [use_node:345] [unilabos.utils.log.post_process]
26-07-30 [23:09:45,011] [TRACE] [/devices/szlab_s08_cap_station] 【.get_property】获取同步属性: last_s08_status [get_property:371] [unilabos.ros.nodes.base_device_node]
26-07-30 [23:09:45,895] [TRACE] [/devices/szlab_poly_plc] 【.get_property】获取同步属性: powder_container_occupied [get_property:371] [unilabos.ros.nodes.base_device_node]
26-07-30 [23:09:45,895] [DEBUG] 使用节点: '传感器状态_上位机[3].NO[8]', NodeId: ns=4;s=上位机通讯|传感器状态_上位机[3].NO[8] [use_node:345] [unilabos.utils.log.post_process]
26-07-30 [23:09:46,056] [DEBUG] 使用节点: '传感器状态_上位机[3].NO[9]', NodeId: ns=4;s=上位机通讯|传感器状态_上位机[3].NO[9] [use_node:345] [unilabos.utils.log.post_process]
26-07-30 [23:09:46,198] [INFO] [Uvicorn.HTTP] 127.0.0.1:56980 - "GET /internal/v1/runtime-actions HTTP/1.1" 200 [send:482] [uvicorn.protocols.http.h11_impl]
26-07-30 [23:09:46,217] [DEBUG] 使用节点: '传感器状态_上位机[3].NO[10]', NodeId: ns=4;s=上位机通讯|传感器状态_上位机[3].NO[10] [use_node:345] [unilabos.utils.log.post_process]
26-07-30 [23:09:46,458] [INFO] [Uvicorn.HTTP] 127.0.0.1:56984 - "GET /internal/v1/runtime-actions HTTP/1.1" 200 [send:482] [uvicorn.protocols.http.h11_impl]
26-07-30 [23:09:46,973] [TRACE] [/devices/szlab_mixer_stirrer] 【.get_property】获取同步属性: status [get_property:371] [unilabos.ros.nodes.base_device_node]
26-07-30 [23:09:46,981] [TRACE] [/devices/szlab_mixer_photoshotting] 【.get_property】获取同步属性: last_photo_path [get_property:371] [unilabos.ros.nodes.base_device_node]
26-07-30 [23:09:46,981] [TRACE] [/devices/szlab_mixer_photoshotting] 【.get_property】获取同步属性: last_result [get_property:371] [unilabos.ros.nodes.base_device_node]
26-07-30 [23:09:46,983] [TRACE] [/devices/szlab_mixer_photoshotting] 【.get_property】获取同步属性: status [get_property:371] [unilabos.ros.nodes.base_device_node]
26-07-30 [23:09:46,990] [TRACE] [/devices/szlab_mixer_pump] 【.get_property】获取同步属性: status [get_property:371] [unilabos.ros.nodes.base_device_node]
26-07-30 [23:09:47,011] [TRACE] [/devices/szlab_s08_cap_station] 【.get_property】获取同步属性: last_s08_status [get_property:371] [unilabos.ros.nodes.base_device_node]
26-07-30 [23:09:47,021] [TRACE] [/devices/szlab_mixer_pipetting_station] 【.get_property】获取同步属性: status [get_property:371] [unilabos.ros.nodes.base_device_node]
26-07-30 [23:09:47,141] [DEBUG] 使用节点: '传感器状态_上位机[3].NO[11]', NodeId: ns=4;s=上位机通讯|传感器状态_上位机[3].NO[11] [use_node:345] [unilabos.utils.log.post_process]
26-07-30 [23:09:47,302] [DEBUG] 使用节点: '传感器状态_上位机[3].NO[12]', NodeId: ns=4;s=上位机通讯|传感器状态_上位机[3].NO[12] [use_node:345] [unilabos.utils.log.post_process]
26-07-30 [23:09:47,463] [DEBUG] 使用节点: '传感器状态_上位机[3].NO[13]', NodeId: ns=4;s=上位机通讯|传感器状态_上位机[3].NO[13] [use_node:345] [unilabos.utils.log.post_process]
26-07-30 [23:09:47,627] [TRACE] [/devices/szlab_poly_plc] 【.get_property】获取同步属性: powder_container_occupied [get_property:371] [unilabos.ros.nodes.base_device_node]
26-07-30 [23:09:47,627] [DEBUG] 使用节点: '传感器状态_上位机[3].NO[8]', NodeId: ns=4;s=上位机通讯|传感器状态_上位机[3].NO[8] [use_node:345] [unilabos.utils.log.post_process]
26-07-30 [23:09:48,165] [DEBUG] 使用节点: '传感器状态_上位机[3].NO[9]', NodeId: ns=4;s=上位机通讯|传感器状态_上位机[3].NO[9] [use_node:345] [unilabos.utils.log.post_process]
26-07-30 [23:09:48,326] [DEBUG] 使用节点: '传感器状态_上位机[3].NO[10]', NodeId: ns=4;s=上位机通讯|传感器状态_上位机[3].NO[10] [use_node:345] [unilabos.utils.log.post_process]
26-07-30 [23:09:48,487] [DEBUG] 使用节点: '传感器状态_上位机[3].NO[11]', NodeId: ns=4;s=上位机通讯|传感器状态_上位机[3].NO[11] [use_node:345] [unilabos.utils.log.post_process]
26-07-30 [23:09:48,648] [DEBUG] 使用节点: '传感器状态_上位机[3].NO[12]', NodeId: ns=4;s=上位机通讯|传感器状态_上位机[3].NO[12] [use_node:345] [unilabos.utils.log.post_process]
26-07-30 [23:09:49,011] [TRACE] [/devices/szlab_s08_cap_station] 【.get_property】获取同步属性: last_s08_status [get_property:371] [unilabos.ros.nodes.base_device_node]
26-07-30 [23:09:49,189] [DEBUG] 使用节点: '传感器状态_上位机[3].NO[13]', NodeId: ns=4;s=上位机通讯|传感器状态_上位机[3].NO[13] [use_node:345] [unilabos.utils.log.post_process]
26-07-30 [23:09:49,352] [TRACE] [/devices/szlab_poly_plc] 【.get_property】获取同步属性: powder_container_occupied [get_property:371] [unilabos.ros.nodes.base_device_node]
26-07-30 [23:09:49,352] [DEBUG] 使用节点: '传感器状态_上位机[3].NO[8]', NodeId: ns=4;s=上位机通讯|传感器状态_上位机[3].NO[8] [use_node:345] [unilabos.utils.log.post_process]
26-07-30 [23:09:49,513] [DEBUG] 使用节点: '传感器状态_上位机[3].NO[9]', NodeId: ns=4;s=上位机通讯|传感器状态_上位机[3].NO[9] [use_node:345] [unilabos.utils.log.post_process]
26-07-30 [23:09:49,674] [DEBUG] 使用节点: '传感器状态_上位机[3].NO[10]', NodeId: ns=4;s=上位机通讯|传感器状态_上位机[3].NO[10] [use_node:345] [unilabos.utils.log.post_process]
26-07-30 [23:09:49,835] [DEBUG] 使用节点: '传感器状态_上位机[3].NO[11]', NodeId: ns=4;s=上位机通讯|传感器状态_上位机[3].NO[11] [use_node:345] [unilabos.utils.log.post_process]
26-07-30 [23:09:50,757] [DEBUG] 使用节点: '传感器状态_上位机[3].NO[12]', NodeId: ns=4;s=上位机通讯|传感器状态_上位机[3].NO[12] [use_node:345] [unilabos.utils.log.post_process]
26-07-30 [23:09:50,918] [DEBUG] 使用节点: '传感器状态_上位机[3].NO[13]', NodeId: ns=4;s=上位机通讯|传感器状态_上位机[3].NO[13] [use_node:345] [unilabos.utils.log.post_process]
26-07-30 [23:09:51,011] [TRACE] [/devices/szlab_s08_cap_station] 【.get_property】获取同步属性: last_s08_status [get_property:371] [unilabos.ros.nodes.base_device_node]
26-07-30 [23:09:51,081] [TRACE] [/devices/szlab_poly_plc] 【.get_property】获取同步属性: powder_container_occupied [get_property:371] [unilabos.ros.nodes.base_device_node]
26-07-30 [23:09:51,081] [DEBUG] 使用节点: '传感器状态_上位机[3].NO[8]', NodeId: ns=4;s=上位机通讯|传感器状态_上位机[3].NO[8] [use_node:345] [unilabos.utils.log.post_process]
26-07-30 [23:09:51,242] [DEBUG] 使用节点: '传感器状态_上位机[3].NO[9]', NodeId: ns=4;s=上位机通讯|传感器状态_上位机[3].NO[9] [use_node:345] [unilabos.utils.log.post_process]
26-07-30 [23:09:51,403] [DEBUG] 使用节点: '传感器状态_上位机[3].NO[10]', NodeId: ns=4;s=上位机通讯|传感器状态_上位机[3].NO[10] [use_node:345] [unilabos.utils.log.post_process]
26-07-30 [23:09:51,564] [DEBUG] 使用节点: '传感器状态_上位机[3].NO[11]', NodeId: ns=4;s=上位机通讯|传感器状态_上位机[3].NO[11] [use_node:345] [unilabos.utils.log.post_process]
26-07-30 [23:09:51,725] [DEBUG] 使用节点: '传感器状态_上位机[3].NO[12]', NodeId: ns=4;s=上位机通讯|传感器状态_上位机[3].NO[12] [use_node:345] [unilabos.utils.log.post_process]
26-07-30 [23:09:51,886] [DEBUG] 使用节点: '传感器状态_上位机[3].NO[13]', NodeId: ns=4;s=上位机通讯|传感器状态_上位机[3].NO[13] [use_node:345] [unilabos.utils.log.post_process]
26-07-30 [23:09:51,974] [TRACE] [/devices/szlab_mixer_stirrer] 【.get_property】获取同步属性: status [get_property:371] [unilabos.ros.nodes.base_device_node]
26-07-30 [23:09:51,981] [TRACE] [/devices/szlab_mixer_photoshotting] 【.get_property】获取同步属性: last_photo_path [get_property:371] [unilabos.ros.nodes.base_device_node]
26-07-30 [23:09:51,982] [TRACE] [/devices/szlab_mixer_photoshotting] 【.get_property】获取同步属性: status [get_property:371] [unilabos.ros.nodes.base_device_node]
26-07-30 [23:09:51,984] [TRACE] [/devices/szlab_mixer_photoshotting] 【.get_property】获取同步属性: last_result [get_property:371] [unilabos.ros.nodes.base_device_node]
26-07-30 [23:09:51,991] [TRACE] [/devices/szlab_mixer_pump] 【.get_property】获取同步属性: status [get_property:371] [unilabos.ros.nodes.base_device_node]
26-07-30 [23:09:52,022] [TRACE] [/devices/szlab_mixer_pipetting_station] 【.get_property】获取同步属性: status [get_property:371] [unilabos.ros.nodes.base_device_node]
26-07-30 [23:09:52,423] [TRACE] [/devices/szlab_poly_plc] 【.get_property】获取同步属性: powder_container_occupied [get_property:371] [unilabos.ros.nodes.base_device_node]
26-07-30 [23:09:52,423] [DEBUG] 使用节点: '传感器状态_上位机[3].NO[8]', NodeId: ns=4;s=上位机通讯|传感器状态_上位机[3].NO[8] [use_node:345] [unilabos.utils.log.post_process]
26-07-30 [23:09:52,584] [DEBUG] 使用节点: '传感器状态_上位机[3].NO[9]', NodeId: ns=4;s=上位机通讯|传感器状态_上位机[3].NO[9] [use_node:345] [unilabos.utils.log.post_process]
26-07-30 [23:09:53,012] [TRACE] [/devices/szlab_s08_cap_station] 【.get_property】获取同步属性: last_s08_status [get_property:371] [unilabos.ros.nodes.base_device_node]
26-07-30 [23:09:53,125] [DEBUG] 使用节点: '传感器状态_上位机[3].NO[10]', NodeId: ns=4;s=上位机通讯|传感器状态_上位机[3].NO[10] [use_node:345] [unilabos.utils.log.post_process]
26-07-30 [23:09:53,677] [DEBUG] 使用节点: '传感器状态_上位机[3].NO[11]', NodeId: ns=4;s=上位机通讯|传感器状态_上位机[3].NO[11] [use_node:345] [unilabos.utils.log.post_process]
26-07-30 [23:09:53,838] [DEBUG] 使用节点: '传感器状态_上位机[3].NO[12]', NodeId: ns=4;s=上位机通讯|传感器状态_上位机[3].NO[12] [use_node:345] [unilabos.utils.log.post_process]
26-07-30 [23:09:54,000] [DEBUG] 使用节点: '传感器状态_上位机[3].NO[13]', NodeId: ns=4;s=上位机通讯|传感器状态_上位机[3].NO[13] [use_node:345] [unilabos.utils.log.post_process]
26-07-30 [23:09:54,164] [TRACE] [/devices/szlab_poly_plc] 【.get_property】获取同步属性: powder_container_occupied [get_property:371] [unilabos.ros.nodes.base_device_node]
26-07-30 [23:09:54,164] [DEBUG] 使用节点: '传感器状态_上位机[3].NO[8]', NodeId: ns=4;s=上位机通讯|传感器状态_上位机[3].NO[8] [use_node:345] [unilabos.utils.log.post_process]
26-07-30 [23:09:54,693] [DEBUG] 使用节点: '传感器状态_上位机[3].NO[9]', NodeId: ns=4;s=上位机通讯|传感器状态_上位机[3].NO[9] [use_node:345] [unilabos.utils.log.post_process]
26-07-30 [23:09:54,854] [DEBUG] 使用节点: '传感器状态_上位机[3].NO[10]', NodeId: ns=4;s=上位机通讯|传感器状态_上位机[3].NO[10] [use_node:345] [unilabos.utils.log.post_process]
26-07-30 [23:09:55,011] [TRACE] [/devices/szlab_s08_cap_station] 【.get_property】获取同步属性: last_s08_status [get_property:371] [unilabos.ros.nodes.base_device_node]
26-07-30 [23:09:55,015] [DEBUG] 使用节点: '传感器状态_上位机[3].NO[11]', NodeId: ns=4;s=上位机通讯|传感器状态_上位机[3].NO[11] [use_node:345] [unilabos.utils.log.post_process]
26-07-30 [23:09:55,557] [DEBUG] 使用节点: '传感器状态_上位机[3].NO[12]', NodeId: ns=4;s=上位机通讯|传感器状态_上位机[3].NO[12] [use_node:345] [unilabos.utils.log.post_process]
26-07-30 [23:09:55,718] [DEBUG] 使用节点: '传感器状态_上位机[3].NO[13]', NodeId: ns=4;s=上位机通讯|传感器状态_上位机[3].NO[13] [use_node:345] [unilabos.utils.log.post_process]
26-07-30 [23:09:56,264] [TRACE] [/devices/szlab_poly_plc] 【.get_property】获取同步属性: powder_container_occupied [get_property:371] [unilabos.ros.nodes.base_device_node]
26-07-30 [23:09:56,264] [DEBUG] 使用节点: '传感器状态_上位机[3].NO[8]', NodeId: ns=4;s=上位机通讯|传感器状态_上位机[3].NO[8] [use_node:345] [unilabos.utils.log.post_process]
26-07-30 [23:09:56,425] [DEBUG] 使用节点: '传感器状态_上位机[3].NO[9]', NodeId: ns=4;s=上位机通讯|传感器状态_上位机[3].NO[9] [use_node:345] [unilabos.utils.log.post_process]
26-07-30 [23:09:56,586] [DEBUG] 使用节点: '传感器状态_上位机[3].NO[10]', NodeId: ns=4;s=上位机通讯|传感器状态_上位机[3].NO[10] [use_node:345] [unilabos.utils.log.post_process]
26-07-30 [23:09:56,747] [DEBUG] 使用节点: '传感器状态_上位机[3].NO[11]', NodeId: ns=4;s=上位机通讯|传感器状态_上位机[3].NO[11] [use_node:345] [unilabos.utils.log.post_process]
26-07-30 [23:09:56,909] [DEBUG] 使用节点: '传感器状态_上位机[3].NO[12]', NodeId: ns=4;s=上位机通讯|传感器状态_上位机[3].NO[12] [use_node:345] [unilabos.utils.log.post_process]
26-07-30 [23:09:56,974] [TRACE] [/devices/szlab_mixer_stirrer] 【.get_property】获取同步属性: status [get_property:371] [unilabos.ros.nodes.base_device_node]
26-07-30 [23:09:56,981] [TRACE] [/devices/szlab_mixer_photoshotting] 【.get_property】获取同步属性: last_photo_path [get_property:371] [unilabos.ros.nodes.base_device_node]
26-07-30 [23:09:56,983] [TRACE] [/devices/szlab_mixer_photoshotting] 【.get_property】获取同步属性: last_result [get_property:371] [unilabos.ros.nodes.base_device_node]
26-07-30 [23:09:56,985] [TRACE] [/devices/szlab_mixer_photoshotting] 【.get_property】获取同步属性: status [get_property:371] [unilabos.ros.nodes.base_device_node]
26-07-30 [23:09:56,990] [TRACE] [/devices/szlab_mixer_pump] 【.get_property】获取同步属性: status [get_property:371] [unilabos.ros.nodes.base_device_node]
26-07-30 [23:09:57,011] [TRACE] [/devices/szlab_s08_cap_station] 【.get_property】获取同步属性: last_s08_status [get_property:371] [unilabos.ros.nodes.base_device_node]
26-07-30 [23:09:57,021] [TRACE] [/devices/szlab_mixer_pipetting_station] 【.get_property】获取同步属性: status [get_property:371] [unilabos.ros.nodes.base_device_node]
26-07-30 [23:09:57,035] [TRACE] [/devices/host_node] [Host Node] Discovering devices in the network... [_discover_devices:472] [unilabos.ros.nodes.presets.host_node]
26-07-30 [23:09:57,036] [TRACE] [/devices/host_node] [Host Node] Total online devices: 9 [_discover_devices:525] [unilabos.ros.nodes.presets.host_node]
26-07-30 [23:09:57,070] [DEBUG] 使用节点: '传感器状态_上位机[3].NO[13]', NodeId: ns=4;s=上位机通讯|传感器状态_上位机[3].NO[13] [use_node:345] [unilabos.utils.log.post_process]
26-07-30 [23:09:57,234] [TRACE] [/devices/szlab_poly_plc] 【.get_property】获取同步属性: powder_container_occupied [get_property:371] [unilabos.ros.nodes.base_device_node]
26-07-30 [23:09:57,236] [DEBUG] 使用节点: '传感器状态_上位机[3].NO[8]', NodeId: ns=4;s=上位机通讯|传感器状态_上位机[3].NO[8] [use_node:345] [unilabos.utils.log.post_process]
26-07-30 [23:09:57,397] [DEBUG] 使用节点: '传感器状态_上位机[3].NO[9]', NodeId: ns=4;s=上位机通讯|传感器状态_上位机[3].NO[9] [use_node:345] [unilabos.utils.log.post_process]
26-07-30 [23:09:57,558] [DEBUG] 使用节点: '传感器状态_上位机[3].NO[10]', NodeId: ns=4;s=上位机通讯|传感器状态_上位机[3].NO[10] [use_node:345] [unilabos.utils.log.post_process]
26-07-30 [23:09:57,719] [DEBUG] 使用节点: '传感器状态_上位机[3].NO[11]', NodeId: ns=4;s=上位机通讯|传感器状态_上位机[3].NO[11] [use_node:345] [unilabos.utils.log.post_process]
26-07-30 [23:09:57,880] [DEBUG] 使用节点: '传感器状态_上位机[3].NO[12]', NodeId: ns=4;s=上位机通讯|传感器状态_上位机[3].NO[12] [use_node:345] [unilabos.utils.log.post_process]
26-07-30 [23:09:58,437] [DEBUG] 使用节点: '传感器状态_上位机[3].NO[13]', NodeId: ns=4;s=上位机通讯|传感器状态_上位机[3].NO[13] [use_node:345] [unilabos.utils.log.post_process]
26-07-30 [23:09:58,601] [TRACE] [/devices/szlab_poly_plc] 【.get_property】获取同步属性: powder_container_occupied [get_property:371] [unilabos.ros.nodes.base_device_node]
26-07-30 [23:09:58,601] [DEBUG] 使用节点: '传感器状态_上位机[3].NO[8]', NodeId: ns=4;s=上位机通讯|传感器状态_上位机[3].NO[8] [use_node:345] [unilabos.utils.log.post_process]
26-07-30 [23:09:58,762] [DEBUG] 使用节点: '传感器状态_上位机[3].NO[9]', NodeId: ns=4;s=上位机通讯|传感器状态_上位机[3].NO[9] [use_node:345] [unilabos.utils.log.post_process]
26-07-30 [23:09:58,924] [DEBUG] 使用节点: '传感器状态_上位机[3].NO[10]', NodeId: ns=4;s=上位机通讯|传感器状态_上位机[3].NO[10] [use_node:345] [unilabos.utils.log.post_process]
26-07-30 [23:09:59,011] [TRACE] [/devices/szlab_s08_cap_station] 【.get_property】获取同步属性: last_s08_status [get_property:371] [unilabos.ros.nodes.base_device_node]
26-07-30 [23:09:59,085] [DEBUG] 使用节点: '传感器状态_上位机[3].NO[11]', NodeId: ns=4;s=上位机通讯|传感器状态_上位机[3].NO[11] [use_node:345] [unilabos.utils.log.post_process]
26-07-30 [23:09:59,247] [DEBUG] 使用节点: '传感器状态_上位机[3].NO[12]', NodeId: ns=4;s=上位机通讯|传感器状态_上位机[3].NO[12] [use_node:345] [unilabos.utils.log.post_process]
26-07-30 [23:09:59,409] [DEBUG] 使用节点: '传感器状态_上位机[3].NO[13]', NodeId: ns=4;s=上位机通讯|传感器状态_上位机[3].NO[13] [use_node:345] [unilabos.utils.log.post_process]
26-07-30 [23:09:59,456] [TRACE] [/devices/host_node] [Host Node] Sending goal for /devices/szlab_poly_plc/_execute_driver_command: {'string': '{"function_name": "get_stack_status", "function_args": {}, "unilabos_param": {"sample_uuids": {}}}'} [send_goal:942] [unilabos.ros.nodes.presets.host_node]
26-07-30 [23:09:59,456] [TRACE] [/devices/host_node] [Host Node] Sending goal for /devices/szlab_poly_plc/_execute_driver_command: unilabos_msgs.action.StrSingleInput_Goal(string='{"function_name": "get_stack_status", "function_args": {}, "unilabos_param": {"sample_uuids": {}}}') [send_goal:943] [unilabos.ros.nodes.presets.host_node]
26-07-30 [23:09:59,459] [DEBUG] [/devices/szlab_poly_plc] 任务 _execute_driver_command 接收到原始目标: {'string': '{"function_name": "get_stack_status", "function_args": {}, "unilabos_param": {"sample_uuids": {}}}'} [execute_callback:2086] [unilabos.ros.nodes.base_device_node]
26-07-30 [23:09:59,460] [TRACE] [/devices/szlab_poly_plc] 任务 _execute_driver_command 接收到原始目标: {'string': '{"function_name": "get_stack_status", "function_args": {}, "unilabos_param": {"sample_uuids": {}}}'} [execute_callback:2087] [unilabos.ros.nodes.base_device_node]
26-07-30 [23:09:59,460] [TRACE] [/devices/szlab_poly_plc] 同步执行动作 <bound method BaseROS2DeviceNode._execute_driver_command of <unilabos.ros.nodes.base_device_node.BaseROS2DeviceNode object at 0x7eff959f3ad0>> [execute_callback:2188] [unilabos.ros.nodes.base_device_node]
26-07-30 [23:09:59,461] [INFO] [/devices/host_node] [Host Node] Goal /devices/szlab_poly_plc/_execute_driver_command (szlab_stack_s05_s06_workflow-001-szlab_poly_plc.get_stack_status) accepted [goal_response_callback:1108] [unilabos.ros.nodes.presets.host_node]
26-07-30 [23:09:59,571] [DEBUG] 使用节点: '传感器状态_上位机[0].NO[0]', NodeId: ns=4;s=上位机通讯|传感器状态_上位机[0].NO[0] [use_node:345] [unilabos.utils.log.post_process]
26-07-30 [23:09:59,573] [TRACE] [/devices/szlab_poly_plc] 【.get_property】获取同步属性: powder_container_occupied [get_property:371] [unilabos.ros.nodes.base_device_node]
26-07-30 [23:09:59,732] [DEBUG] 使用节点: '传感器状态_上位机[0].NO[1]', NodeId: ns=4;s=上位机通讯|传感器状态_上位机[0].NO[1] [use_node:345] [unilabos.utils.log.post_process]
26-07-30 [23:10:00,261] [DEBUG] 使用节点: '传感器状态_上位机[0].NO[2]', NodeId: ns=4;s=上位机通讯|传感器状态_上位机[0].NO[2] [use_node:345] [unilabos.utils.log.post_process]
26-07-30 [23:10:00,423] [DEBUG] 使用节点: '传感器状态_上位机[0].NO[3]', NodeId: ns=4;s=上位机通讯|传感器状态_上位机[0].NO[3] [use_node:345] [unilabos.utils.log.post_process]
26-07-30 [23:10:00,585] [DEBUG] 使用节点: '传感器状态_上位机[0].NO[4]', NodeId: ns=4;s=上位机通讯|传感器状态_上位机[0].NO[4] [use_node:345] [unilabos.utils.log.post_process]
26-07-30 [23:10:00,746] [DEBUG] 使用节点: '传感器状态_上位机[0].NO[5]', NodeId: ns=4;s=上位机通讯|传感器状态_上位机[0].NO[5] [use_node:345] [unilabos.utils.log.post_process]
26-07-30 [23:10:00,908] [DEBUG] 使用节点: '传感器状态_上位机[0].NO[6]', NodeId: ns=4;s=上位机通讯|传感器状态_上位机[0].NO[6] [use_node:345] [unilabos.utils.log.post_process]
26-07-30 [23:10:01,011] [TRACE] [/devices/szlab_s08_cap_station] 【.get_property】获取同步属性: last_s08_status [get_property:371] [unilabos.ros.nodes.base_device_node]
26-07-30 [23:10:01,070] [DEBUG] 使用节点: '传感器状态_上位机[0].NO[7]', NodeId: ns=4;s=上位机通讯|传感器状态_上位机[0].NO[7] [use_node:345] [unilabos.utils.log.post_process]
26-07-30 [23:10:01,605] [DEBUG] 使用节点: '传感器状态_上位机[0].NO[8]', NodeId: ns=4;s=上位机通讯|传感器状态_上位机[0].NO[8] [use_node:345] [unilabos.utils.log.post_process]
26-07-30 [23:10:01,768] [DEBUG] 使用节点: '传感器状态_上位机[0].NO[9]', NodeId: ns=4;s=上位机通讯|传感器状态_上位机[0].NO[9] [use_node:345] [unilabos.utils.log.post_process]
26-07-30 [23:10:01,930] [DEBUG] 使用节点: '传感器状态_上位机[0].NO[10]', NodeId: ns=4;s=上位机通讯|传感器状态_上位机[0].NO[10] [use_node:345] [unilabos.utils.log.post_process]
26-07-30 [23:10:01,973] [TRACE] [/devices/szlab_mixer_stirrer] 【.get_property】获取同步属性: status [get_property:371] [unilabos.ros.nodes.base_device_node]
26-07-30 [23:10:01,981] [TRACE] [/devices/szlab_mixer_photoshotting] 【.get_property】获取同步属性: last_photo_path [get_property:371] [unilabos.ros.nodes.base_device_node]
26-07-30 [23:10:01,983] [TRACE] [/devices/szlab_mixer_photoshotting] 【.get_property】获取同步属性: last_result [get_property:371] [unilabos.ros.nodes.base_device_node]
26-07-30 [23:10:01,985] [TRACE] [/devices/szlab_mixer_photoshotting] 【.get_property】获取同步属性: status [get_property:371] [unilabos.ros.nodes.base_device_node]
26-07-30 [23:10:01,990] [TRACE] [/devices/szlab_mixer_pump] 【.get_property】获取同步属性: status [get_property:371] [unilabos.ros.nodes.base_device_node]
26-07-30 [23:10:02,022] [TRACE] [/devices/szlab_mixer_pipetting_station] 【.get_property】获取同步属性: status [get_property:371] [unilabos.ros.nodes.base_device_node]
26-07-30 [23:10:02,093] [DEBUG] 使用节点: '传感器状态_上位机[0].NO[11]', NodeId: ns=4;s=上位机通讯|传感器状态_上位机[0].NO[11] [use_node:345] [unilabos.utils.log.post_process]
26-07-30 [23:10:03,011] [TRACE] [/devices/szlab_s08_cap_station] 【.get_property】获取同步属性: last_s08_status [get_property:371] [unilabos.ros.nodes.base_device_node]
26-07-30 [23:10:03,014] [DEBUG] 使用节点: '传感器状态_上位机[0].NO[12]', NodeId: ns=4;s=上位机通讯|传感器状态_上位机[0].NO[12] [use_node:345] [unilabos.utils.log.post_process]
26-07-30 [23:10:03,557] [DEBUG] 使用节点: '传感器状态_上位机[0].NO[13]', NodeId: ns=4;s=上位机通讯|传感器状态_上位机[0].NO[13] [use_node:345] [unilabos.utils.log.post_process]
26-07-30 [23:10:03,719] [DEBUG] 使用节点: '传感器状态_上位机[0].NO[14]', NodeId: ns=4;s=上位机通讯|传感器状态_上位机[0].NO[14] [use_node:345] [unilabos.utils.log.post_process]
26-07-30 [23:10:04,645] [DEBUG] 使用节点: '传感器状态_上位机[0].NO[15]', NodeId: ns=4;s=上位机通讯|传感器状态_上位机[0].NO[15] [use_node:345] [unilabos.utils.log.post_process]
26-07-30 [23:10:04,807] [DEBUG] 使用节点: '传感器状态_上位机[1].NO[0]', NodeId: ns=4;s=上位机通讯|传感器状态_上位机[1].NO[0] [use_node:345] [unilabos.utils.log.post_process]
26-07-30 [23:10:04,969] [DEBUG] 使用节点: '传感器状态_上位机[1].NO[1]', NodeId: ns=4;s=上位机通讯|传感器状态_上位机[1].NO[1] [use_node:345] [unilabos.utils.log.post_process]
26-07-30 [23:10:05,011] [TRACE] [/devices/szlab_s08_cap_station] 【.get_property】获取同步属性: last_s08_status [get_property:371] [unilabos.ros.nodes.base_device_node]
26-07-30 [23:10:05,131] [DEBUG] 使用节点: '传感器状态_上位机[1].NO[2]', NodeId: ns=4;s=上位机通讯|传感器状态_上位机[1].NO[2] [use_node:345] [unilabos.utils.log.post_process]
26-07-30 [23:10:05,293] [DEBUG] 使用节点: '传感器状态_上位机[1].NO[3]', NodeId: ns=4;s=上位机通讯|传感器状态_上位机[1].NO[3] [use_node:345] [unilabos.utils.log.post_process]
26-07-30 [23:10:05,455] [DEBUG] 使用节点: '传感器状态_上位机[1].NO[4]', NodeId: ns=4;s=上位机通讯|传感器状态_上位机[1].NO[4] [use_node:345] [unilabos.utils.log.post_process]
26-07-30 [23:10:05,617] [DEBUG] 使用节点: '传感器状态_上位机[1].NO[5]', NodeId: ns=4;s=上位机通讯|传感器状态_上位机[1].NO[5] [use_node:345] [unilabos.utils.log.post_process]
26-07-30 [23:10:05,778] [DEBUG] 使用节点: '传感器状态_上位机[1].NO[6]', NodeId: ns=4;s=上位机通讯|传感器状态_上位机[1].NO[6] [use_node:345] [unilabos.utils.log.post_process]
26-07-30 [23:10:05,940] [DEBUG] 使用节点: '传感器状态_上位机[1].NO[7]', NodeId: ns=4;s=上位机通讯|传感器状态_上位机[1].NO[7] [use_node:345] [unilabos.utils.log.post_process]
26-07-30 [23:10:06,103] [DEBUG] 使用节点: '传感器状态_上位机[1].NO[8]', NodeId: ns=4;s=上位机通讯|传感器状态_上位机[1].NO[8] [use_node:345] [unilabos.utils.log.post_process]
26-07-30 [23:10:06,264] [DEBUG] 使用节点: '传感器状态_上位机[1].NO[9]', NodeId: ns=4;s=上位机通讯|传感器状态_上位机[1].NO[9] [use_node:345] [unilabos.utils.log.post_process]
26-07-30 [23:10:06,426] [DEBUG] 使用节点: '传感器状态_上位机[1].NO[10]', NodeId: ns=4;s=上位机通讯|传感器状态_上位机[1].NO[10] [use_node:345] [unilabos.utils.log.post_process]
26-07-30 [23:10:06,587] [DEBUG] 使用节点: '传感器状态_上位机[1].NO[11]', NodeId: ns=4;s=上位机通讯|传感器状态_上位机[1].NO[11] [use_node:345] [unilabos.utils.log.post_process]
26-07-30 [23:10:06,748] [DEBUG] 使用节点: '传感器状态_上位机[1].NO[12]', NodeId: ns=4;s=上位机通讯|传感器状态_上位机[1].NO[12] [use_node:345] [unilabos.utils.log.post_process]
26-07-30 [23:10:06,909] [DEBUG] 使用节点: '传感器状态_上位机[1].NO[13]', NodeId: ns=4;s=上位机通讯|传感器状态_上位机[1].NO[13] [use_node:345] [unilabos.utils.log.post_process]
26-07-30 [23:10:06,973] [TRACE] [/devices/szlab_mixer_stirrer] 【.get_property】获取同步属性: status [get_property:371] [unilabos.ros.nodes.base_device_node]
26-07-30 [23:10:06,981] [TRACE] [/devices/szlab_mixer_photoshotting] 【.get_property】获取同步属性: last_photo_path [get_property:371] [unilabos.ros.nodes.base_device_node]
26-07-30 [23:10:06,982] [TRACE] [/devices/szlab_mixer_photoshotting] 【.get_property】获取同步属性: last_result [get_property:371] [unilabos.ros.nodes.base_device_node]
26-07-30 [23:10:06,983] [TRACE] [/devices/szlab_mixer_photoshotting] 【.get_property】获取同步属性: status [get_property:371] [unilabos.ros.nodes.base_device_node]
26-07-30 [23:10:06,990] [TRACE] [/devices/szlab_mixer_pump] 【.get_property】获取同步属性: status [get_property:371] [unilabos.ros.nodes.base_device_node]
26-07-30 [23:10:07,011] [TRACE] [/devices/szlab_s08_cap_station] 【.get_property】获取同步属性: last_s08_status [get_property:371] [unilabos.ros.nodes.base_device_node]
26-07-30 [23:10:07,021] [TRACE] [/devices/szlab_mixer_pipetting_station] 【.get_property】获取同步属性: status [get_property:371] [unilabos.ros.nodes.base_device_node]
26-07-30 [23:10:07,070] [DEBUG] 使用节点: '传感器状态_上位机[1].NO[14]', NodeId: ns=4;s=上位机通讯|传感器状态_上位机[1].NO[14] [use_node:345] [unilabos.utils.log.post_process]
26-07-30 [23:10:07,231] [DEBUG] 使用节点: '传感器状态_上位机[1].NO[15]', NodeId: ns=4;s=上位机通讯|传感器状态_上位机[1].NO[15] [use_node:345] [unilabos.utils.log.post_process]
26-07-30 [23:10:07,392] [DEBUG] 使用节点: '传感器状态_上位机[2].NO[0]', NodeId: ns=4;s=上位机通讯|传感器状态_上位机[2].NO[0] [use_node:345] [unilabos.utils.log.post_process]
26-07-30 [23:10:07,554] [DEBUG] 使用节点: '传感器状态_上位机[2].NO[1]', NodeId: ns=4;s=上位机通讯|传感器状态_上位机[2].NO[1] [use_node:345] [unilabos.utils.log.post_process]
26-07-30 [23:10:07,715] [DEBUG] 使用节点: '传感器状态_上位机[2].NO[2]', NodeId: ns=4;s=上位机通讯|传感器状态_上位机[2].NO[2] [use_node:345] [unilabos.utils.log.post_process]
26-07-30 [23:10:07,876] [DEBUG] 使用节点: '传感器状态_上位机[2].NO[3]', NodeId: ns=4;s=上位机通讯|传感器状态_上位机[2].NO[3] [use_node:345] [unilabos.utils.log.post_process]
26-07-30 [23:10:08,038] [DEBUG] 使用节点: '传感器状态_上位机[2].NO[4]', NodeId: ns=4;s=上位机通讯|传感器状态_上位机[2].NO[4] [use_node:345] [unilabos.utils.log.post_process]
26-07-30 [23:10:08,200] [DEBUG] 使用节点: '传感器状态_上位机[2].NO[5]', NodeId: ns=4;s=上位机通讯|传感器状态_上位机[2].NO[5] [use_node:345] [unilabos.utils.log.post_process]
26-07-30 [23:10:08,741] [DEBUG] 使用节点: '传感器状态_上位机[2].NO[6]', NodeId: ns=4;s=上位机通讯|传感器状态_上位机[2].NO[6] [use_node:345] [unilabos.utils.log.post_process]
26-07-30 [23:10:09,011] [TRACE] [/devices/szlab_s08_cap_station] 【.get_property】获取同步属性: last_s08_status [get_property:371] [unilabos.ros.nodes.base_device_node]
26-07-30 [23:10:11,011] [TRACE] [/devices/szlab_s08_cap_station] 【.get_property】获取同步属性: last_s08_status [get_property:371] [unilabos.ros.nodes.base_device_node]
26-07-30 [23:10:11,973] [TRACE] [/devices/szlab_mixer_stirrer] 【.get_property】获取同步属性: status [get_property:371] [unilabos.ros.nodes.base_device_node]
26-07-30 [23:10:11,981] [TRACE] [/devices/szlab_mixer_photoshotting] 【.get_property】获取同步属性: last_photo_path [get_property:371] [unilabos.ros.nodes.base_device_node]
26-07-30 [23:10:11,982] [TRACE] [/devices/szlab_mixer_photoshotting] 【.get_property】获取同步属性: last_result [get_property:371] [unilabos.ros.nodes.base_device_node]
26-07-30 [23:10:11,983] [TRACE] [/devices/szlab_mixer_photoshotting] 【.get_property】获取同步属性: status [get_property:371] [unilabos.ros.nodes.base_device_node]
26-07-30 [23:10:11,990] [TRACE] [/devices/szlab_mixer_pump] 【.get_property】获取同步属性: status [get_property:371] [unilabos.ros.nodes.base_device_node]
26-07-30 [23:10:12,022] [TRACE] [/devices/szlab_mixer_pipetting_station] 【.get_property】获取同步属性: status [get_property:371] [unilabos.ros.nodes.base_device_node]
26-07-30 [23:10:12,035] [TRACE] [/devices/host_node] [Host Node] Discovering devices in the network... [_discover_devices:472] [unilabos.ros.nodes.presets.host_node]
26-07-30 [23:10:12,035] [TRACE] [/devices/host_node] [Host Node] Total online devices: 9 [_discover_devices:525] [unilabos.ros.nodes.presets.host_node]
26-07-30 [23:10:13,011] [TRACE] [/devices/szlab_s08_cap_station] 【.get_property】获取同步属性: last_s08_status [get_property:371] [unilabos.ros.nodes.base_device_node]
26-07-30 [23:10:14,469] [DEBUG] 使用节点: '传感器状态_上位机[2].NO[7]', NodeId: ns=4;s=上位机通讯|传感器状态_上位机[2].NO[7] [use_node:345] [unilabos.utils.log.post_process]
26-07-30 [23:10:15,011] [TRACE] [/devices/szlab_s08_cap_station] 【.get_property】获取同步属性: last_s08_status [get_property:371] [unilabos.ros.nodes.base_device_node]
26-07-30 [23:10:15,014] [DEBUG] 使用节点: '传感器状态_上位机[2].NO[8]', NodeId: ns=4;s=上位机通讯|传感器状态_上位机[2].NO[8] [use_node:345] [unilabos.utils.log.post_process]
26-07-30 [23:10:15,565] [DEBUG] 使用节点: '传感器状态_上位机[2].NO[9]', NodeId: ns=4;s=上位机通讯|传感器状态_上位机[2].NO[9] [use_node:345] [unilabos.utils.log.post_process]
26-07-30 [23:10:16,485] [DEBUG] 使用节点: '传感器状态_上位机[4].NO[12]', NodeId: ns=4;s=上位机通讯|传感器状态_上位机[4].NO[12] [use_node:345] [unilabos.utils.log.post_process]
26-07-30 [23:10:16,647] [DEBUG] 使用节点: '传感器状态_上位机[4].NO[13]', NodeId: ns=4;s=上位机通讯|传感器状态_上位机[4].NO[13] [use_node:345] [unilabos.utils.log.post_process]
26-07-30 [23:10:16,808] [DEBUG] 使用节点: '传感器状态_上位机[4].NO[14]', NodeId: ns=4;s=上位机通讯|传感器状态_上位机[4].NO[14] [use_node:345] [unilabos.utils.log.post_process]
26-07-30 [23:10:16,969] [DEBUG] 使用节点: '传感器状态_上位机[4].NO[15]', NodeId: ns=4;s=上位机通讯|传感器状态_上位机[4].NO[15] [use_node:345] [unilabos.utils.log.post_process]
26-07-30 [23:10:16,973] [TRACE] [/devices/szlab_mixer_stirrer] 【.get_property】获取同步属性: status [get_property:371] [unilabos.ros.nodes.base_device_node]
26-07-30 [23:10:16,981] [TRACE] [/devices/szlab_mixer_photoshotting] 【.get_property】获取同步属性: last_photo_path [get_property:371] [unilabos.ros.nodes.base_device_node]
26-07-30 [23:10:16,983] [TRACE] [/devices/szlab_mixer_photoshotting] 【.get_property】获取同步属性: last_result [get_property:371] [unilabos.ros.nodes.base_device_node]
26-07-30 [23:10:16,985] [TRACE] [/devices/szlab_mixer_photoshotting] 【.get_property】获取同步属性: status [get_property:371] [unilabos.ros.nodes.base_device_node]
26-07-30 [23:10:16,990] [TRACE] [/devices/szlab_mixer_pump] 【.get_property】获取同步属性: status [get_property:371] [unilabos.ros.nodes.base_device_node]
26-07-30 [23:10:17,011] [TRACE] [/devices/szlab_s08_cap_station] 【.get_property】获取同步属性: last_s08_status [get_property:371] [unilabos.ros.nodes.base_device_node]
26-07-30 [23:10:17,021] [TRACE] [/devices/szlab_mixer_pipetting_station] 【.get_property】获取同步属性: status [get_property:371] [unilabos.ros.nodes.base_device_node]
26-07-30 [23:10:17,131] [DEBUG] 使用节点: '传感器状态_上位机[5].NO[0]', NodeId: ns=4;s=上位机通讯|传感器状态_上位机[5].NO[0] [use_node:345] [unilabos.utils.log.post_process]
26-07-30 [23:10:17,293] [DEBUG] 使用节点: '传感器状态_上位机[5].NO[1]', NodeId: ns=4;s=上位机通讯|传感器状态_上位机[5].NO[1] [use_node:345] [unilabos.utils.log.post_process]
26-07-30 [23:10:17,454] [DEBUG] 使用节点: '传感器状态_上位机[5].NO[2]', NodeId: ns=4;s=上位机通讯|传感器状态_上位机[5].NO[2] [use_node:345] [unilabos.utils.log.post_process]
26-07-30 [23:10:18,373] [DEBUG] 使用节点: '传感器状态_上位机[5].NO[3]', NodeId: ns=4;s=上位机通讯|传感器状态_上位机[5].NO[3] [use_node:345] [unilabos.utils.log.post_process]
26-07-30 [23:10:18,534] [DEBUG] 使用节点: '传感器状态_上位机[5].NO[4]', NodeId: ns=4;s=上位机通讯|传感器状态_上位机[5].NO[4] [use_node:345] [unilabos.utils.log.post_process]
26-07-30 [23:10:18,695] [DEBUG] 使用节点: '传感器状态_上位机[5].NO[5]', NodeId: ns=4;s=上位机通讯|传感器状态_上位机[5].NO[5] [use_node:345] [unilabos.utils.log.post_process]
26-07-30 [23:10:18,857] [DEBUG] 使用节点: '传感器状态_上位机[5].NO[6]', NodeId: ns=4;s=上位机通讯|传感器状态_上位机[5].NO[6] [use_node:345] [unilabos.utils.log.post_process]
26-07-30 [23:10:19,011] [TRACE] [/devices/szlab_s08_cap_station] 【.get_property】获取同步属性: last_s08_status [get_property:371] [unilabos.ros.nodes.base_device_node]
26-07-30 [23:10:19,018] [DEBUG] 使用节点: '传感器状态_上位机[5].NO[7]', NodeId: ns=4;s=上位机通讯|传感器状态_上位机[5].NO[7] [use_node:345] [unilabos.utils.log.post_process]
26-07-30 [23:10:19,180] [DEBUG] 使用节点: '传感器状态_上位机[5].NO[8]', NodeId: ns=4;s=上位机通讯|传感器状态_上位机[5].NO[8] [use_node:345] [unilabos.utils.log.post_process]
26-07-30 [23:10:19,342] [DEBUG] 使用节点: '传感器状态_上位机[5].NO[9]', NodeId: ns=4;s=上位机通讯|传感器状态_上位机[5].NO[9] [use_node:345] [unilabos.utils.log.post_process]
26-07-30 [23:10:19,877] [DEBUG] 使用节点: '传感器状态_上位机[5].NO[10]', NodeId: ns=4;s=上位机通讯|传感器状态_上位机[5].NO[10] [use_node:345] [unilabos.utils.log.post_process]
26-07-30 [23:10:20,038] [DEBUG] 使用节点: '传感器状态_上位机[5].NO[11]', NodeId: ns=4;s=上位机通讯|传感器状态_上位机[5].NO[11] [use_node:345] [unilabos.utils.log.post_process]
26-07-30 [23:10:20,200] [DEBUG] 使用节点: '传感器状态_上位机[5].NO[12]', NodeId: ns=4;s=上位机通讯|传感器状态_上位机[5].NO[12] [use_node:345] [unilabos.utils.log.post_process]
26-07-30 [23:10:20,361] [DEBUG] 使用节点: '传感器状态_上位机[5].NO[13]', NodeId: ns=4;s=上位机通讯|传感器状态_上位机[5].NO[13] [use_node:345] [unilabos.utils.log.post_process]
26-07-30 [23:10:20,901] [DEBUG] 使用节点: '传感器状态_上位机[5].NO[14]', NodeId: ns=4;s=上位机通讯|传感器状态_上位机[5].NO[14] [use_node:345] [unilabos.utils.log.post_process]
26-07-30 [23:10:21,011] [TRACE] [/devices/szlab_s08_cap_station] 【.get_property】获取同步属性: last_s08_status [get_property:371] [unilabos.ros.nodes.base_device_node]
26-07-30 [23:10:21,062] [DEBUG] 使用节点: '传感器状态_上位机[5].NO[15]', NodeId: ns=4;s=上位机通讯|传感器状态_上位机[5].NO[15] [use_node:345] [unilabos.utils.log.post_process]
26-07-30 [23:10:21,224] [DEBUG] 使用节点: '传感器状态_上位机[6].NO[0]', NodeId: ns=4;s=上位机通讯|传感器状态_上位机[6].NO[0] [use_node:345] [unilabos.utils.log.post_process]
26-07-30 [23:10:21,765] [DEBUG] 使用节点: '传感器状态_上位机[6].NO[1]', NodeId: ns=4;s=上位机通讯|传感器状态_上位机[6].NO[1] [use_node:345] [unilabos.utils.log.post_process]
26-07-30 [23:10:21,926] [DEBUG] 使用节点: '传感器状态_上位机[6].NO[2]', NodeId: ns=4;s=上位机通讯|传感器状态_上位机[6].NO[2] [use_node:345] [unilabos.utils.log.post_process]
26-07-30 [23:10:21,973] [TRACE] [/devices/szlab_mixer_stirrer] 【.get_property】获取同步属性: status [get_property:371] [unilabos.ros.nodes.base_device_node]
26-07-30 [23:10:21,981] [TRACE] [/devices/szlab_mixer_photoshotting] 【.get_property】获取同步属性: last_photo_path [get_property:371] [unilabos.ros.nodes.base_device_node]
26-07-30 [23:10:21,982] [TRACE] [/devices/szlab_mixer_photoshotting] 【.get_property】获取同步属性: last_result [get_property:371] [unilabos.ros.nodes.base_device_node]
26-07-30 [23:10:21,983] [TRACE] [/devices/szlab_mixer_photoshotting] 【.get_property】获取同步属性: status [get_property:371] [unilabos.ros.nodes.base_device_node]
26-07-30 [23:10:21,990] [TRACE] [/devices/szlab_mixer_pump] 【.get_property】获取同步属性: status [get_property:371] [unilabos.ros.nodes.base_device_node]
26-07-30 [23:10:22,022] [TRACE] [/devices/szlab_mixer_pipetting_station] 【.get_property】获取同步属性: status [get_property:371] [unilabos.ros.nodes.base_device_node]
26-07-30 [23:10:22,088] [DEBUG] 使用节点: '传感器状态_上位机[6].NO[3]', NodeId: ns=4;s=上位机通讯|传感器状态_上位机[6].NO[3] [use_node:345] [unilabos.utils.log.post_process]
26-07-30 [23:10:22,249] [DEBUG] 使用节点: '传感器状态_上位机[6].NO[4]', NodeId: ns=4;s=上位机通讯|传感器状态_上位机[6].NO[4] [use_node:345] [unilabos.utils.log.post_process]
26-07-30 [23:10:22,410] [DEBUG] 使用节点: '传感器状态_上位机[6].NO[5]', NodeId: ns=4;s=上位机通讯|传感器状态_上位机[6].NO[5] [use_node:345] [unilabos.utils.log.post_process]
26-07-30 [23:10:22,571] [DEBUG] 使用节点: '传感器状态_上位机[6].NO[6]', NodeId: ns=4;s=上位机通讯|传感器状态_上位机[6].NO[6] [use_node:345] [unilabos.utils.log.post_process]
26-07-30 [23:10:23,011] [TRACE] [/devices/szlab_s08_cap_station] 【.get_property】获取同步属性: last_s08_status [get_property:371] [unilabos.ros.nodes.base_device_node]
26-07-30 [23:10:23,109] [DEBUG] 使用节点: '传感器状态_上位机[6].NO[7]', NodeId: ns=4;s=上位机通讯|传感器状态_上位机[6].NO[7] [use_node:345] [unilabos.utils.log.post_process]
26-07-30 [23:10:24,421] [DEBUG] 使用节点: '传感器状态_上位机[6].NO[8]', NodeId: ns=4;s=上位机通讯|传感器状态_上位机[6].NO[8] [use_node:345] [unilabos.utils.log.post_process]
26-07-30 [23:10:25,011] [TRACE] [/devices/szlab_s08_cap_station] 【.get_property】获取同步属性: last_s08_status [get_property:371] [unilabos.ros.nodes.base_device_node]
26-07-30 [23:10:26,085] [DEBUG] 使用节点: '传感器状态_上位机[6].NO[9]', NodeId: ns=4;s=上位机通讯|传感器状态_上位机[6].NO[9] [use_node:345] [unilabos.utils.log.post_process]
26-07-30 [23:10:26,246] [DEBUG] 使用节点: '传感器状态_上位机[6].NO[10]', NodeId: ns=4;s=上位机通讯|传感器状态_上位机[6].NO[10] [use_node:345] [unilabos.utils.log.post_process]
26-07-30 [23:10:26,407] [DEBUG] 使用节点: '传感器状态_上位机[6].NO[11]', NodeId: ns=4;s=上位机通讯|传感器状态_上位机[6].NO[11] [use_node:345] [unilabos.utils.log.post_process]
26-07-30 [23:10:26,949] [DEBUG] 使用节点: '传感器状态_上位机[6].NO[12]', NodeId: ns=4;s=上位机通讯|传感器状态_上位机[6].NO[12] [use_node:345] [unilabos.utils.log.post_process]
26-07-30 [23:10:26,973] [TRACE] [/devices/szlab_mixer_stirrer] 【.get_property】获取同步属性: status [get_property:371] [unilabos.ros.nodes.base_device_node]
26-07-30 [23:10:26,981] [TRACE] [/devices/szlab_mixer_photoshotting] 【.get_property】获取同步属性: last_photo_path [get_property:371] [unilabos.ros.nodes.base_device_node]
26-07-30 [23:10:26,984] [TRACE] [/devices/szlab_mixer_photoshotting] 【.get_property】获取同步属性: last_result [get_property:371] [unilabos.ros.nodes.base_device_node]
26-07-30 [23:10:26,985] [TRACE] [/devices/szlab_mixer_photoshotting] 【.get_property】获取同步属性: status [get_property:371] [unilabos.ros.nodes.base_device_node]
26-07-30 [23:10:26,990] [TRACE] [/devices/szlab_mixer_pump] 【.get_property】获取同步属性: status [get_property:371] [unilabos.ros.nodes.base_device_node]
26-07-30 [23:10:27,011] [TRACE] [/devices/szlab_s08_cap_station] 【.get_property】获取同步属性: last_s08_status [get_property:371] [unilabos.ros.nodes.base_device_node]
26-07-30 [23:10:27,022] [TRACE] [/devices/szlab_mixer_pipetting_station] 【.get_property】获取同步属性: status [get_property:371] [unilabos.ros.nodes.base_device_node]
26-07-30 [23:10:27,035] [TRACE] [/devices/host_node] [Host Node] Discovering devices in the network... [_discover_devices:472] [unilabos.ros.nodes.presets.host_node]
26-07-30 [23:10:27,035] [TRACE] [/devices/host_node] [Host Node] Total online devices: 9 [_discover_devices:525] [unilabos.ros.nodes.presets.host_node]
26-07-30 [23:10:27,110] [DEBUG] 使用节点: '传感器状态_上位机[6].NO[13]', NodeId: ns=4;s=上位机通讯|传感器状态_上位机[6].NO[13] [use_node:345] [unilabos.utils.log.post_process]
26-07-30 [23:10:27,653] [DEBUG] 使用节点: '传感器状态_上位机[6].NO[14]', NodeId: ns=4;s=上位机通讯|传感器状态_上位机[6].NO[14] [use_node:345] [unilabos.utils.log.post_process]
26-07-30 [23:10:27,814] [DEBUG] 使用节点: '传感器状态_上位机[6].NO[15]', NodeId: ns=4;s=上位机通讯|传感器状态_上位机[6].NO[15] [use_node:345] [unilabos.utils.log.post_process]
26-07-30 [23:10:28,357] [DEBUG] 使用节点: '传感器状态_上位机[7].NO[0]', NodeId: ns=4;s=上位机通讯|传感器状态_上位机[7].NO[0] [use_node:345] [unilabos.utils.log.post_process]
26-07-30 [23:10:28,518] [DEBUG] 使用节点: '传感器状态_上位机[7].NO[1]', NodeId: ns=4;s=上位机通讯|传感器状态_上位机[7].NO[1] [use_node:345] [unilabos.utils.log.post_process]
26-07-30 [23:10:28,680] [DEBUG] 使用节点: '传感器状态_上位机[7].NO[2]', NodeId: ns=4;s=上位机通讯|传感器状态_上位机[7].NO[2] [use_node:345] [unilabos.utils.log.post_process]
26-07-30 [23:10:28,841] [DEBUG] 使用节点: '传感器状态_上位机[7].NO[3]', NodeId: ns=4;s=上位机通讯|传感器状态_上位机[7].NO[3] [use_node:345] [unilabos.utils.log.post_process]
26-07-30 [23:10:29,002] [DEBUG] 使用节点: '传感器状态_上位机[7].NO[4]', NodeId: ns=4;s=上位机通讯|传感器状态_上位机[7].NO[4] [use_node:345] [unilabos.utils.log.post_process]
26-07-30 [23:10:29,011] [TRACE] [/devices/szlab_s08_cap_station] 【.get_property】获取同步属性: last_s08_status [get_property:371] [unilabos.ros.nodes.base_device_node]
26-07-30 [23:10:29,164] [DEBUG] 使用节点: '传感器状态_上位机[7].NO[5]', NodeId: ns=4;s=上位机通讯|传感器状态_上位机[7].NO[5] [use_node:345] [unilabos.utils.log.post_process]
26-07-30 [23:10:29,325] [DEBUG] 使用节点: '传感器状态_上位机[7].NO[6]', NodeId: ns=4;s=上位机通讯|传感器状态_上位机[7].NO[6] [use_node:345] [unilabos.utils.log.post_process]
26-07-30 [23:10:29,487] [DEBUG] 使用节点: '传感器状态_上位机[7].NO[7]', NodeId: ns=4;s=上位机通讯|传感器状态_上位机[7].NO[7] [use_node:345] [unilabos.utils.log.post_process]
26-07-30 [23:10:29,648] [DEBUG] 使用节点: '传感器状态_上位机[7].NO[8]', NodeId: ns=4;s=上位机通讯|传感器状态_上位机[7].NO[8] [use_node:345] [unilabos.utils.log.post_process]
26-07-30 [23:10:29,810] [DEBUG] 使用节点: '传感器状态_上位机[7].NO[9]', NodeId: ns=4;s=上位机通讯|传感器状态_上位机[7].NO[9] [use_node:345] [unilabos.utils.log.post_process]
26-07-30 [23:10:29,971] [DEBUG] 使用节点: '传感器状态_上位机[7].NO[10]', NodeId: ns=4;s=上位机通讯|传感器状态_上位机[7].NO[10] [use_node:345] [unilabos.utils.log.post_process]
26-07-30 [23:10:30,132] [DEBUG] 使用节点: '传感器状态_上位机[7].NO[11]', NodeId: ns=4;s=上位机通讯|传感器状态_上位机[7].NO[11] [use_node:345] [unilabos.utils.log.post_process]
26-07-30 [23:10:30,293] [DEBUG] 使用节点: '传感器状态_上位机[7].NO[12]', NodeId: ns=4;s=上位机通讯|传感器状态_上位机[7].NO[12] [use_node:345] [unilabos.utils.log.post_process]
26-07-30 [23:10:30,454] [DEBUG] 使用节点: '传感器状态_上位机[7].NO[13]', NodeId: ns=4;s=上位机通讯|传感器状态_上位机[7].NO[13] [use_node:345] [unilabos.utils.log.post_process]
26-07-30 [23:10:30,981] [DEBUG] 使用节点: '传感器状态_上位机[7].NO[14]', NodeId: ns=4;s=上位机通讯|传感器状态_上位机[7].NO[14] [use_node:345] [unilabos.utils.log.post_process]
26-07-30 [23:10:31,011] [TRACE] [/devices/szlab_s08_cap_station] 【.get_property】获取同步属性: last_s08_status [get_property:371] [unilabos.ros.nodes.base_device_node]
26-07-30 [23:10:31,142] [DEBUG] 使用节点: '传感器状态_上位机[7].NO[15]', NodeId: ns=4;s=上位机通讯|传感器状态_上位机[7].NO[15] [use_node:345] [unilabos.utils.log.post_process]
26-07-30 [23:10:31,303] [DEBUG] 使用节点: '传感器状态_上位机[8].NO[0]', NodeId: ns=4;s=上位机通讯|传感器状态_上位机[8].NO[0] [use_node:345] [unilabos.utils.log.post_process]
26-07-30 [23:10:31,465] [DEBUG] 使用节点: '传感器状态_上位机[8].NO[1]', NodeId: ns=4;s=上位机通讯|传感器状态_上位机[8].NO[1] [use_node:345] [unilabos.utils.log.post_process]
26-07-30 [23:10:31,973] [TRACE] [/devices/szlab_mixer_stirrer] 【.get_property】获取同步属性: status [get_property:371] [unilabos.ros.nodes.base_device_node]
26-07-30 [23:10:31,981] [TRACE] [/devices/szlab_mixer_photoshotting] 【.get_property】获取同步属性: last_photo_path [get_property:371] [unilabos.ros.nodes.base_device_node]
26-07-30 [23:10:31,982] [TRACE] [/devices/szlab_mixer_photoshotting] 【.get_property】获取同步属性: last_result [get_property:371] [unilabos.ros.nodes.base_device_node]
26-07-30 [23:10:31,983] [TRACE] [/devices/szlab_mixer_photoshotting] 【.get_property】获取同步属性: status [get_property:371] [unilabos.ros.nodes.base_device_node]
26-07-30 [23:10:31,990] [TRACE] [/devices/szlab_mixer_pump] 【.get_property】获取同步属性: status [get_property:371] [unilabos.ros.nodes.base_device_node]
26-07-30 [23:10:32,005] [DEBUG] 使用节点: '传感器状态_上位机[8].NO[2]', NodeId: ns=4;s=上位机通讯|传感器状态_上位机[8].NO[2] [use_node:345] [unilabos.utils.log.post_process]
26-07-30 [23:10:32,022] [TRACE] [/devices/szlab_mixer_pipetting_station] 【.get_property】获取同步属性: status [get_property:371] [unilabos.ros.nodes.base_device_node]
26-07-30 [23:10:32,166] [DEBUG] 使用节点: '传感器状态_上位机[8].NO[3]', NodeId: ns=4;s=上位机通讯|传感器状态_上位机[8].NO[3] [use_node:345] [unilabos.utils.log.post_process]
26-07-30 [23:10:32,327] [DEBUG] 使用节点: '传感器状态_上位机[3].NO[8]', NodeId: ns=4;s=上位机通讯|传感器状态_上位机[3].NO[8] [use_node:345] [unilabos.utils.log.post_process]
26-07-30 [23:10:32,488] [DEBUG] 使用节点: '传感器状态_上位机[3].NO[9]', NodeId: ns=4;s=上位机通讯|传感器状态_上位机[3].NO[9] [use_node:345] [unilabos.utils.log.post_process]
26-07-30 [23:10:32,649] [DEBUG] 使用节点: '传感器状态_上位机[3].NO[10]', NodeId: ns=4;s=上位机通讯|传感器状态_上位机[3].NO[10] [use_node:345] [unilabos.utils.log.post_process]
26-07-30 [23:10:32,810] [DEBUG] 使用节点: '传感器状态_上位机[3].NO[11]', NodeId: ns=4;s=上位机通讯|传感器状态_上位机[3].NO[11] [use_node:345] [unilabos.utils.log.post_process]
26-07-30 [23:10:32,971] [DEBUG] 使用节点: '传感器状态_上位机[3].NO[12]', NodeId: ns=4;s=上位机通讯|传感器状态_上位机[3].NO[12] [use_node:345] [unilabos.utils.log.post_process]
26-07-30 [23:10:33,011] [TRACE] [/devices/szlab_s08_cap_station] 【.get_property】获取同步属性: last_s08_status [get_property:371] [unilabos.ros.nodes.base_device_node]
26-07-30 [23:10:33,132] [DEBUG] 使用节点: '传感器状态_上位机[3].NO[13]', NodeId: ns=4;s=上位机通讯|传感器状态_上位机[3].NO[13] [use_node:345] [unilabos.utils.log.post_process]
26-07-30 [23:10:33,294] [DEBUG] 使用节点: '传感器状态_上位机[3].NO[8]', NodeId: ns=4;s=上位机通讯|传感器状态_上位机[3].NO[8] [use_node:345] [unilabos.utils.log.post_process]
26-07-30 [23:10:33,296] [TRACE] [/devices/szlab_poly_plc] 动作 _execute_driver_command 完成并返回结果 [execute_callback:2364] [unilabos.ros.nodes.base_device_node]
26-07-30 [23:10:33,299] [INFO] [/devices/host_node] [Host Node] Result for /devices/szlab_poly_plc/_execute_driver_command (szlab_st): success [get_result_callback:1174] [unilabos.ros.nodes.presets.host_node]
26-07-30 [23:10:33,300] [TRACE] [/devices/host_node] [Host Node] Result data: {'return_info': '{"error": "", "suc": true, "return_value": {"success": true, "schema": "szlab_poly_studio.stack_status.v1", "updated_at": "2026-07-30T15:10:33.294274+00:00", "stacks": {"s2_tip": {"id": "s2_tip", "display_name": "S2枪头仓", "warehouse_name": "S2枪头仓占位", "managed_resource": "physical_only", "content_type": ["tip"], "slots": {"1": {"site_key": "1", "occupied": false, "reagent_id": null, "qr_code": null, "remaining_amount": null, "unit": null}, "2": {"site_key": "2", "occupied": false, "reagent_id": null, "qr_code": null, "remaining_amount": null, "unit": null}, "3": {"site_key": "3", "occupied": false, "reagent_id": null, "qr_code": null, "remaining_amount": null, "unit": null}, "4": {"site_key": "4", "occupied": false, "reagent_id": null, "qr_code": null, "remaining_amount": null, "unit": null}, "5": {"site_key": "5", "occupied": false, "reagent_id": null, "qr_code": null, "remaining_amount": null, "unit": null}, "6": {"site_key": "6", "occupied": false, "reagent_id": null, "qr_code": null, "remaining_amount": null, "unit": null}}}, "s3_unused_beaker": {"id": "s3_unused_beaker", "display_name": "S3未使用烧杯仓", "warehouse_name": "S3未使用烧杯仓", "managed_resource": "physical_only", "content_type": ["beaker"], "slots": {"1-1": {"site_key": "1-1", "occupied": false, "reagent_id": null, "qr_code": null, "remaining_amount": null, "unit": null}, "1-2": {"site_key": "1-2", "occupied": false, "reagent_id": null, "qr_code": null, "remaining_amount": null, "unit": null}, "1-3": {"site_key": "1-3", "occupied": false, "reagent_id": null, "qr_code": null, "remaining_amount": null, "unit": null}, "1-4": {"site_key": "1-4", "occupied": false, "reagent_id": null, "qr_code": null, "remaining_amount": null, "unit": null}, "1-5": {"site_key": "1-5", "occupied": false, "reagent_id": null, "qr_code": null, "remaining_amount": null, "unit": null}, "1-6": {"site_key": "1-6", "occupied": false, "reagent_id": null, "qr_code": null, "remaining_amount": null, "unit": null}, "2-1": {"site_key": "2-1", "occupied": false, "reagent_id": null, "qr_code": null, "remaining_amount": null, "unit": null}, "2-2": {"site_key": "2-2", "occupied": false, "reagent_id": null, "qr_code": null, "remaining_amount": null, "unit": null}, "2-3": {"site_key": "2-3", "occupied": false, "reagent_id": null, "qr_code": null, "remaining_amount": null, "unit": null}, "2-4": {"site_key": "2-4", "occupied": false, "reagent_id": null, "qr_code": null, "remaining_amount": null, "unit": null}, "2-5": {"site_key": "2-5", "occupied": false, "reagent_id": null, "qr_code": null, "remaining_amount": null, "unit": null}, "2-6": {"site_key": "2-6", "occupied": false, "reagent_id": null, "qr_code": null, "remaining_amount": null, "unit": null}, "3-1": {"site_key": "3-1", "occupied": false, "reagent_id": null, "qr_code": null, "remaining_amount": null, "unit": null}, "3-2": {"site_key": "3-2", "occupied": false, "reagent_id": null, "qr_code": null, "remaining_amount": null, "unit": null}, "3-3": {"site_key": "3-3", "occupied": false, "reagent_id": null, "qr_code": null, "remaining_amount": null, "unit": null}, "3-4": {"site_key": "3-4", "occupied": false, "reagent_id": null, "qr_code": null, "remaining_amount": null, "unit": null}, "3-5": {"site_key": "3-5", "occupied": false, "reagent_id": null, "qr_code": null, "remaining_amount": null, "unit": null}, "3-6": {"site_key": "3-6", "occupied": false, "reagent_id": null, "qr_code": null, "remaining_amount": null, "unit": null}}}, "s3_unused_sample_vial": {"id": "s3_unused_sample_vial", "display_name": "S3未使用样品瓶仓", "warehouse_name": "S3未使用样品瓶仓", "managed_resource": "physical_only", "content_type": ["sample_vial"], "slots": {"1-1": {"site_key": "1-1", "occupied": false, "reagent_id": null, "qr_code": null, "remaining_amount": null, "unit": null}, "1-2": {"site_key": "1-2", "occupied": false, "reagent_id": null, "qr_code": null, "remaining_amount": null, "unit": null}, "1-3": {"site_key": "1-3", "occupied": false, "reagent_id": null, "qr_code": null, "remaining_amount": null, "unit": null}, "1-4": {"site_key": "1-4", "occupied": false, "reagent_id": null, "qr_code": null, "remaining_amount": null, "unit": null}, "1-5": {"site_key": "1-5", "occupied": false, "reagent_id": null, "qr_code": null, "remaining_amount": null, "unit": null}, "1-6": {"site_key": "1-6", "occupied": false, "reagent_id": null, "qr_code": null, "remaining_amount": null, "unit": null}, "2-1": {"site_key": "2-1", "occupied": false, "reagent_id": null, "qr_code": null, "remaining_amount": null, "unit": null}, "2-2": {"site_key": "2-2", "occupied": false, "reagent_id": null, "qr_code": null, "remaining_amount": null, "unit": null}, "2-3": {"site_key": "2-3", "occupied": false, "reagent_id": null, "qr_code": null, "remaining_amount": null, "unit": null}, "2-4": {"site_key": "2-4", "occupied": false, "reagent_id": null, "qr_code": null, "remaining_amount": null, "unit": null}, "2-5": {"site_key": "2-5", "occupied": false, "reagent_id": null, "qr_code": null, "remaining_amount": null, "unit": null}, "2-6": {"site_key": "2-6", "occupied": false, "reagent_id": null, "qr_code": null, "remaining_amount": null, "unit": null}, "3-1": {"site_key": "3-1", "occupied": false, "reagent_id": null, "qr_code": null, "remaining_amount": null, "unit": null}, "3-2": {"site_key": "3-2", "occupied": false, "reagent_id": null, "qr_code": null, "remaining_amount": null, "unit": null}, "3-3": {"site_key": "3-3", "occupied": false, "reagent_id": null, "qr_code": null, "remaining_amount": null, "unit": null}, "3-4": {"site_key": "3-4", "occupied": false, "reagent_id": null, "qr_code": null, "remaining_amount": null, "unit": null}, "3-5": {"site_key": "3-5", "occupied": false, "reagent_id": null, "qr_code": null, "remaining_amount": null, "unit": null}, "3-6": {"site_key": "3-6", "occupied": false, "reagent_id": null, "qr_code": null, "remaining_amount": null, "unit": null}}}, "s10_liquid_reagent": {"id": "s10_liquid_reagent", "display_name": "S10液体试剂瓶仓", "warehouse_name": "S10液体试剂瓶仓占位", "managed_resource": "reagent", "content_type": ["liquid_reagent"], "slots": {"1-1": {"site_key": "1-1", "occupied": true, "reagent_id": null, "qr_code": null, "remaining_amount": null, "unit": null}, "1-2": {"site_key": "1-2", "occupied": false, "reagent_id": null, "qr_code": null, "remaining_amount": null, "unit": null}, "1-3": {"site_key": "1-3", "occupied": false, "reagent_id": null, "qr_code": null, "remaining_amount": null, "unit": null}, "1-4": {"site_key": "1-4", "occupied": false, "reagent_id": null, "qr_code": null, "remaining_amount": null, "unit": null}, "1-5": {"site_key": "1-5", "occupied": false, "reagent_id": null, "qr_code": null, "remaining_amount": null, "unit": null}, "2-1": {"site_key": "2-1", "occupied": false, "reagent_id": null, "qr_code": null, "remaining_amount": null, "unit": null}, "2-2": {"site_key": "2-2", "occupied": false, "reagent_id": null, "qr_code": null, "remaining_amount": null, "unit": null}, "2-3": {"site_key": "2-3", "occupied": false, "reagent_id": null, "qr_code": null, "remaining_amount": null, "unit": null}, "2-4": {"site_key": "2-4", "occupied": false, "reagent_id": null, "qr_code": null, "remaining_amount": null, "unit": null}, "2-5": {"site_key": "2-5", "occupied": false, "reagent_id": null, "qr_code": null, "remaining_amount": null, "unit": null}, "3-1": {"site_key": "3-1", "occupied": false, "reagent_id": null, "qr_code": null, "remaining_amount": null, "unit": null}, "3-2": {"site_key": "3-2", "occupied": false, "reagent_id": null, "qr_code": null, "remaining_amount": null, "unit": null}, "3-3": {"site_key": "3-3", "occupied": false, "reagent_id": null, "qr_code": null, "remaining_amount": null, "unit": null}, "3-4": {"site_key": "3-4", "occupied": false, "reagent_id": null, "qr_code": null, "remaining_amount": null, "unit": null}, "3-5": {"site_key": "3-5", "occupied": false, "reagent_id": null, "qr_code": null, "remaining_amount": null, "unit": null}, "4-1": {"site_key": "4-1", "occupied": false, "reagent_id": null, "qr_code": null, "remaining_amount": null, "unit": null}, "4-2": {"site_key": "4-2", "occupied": false, "reagent_id": null, "qr_code": null, "remaining_amount": null, "unit": null}, "4-3": {"site_key": "4-3", "occupied": false, "reagent_id": null, "qr_code": null, "remaining_amount": null, "unit": null}, "4-4": {"site_key": "4-4", "occupied": false, "reagent_id": null, "qr_code": null, "remaining_amount": null, "unit": null}, "4-5": {"site_key": "4-5", "occupied": false, "reagent_id": null, "qr_code": null, "remaining_amount": null, "unit": null}}}, "s11_used_beaker": {"id": "s11_used_beaker", "display_name": "S11使用烧杯成品仓", "warehouse_name": "S11使用烧杯成品仓", "managed_resource": "physical_only", "content_type": ["beaker"], "slots": {"1-1": {"site_key": "1-1", "occupied": false, "reagent_id": null, "qr_code": null, "remaining_amount": null, "unit": null}, "1-2": {"site_key": "1-2", "occupied": false, "reagent_id": null, "qr_code": null, "remaining_amount": null, "unit": null}, "1-3": {"site_key": "1-3", "occupied": false, "reagent_id": null, "qr_code": null, "remaining_amount": null, "unit": null}, "1-4": {"site_key": "1-4", "occupied": false, "reagent_id": null, "qr_code": null, "remaining_amount": null, "unit": null}, "1-5": {"site_key": "1-5", "occupied": false, "reagent_id": null, "qr_code": null, "remaining_amount": null, "unit": null}, "1-6": {"site_key": "1-6", "occupied": false, "reagent_id": null, "qr_code": null, "remaining_amount": null, "unit": null}, "2-1": {"site_key": "2-1", "occupied": false, "reagent_id": null, "qr_code": null, "remaining_amount": null, "unit": null}, "2-2": {"site_key": "2-2", "occupied": false, "reagent_id": null, "qr_code": null, "remaining_amount": null, "unit": null}, "2-3": {"site_key": "2-3", "occupied": false, "reagent_id": null, "qr_code": null, "remaining_amount": null, "unit": null}, "2-4": {"site_key": "2-4", "occupied": false, "reagent_id": null, "qr_code": null, "remaining_amount": null, "unit": null}, "2-5": {"site_key": "2-5", "occupied": false, "reagent_id": null, "qr_code": null, "remaining_amount": null, "unit": null}, "2-6": {"site_key": "2-6", "occupied": false, "reagent_id": null, "qr_code": null, "remaining_amount": null, "unit": null}, "3-1": {"site_key": "3-1", "occupied": false, "reagent_id": null, "qr_code": null, "remaining_amount": null, "unit": null}, "3-2": {"site_key": "3-2", "occupied": false, "reagent_id": null, "qr_code": null, "remaining_amount": null, "unit": null}, "3-3": {"site_key": "3-3", "occupied": false, "reagent_id": null, "qr_code": null, "remaining_amount": null, "unit": null}, "3-4": {"site_key": "3-4", "occupied": false, "reagent_id": null, "qr_code": null, "remaining_amount": null, "unit": null}, "3-5": {"site_key": "3-5", "occupied": false, "reagent_id": null, "qr_code": null, "remaining_amount": null, "unit": null}, "3-6": {"site_key": "3-6", "occupied": false, "reagent_id": null, "qr_code": null, "remaining_amount": null, "unit": null}}}, "s11_used_sample_vial": {"id": "s11_used_sample_vial", "display_name": "S11使用样品瓶成品仓", "warehouse_name": "S11使用样品瓶成品仓", "managed_resource": "physical_only", "content_type": ["sample_vial"], "slots": {"1-1": {"site_key": "1-1", "occupied": false, "reagent_id": null, "qr_code": null, "remaining_amount": null, "unit": null}, "1-2": {"site_key": "1-2", "occupied": false, "reagent_id": null, "qr_code": null, "remaining_amount": null, "unit": null}, "1-3": {"site_key": "1-3", "occupied": false, "reagent_id": null, "qr_code": null, "remaining_amount": null, "unit": null}, "1-4": {"site_key": "1-4", "occupied": false, "reagent_id": null, "qr_code": null, "remaining_amount": null, "unit": null}, "1-5": {"site_key": "1-5", "occupied": false, "reagent_id": null, "qr_code": null, "remaining_amount": null, "unit": null}, "1-6": {"site_key": "1-6", "occupied": false, "reagent_id": null, "qr_code": null, "remaining_amount": null, "unit": null}, "2-1": {"site_key": "2-1", "occupied": false, "reagent_id": null, "qr_code": null, "remaining_amount": null, "unit": null}, "2-2": {"site_key": "2-2", "occupied": false, "reagent_id": null, "qr_code": null, "remaining_amount": null, "unit": null}, "2-3": {"site_key": "2-3", "occupied": false, "reagent_id": null, "qr_code": null, "remaining_amount": null, "unit": null}, "2-4": {"site_key": "2-4", "occupied": false, "reagent_id": null, "qr_code": null, "remaining_amount": null, "unit": null}, "2-5": {"site_key": "2-5", "occupied": false, "reagent_id": null, "qr_code": null, "remaining_amount": null, "unit": null}, "2-6": {"site_key": "2-6", "occupied": false, "reagent_id": null, "qr_code": null, "remaining_amount": null, "unit": null}, "3-1": {"site_key": "3-1", "occupied": false, "reagent_id": null, "qr_code": null, "remaining_amount": null, "unit": null}, "3-2": {"site_key": "3-2", "occupied": false, "reagent_id": null, "qr_code": null, "remaining_amount": null, "unit": null}, "3-3": {"site_key": "3-3", "occupied": false, "reagent_id": null, "qr_code": null, "remaining_amount": null, "unit": null}, "3-4": {"site_key": "3-4", "occupied": false, "reagent_id": null, "qr_code": null, "remaining_amount": null, "unit": null}, "3-5": {"site_key": "3-5", "occupied": false, "reagent_id": null, "qr_code": null, "remaining_amount": null, "unit": null}, "3-6": {"site_key": "3-6", "occupied": false, "reagent_id": null, "qr_code": null, "remaining_amount": null, "unit": null}}}, "powder_container": {"id": "powder_container", "display_name": "固体粉桶仓", "warehouse_name": "固体粉桶仓占位", "managed_resource": "reagent", "content_type": ["powder_reagent"], "slots": {"1-1": {"site_key": "1-1", "occupied": false, "reagent_id": null, "qr_code": null, "remaining_amount": null, "unit": null}, "1-2": {"site_key": "1-2", "occupied": false, "reagent_id": null, "qr_code": null, "remaining_amount": null, "unit": null}, "1-3": {"site_key": "1-3", "occupied": false, "reagent_id": null, "qr_code": null, "remaining_amount": null, "unit": null}, "2-1": {"site_key": "2-1", "occupied": false, "reagent_id": null, "qr_code": null, "remaining_amount": null, "unit": null}, "2-2": {"site_key": "2-2", "occupied": false, "reagent_id": null, "qr_code": null, "remaining_amount": null, "unit": null}, "2-3": {"site_key": "2-3", "occupied": false, "reagent_id": null, "qr_code": null, "remaining_amount": null, "unit": null}}}}}}', 'success': True} [get_result_callback:1176] [unilabos.ros.nodes.presets.host_node]
26-07-30 [23:10:33,300] [TRACE] [/devices/host_node] [Host Node] Removed goal szlab_st from _goals [get_result_callback:1181] [unilabos.ros.nodes.presets.host_node]
26-07-30 [23:10:33,300] [TRACE] [JobResultStore] Stored result for job szlab_st, status=4 [trace:478] [unilabos.utils.log.log]
26-07-30 [23:10:33,310] [TRACE] [/devices/host_node] [Host Node] Sending goal for /devices/szlab_mixer_photoshotting/_execute_driver_command: {'string': '{"function_name": "take_photo", "function_args": {"sample_id": "debug-sample", "photo_path": "", "inspection_result": "", "require_material": false}, "unilabos_param": {"sample_uuids": {}}}'} [send_goal:942] [unilabos.ros.nodes.presets.host_node]
26-07-30 [23:10:33,310] [TRACE] [/devices/host_node] [Host Node] Sending goal for /devices/szlab_mixer_photoshotting/_execute_driver_command: unilabos_msgs.action.StrSingleInput_Goal(string='{"function_name": "take_photo", "function_args": {"sample_id": "debug-sample", "photo_path": "", "inspection_result": "", "require_material": false}, "unilabos_param": {"sample_uuids": {}}}') [send_goal:943] [unilabos.ros.nodes.presets.host_node]
26-07-30 [23:10:33,313] [DEBUG] [/devices/szlab_mixer_photoshotting] 任务 _execute_driver_command 接收到原始目标: {'string': '{"function_name": "take_photo", "function_args": {"sample_id": "debug-sample", "photo_path": "", "inspection_result": "", "require_material": false}, "unilabos_param": {"sample_uuids": {}}}'} [execute_callback:2086] [unilabos.ros.nodes.base_device_node]
26-07-30 [23:10:33,314] [TRACE] [/devices/szlab_mixer_photoshotting] 任务 _execute_driver_command 接收到原始目标: {'string': '{"function_name": "take_photo", "function_args": {"sample_id": "debug-sample", "photo_path": "", "inspection_result": "", "require_material": false}, "unilabos_param": {"sample_uuids": {}}}'} [execute_callback:2087] [unilabos.ros.nodes.base_device_node]
26-07-30 [23:10:33,315] [TRACE] [/devices/szlab_mixer_photoshotting] 同步执行动作 <bound method BaseROS2DeviceNode._execute_driver_command of <unilabos.ros.nodes.base_device_node.BaseROS2DeviceNode object at 0x7eff94b37190>> [execute_callback:2188] [unilabos.ros.nodes.base_device_node]
26-07-30 [23:10:33,318] [DEBUG] [/devices/szlab_mixer_photoshotting] [call_device_action] -> /devices/szlab_poly_plc/_execute_driver_command, args={'node_name': 'S05加工完成', 'timeout': 300.0, 'interval': 1.0} [call_device_action:1649] [unilabos.ros.nodes.base_device_node]
26-07-30 [23:10:33,316] [INFO] [/devices/host_node] [Host Node] Goal /devices/szlab_mixer_photoshotting/_execute_driver_command (szlab_stack_s05_s06_workflow-002-szlab_mixer_photoshotting.take_photo) accepted [goal_response_callback:1108] [unilabos.ros.nodes.presets.host_node]
26-07-30 [23:10:33,321] [DEBUG] [/devices/szlab_poly_plc] 任务 _execute_driver_command 接收到原始目标: {'string': '{"function_name": "wait_variable_true", "function_args": {"node_name": "S05加工完成", "timeout": 300.0, "interval": 1.0}, "unilabos_param": {"sample_uuids": {}}}'} [execute_callback:2086] [unilabos.ros.nodes.base_device_node]
26-07-30 [23:10:33,322] [TRACE] [/devices/szlab_poly_plc] 任务 _execute_driver_command 接收到原始目标: {'string': '{"function_name": "wait_variable_true", "function_args": {"node_name": "S05加工完成", "timeout": 300.0, "interval": 1.0}, "unilabos_param": {"sample_uuids": {}}}'} [execute_callback:2087] [unilabos.ros.nodes.base_device_node]
26-07-30 [23:10:33,323] [TRACE] [/devices/szlab_poly_plc] 同步执行动作 <bound method BaseROS2DeviceNode._execute_driver_command of <unilabos.ros.nodes.base_device_node.BaseROS2DeviceNode object at 0x7eff959f3ad0>> [execute_callback:2188] [unilabos.ros.nodes.base_device_node]
26-07-30 [23:10:33,455] [DEBUG] 使用节点: '传感器状态_上位机[3].NO[9]', NodeId: ns=4;s=上位机通讯|传感器状态_上位机[3].NO[9] [use_node:345] [unilabos.utils.log.post_process]
26-07-30 [23:10:33,617] [DEBUG] 使用节点: '传感器状态_上位机[3].NO[10]', NodeId: ns=4;s=上位机通讯|传感器状态_上位机[3].NO[10] [use_node:345] [unilabos.utils.log.post_process]
26-07-30 [23:10:33,778] [DEBUG] 使用节点: '传感器状态_上位机[3].NO[11]', NodeId: ns=4;s=上位机通讯|传感器状态_上位机[3].NO[11] [use_node:345] [unilabos.utils.log.post_process]
26-07-30 [23:10:33,939] [DEBUG] 使用节点: '传感器状态_上位机[3].NO[12]', NodeId: ns=4;s=上位机通讯|传感器状态_上位机[3].NO[12] [use_node:345] [unilabos.utils.log.post_process]
26-07-30 [23:10:34,469] [DEBUG] 使用节点: '传感器状态_上位机[3].NO[13]', NodeId: ns=4;s=上位机通讯|传感器状态_上位机[3].NO[13] [use_node:345] [unilabos.utils.log.post_process]
26-07-30 [23:10:34,630] [DEBUG] 使用节点: 'S05加工完成', NodeId: ns=4;s=上位机通讯|S05加工完成 [use_node:345] [unilabos.utils.log.post_process]
26-07-30 [23:10:34,633] [TRACE] [/devices/szlab_poly_plc] 【.get_property】获取同步属性: powder_container_occupied [get_property:371] [unilabos.ros.nodes.base_device_node]
26-07-30 [23:10:34,792] [DEBUG] 使用节点: '传感器状态_上位机[3].NO[8]', NodeId: ns=4;s=上位机通讯|传感器状态_上位机[3].NO[8] [use_node:345] [unilabos.utils.log.post_process]
26-07-30 [23:10:34,794] [TRACE] [/devices/szlab_poly_plc] 动作 _execute_driver_command 完成并返回结果 [execute_callback:2364] [unilabos.ros.nodes.base_device_node]
26-07-30 [23:10:34,822] [DEBUG] [/devices/szlab_mixer_photoshotting] [call_device_action] -> /devices/szlab_poly_plc/_execute_driver_command, args={'node_name': 'S05拍照结果', 'use_cache': False} [call_device_action:1649] [unilabos.ros.nodes.base_device_node]
26-07-30 [23:10:34,825] [DEBUG] [/devices/szlab_poly_plc] 任务 _execute_driver_command 接收到原始目标: {'string': '{"function_name": "read_variable", "function_args": {"node_name": "S05拍照结果", "use_cache": false}, "unilabos_param": {"sample_uuids": {}}}'} [execute_callback:2086] [unilabos.ros.nodes.base_device_node]
26-07-30 [23:10:34,826] [TRACE] [/devices/szlab_poly_plc] 任务 _execute_driver_command 接收到原始目标: {'string': '{"function_name": "read_variable", "function_args": {"node_name": "S05拍照结果", "use_cache": false}, "unilabos_param": {"sample_uuids": {}}}'} [execute_callback:2087] [unilabos.ros.nodes.base_device_node]
26-07-30 [23:10:34,827] [TRACE] [/devices/szlab_poly_plc] 同步执行动作 <bound method BaseROS2DeviceNode._execute_driver_command of <unilabos.ros.nodes.base_device_node.BaseROS2DeviceNode object at 0x7eff959f3ad0>> [execute_callback:2188] [unilabos.ros.nodes.base_device_node]
26-07-30 [23:10:34,954] [DEBUG] 使用节点: '传感器状态_上位机[3].NO[9]', NodeId: ns=4;s=上位机通讯|传感器状态_上位机[3].NO[9] [use_node:345] [unilabos.utils.log.post_process]
26-07-30 [23:10:35,012] [TRACE] [/devices/szlab_s08_cap_station] 【.get_property】获取同步属性: last_s08_status [get_property:371] [unilabos.ros.nodes.base_device_node]
26-07-30 [23:10:35,115] [DEBUG] 使用节点: '传感器状态_上位机[3].NO[10]', NodeId: ns=4;s=上位机通讯|传感器状态_上位机[3].NO[10] [use_node:345] [unilabos.utils.log.post_process]
26-07-30 [23:10:35,276] [DEBUG] 使用节点: '传感器状态_上位机[3].NO[11]', NodeId: ns=4;s=上位机通讯|传感器状态_上位机[3].NO[11] [use_node:345] [unilabos.utils.log.post_process]
26-07-30 [23:10:35,438] [DEBUG] 使用节点: '传感器状态_上位机[3].NO[12]', NodeId: ns=4;s=上位机通讯|传感器状态_上位机[3].NO[12] [use_node:345] [unilabos.utils.log.post_process]
26-07-30 [23:10:35,600] [DEBUG] 使用节点: '传感器状态_上位机[3].NO[13]', NodeId: ns=4;s=上位机通讯|传感器状态_上位机[3].NO[13] [use_node:345] [unilabos.utils.log.post_process]
26-07-30 [23:10:35,761] [DEBUG] 使用节点: 'S05拍照结果', NodeId: ns=4;s=上位机通讯|S05拍照结果 [use_node:345] [unilabos.utils.log.post_process]
26-07-30 [23:10:35,764] [TRACE] [/devices/szlab_poly_plc] 【.get_property】获取同步属性: powder_container_occupied [get_property:371] [unilabos.ros.nodes.base_device_node]
26-07-30 [23:10:35,923] [DEBUG] 使用节点: '传感器状态_上位机[3].NO[8]', NodeId: ns=4;s=上位机通讯|传感器状态_上位机[3].NO[8] [use_node:345] [unilabos.utils.log.post_process]
26-07-30 [23:10:35,924] [TRACE] [/devices/szlab_poly_plc] 动作 _execute_driver_command 完成并返回结果 [execute_callback:2364] [unilabos.ros.nodes.base_device_node]
26-07-30 [23:10:35,976] [TRACE] [/devices/szlab_mixer_photoshotting] 动作 _execute_driver_command 完成并返回结果 [execute_callback:2364] [unilabos.ros.nodes.base_device_node]
26-07-30 [23:10:35,981] [INFO] [/devices/host_node] [Host Node] Result for /devices/szlab_mixer_photoshotting/_execute_driver_command (szlab_st): success [get_result_callback:1174] [unilabos.ros.nodes.presets.host_node]
26-07-30 [23:10:35,981] [TRACE] [/devices/host_node] [Host Node] Result data: {'return_info': '{"error": "", "suc": true, "return_value": {"success": true, "message": "S05 拍照检测完成，结果 OK", "data": {"sample_id": "debug-sample", "photo_path": "", "photo_url": "", "result_code": 1, "result": "OK"}}}', 'success': True} [get_result_callback:1176] [unilabos.ros.nodes.presets.host_node]
26-07-30 [23:10:35,981] [TRACE] [/devices/host_node] [Host Node] Removed goal szlab_st from _goals [get_result_callback:1181] [unilabos.ros.nodes.presets.host_node]
26-07-30 [23:10:35,981] [TRACE] [JobResultStore] Stored result for job szlab_st, status=4 [trace:478] [unilabos.utils.log.log]
26-07-30 [23:10:35,988] [TRACE] [/devices/host_node] [Host Node] Sending goal for /devices/szlab_mixer_pump/_execute_driver_command: {'string': '{"function_name": "run_solvent_addition", "function_args": {"volume_pump_1": 0, "volume_pump_2": 0, "pump": 1, "volume": 8, "skip_level_check": false, "skip_robot": true, "beaker_true_means_present": true}, "unilabos_param": {"sample_uuids": {}}}'} [send_goal:942] [unilabos.ros.nodes.presets.host_node]
26-07-30 [23:10:35,988] [TRACE] [/devices/host_node] [Host Node] Sending goal for /devices/szlab_mixer_pump/_execute_driver_command: unilabos_msgs.action.StrSingleInput_Goal(string='{"function_name": "run_solvent_addition", "function_args": {"volume_pump_1": 0, "volume_pump_2": 0, "pump": 1, "volume": 8, "skip_level_check": false, "skip_robot": true, "beaker_true_means_present": true}, "unilabos_param": {"sample_uuids": {}}}') [send_goal:943] [unilabos.ros.nodes.presets.host_node]
26-07-30 [23:10:35,991] [DEBUG] [/devices/szlab_mixer_pump] 任务 _execute_driver_command 接收到原始目标: {'string': '{"function_name": "run_solvent_addition", "function_args": {"volume_pump_1": 0, "volume_pump_2": 0, "pump": 1, "volume": 8, "skip_level_check": false, "skip_robot": true, "beaker_true_means_present": true}, "unilabos_param": {"sample_uuids": {}}}'} [execute_callback:2086] [unilabos.ros.nodes.base_device_node]
26-07-30 [23:10:35,992] [TRACE] [/devices/szlab_mixer_pump] 任务 _execute_driver_command 接收到原始目标: {'string': '{"function_name": "run_solvent_addition", "function_args": {"volume_pump_1": 0, "volume_pump_2": 0, "pump": 1, "volume": 8, "skip_level_check": false, "skip_robot": true, "beaker_true_means_present": true}, "unilabos_param": {"sample_uuids": {}}}'} [execute_callback:2087] [unilabos.ros.nodes.base_device_node]
26-07-30 [23:10:35,992] [TRACE] [/devices/szlab_mixer_pump] 同步执行动作 <bound method BaseROS2DeviceNode._execute_driver_command of <unilabos.ros.nodes.base_device_node.BaseROS2DeviceNode object at 0x7eff94be7090>> [execute_callback:2188] [unilabos.ros.nodes.base_device_node]
26-07-30 [23:10:35,995] [DEBUG] [/devices/szlab_mixer_pump] [call_device_action] -> /devices/szlab_poly_plc/_execute_driver_command, args={'node_name': 'S06准备信号', 'use_cache': True} [call_device_action:1649] [unilabos.ros.nodes.base_device_node]
26-07-30 [23:10:35,996] [INFO] [/devices/host_node] [Host Node] Goal /devices/szlab_mixer_pump/_execute_driver_command (szlab_stack_s05_s06_workflow-003-szlab_mixer_pump.run_solvent_addition) accepted [goal_response_callback:1108] [unilabos.ros.nodes.presets.host_node]
26-07-30 [23:10:35,998] [DEBUG] [/devices/szlab_poly_plc] 任务 _execute_driver_command 接收到原始目标: {'string': '{"function_name": "read_variable", "function_args": {"node_name": "S06准备信号", "use_cache": true}, "unilabos_param": {"sample_uuids": {}}}'} [execute_callback:2086] [unilabos.ros.nodes.base_device_node]
26-07-30 [23:10:35,999] [TRACE] [/devices/szlab_poly_plc] 任务 _execute_driver_command 接收到原始目标: {'string': '{"function_name": "read_variable", "function_args": {"node_name": "S06准备信号", "use_cache": true}, "unilabos_param": {"sample_uuids": {}}}'} [execute_callback:2087] [unilabos.ros.nodes.base_device_node]
26-07-30 [23:10:36,000] [TRACE] [/devices/szlab_poly_plc] 同步执行动作 <bound method BaseROS2DeviceNode._execute_driver_command of <unilabos.ros.nodes.base_device_node.BaseROS2DeviceNode object at 0x7eff959f3ad0>> [execute_callback:2188] [unilabos.ros.nodes.base_device_node]
26-07-30 [23:10:36,084] [DEBUG] 使用节点: '传感器状态_上位机[3].NO[9]', NodeId: ns=4;s=上位机通讯|传感器状态_上位机[3].NO[9] [use_node:345] [unilabos.utils.log.post_process]
26-07-30 [23:10:36,245] [DEBUG] 使用节点: '传感器状态_上位机[3].NO[10]', NodeId: ns=4;s=上位机通讯|传感器状态_上位机[3].NO[10] [use_node:345] [unilabos.utils.log.post_process]
26-07-30 [23:10:36,406] [DEBUG] 使用节点: '传感器状态_上位机[3].NO[11]', NodeId: ns=4;s=上位机通讯|传感器状态_上位机[3].NO[11] [use_node:345] [unilabos.utils.log.post_process]
26-07-30 [23:10:36,568] [DEBUG] 使用节点: '传感器状态_上位机[3].NO[12]', NodeId: ns=4;s=上位机通讯|传感器状态_上位机[3].NO[12] [use_node:345] [unilabos.utils.log.post_process]
26-07-30 [23:10:36,729] [DEBUG] 使用节点: '传感器状态_上位机[3].NO[13]', NodeId: ns=4;s=上位机通讯|传感器状态_上位机[3].NO[13] [use_node:345] [unilabos.utils.log.post_process]
26-07-30 [23:10:36,891] [DEBUG] 使用节点: 'S06准备信号', NodeId: ns=4;s=上位机通讯|S06准备信号 [use_node:345] [unilabos.utils.log.post_process]
26-07-30 [23:10:36,894] [TRACE] [/devices/szlab_poly_plc] 【.get_property】获取同步属性: powder_container_occupied [get_property:371] [unilabos.ros.nodes.base_device_node]
26-07-30 [23:10:36,973] [TRACE] [/devices/szlab_mixer_stirrer] 【.get_property】获取同步属性: status [get_property:371] [unilabos.ros.nodes.base_device_node]
26-07-30 [23:10:36,981] [TRACE] [/devices/szlab_mixer_photoshotting] 【.get_property】获取同步属性: last_photo_path [get_property:371] [unilabos.ros.nodes.base_device_node]
26-07-30 [23:10:36,983] [TRACE] [/devices/szlab_mixer_photoshotting] 【.get_property】获取同步属性: last_result [get_property:371] [unilabos.ros.nodes.base_device_node]
26-07-30 [23:10:36,985] [TRACE] [/devices/host_node] Status updated: szlab_mixer_photoshotting.last_result = OK [property_callback:886] [unilabos.ros.nodes.presets.host_node]
26-07-30 [23:10:36,985] [TRACE] [/devices/szlab_mixer_photoshotting] 【.get_property】获取同步属性: status [get_property:371] [unilabos.ros.nodes.base_device_node]
26-07-30 [23:10:36,990] [TRACE] [/devices/szlab_mixer_pump] 【.get_property】获取同步属性: status [get_property:371] [unilabos.ros.nodes.base_device_node]
26-07-30 [23:10:36,992] [TRACE] [/devices/host_node] Status updated: szlab_mixer_pump.status = Running [property_callback:886] [unilabos.ros.nodes.presets.host_node]
26-07-30 [23:10:37,011] [TRACE] [/devices/szlab_s08_cap_station] 【.get_property】获取同步属性: last_s08_status [get_property:371] [unilabos.ros.nodes.base_device_node]
26-07-30 [23:10:37,022] [TRACE] [/devices/szlab_mixer_pipetting_station] 【.get_property】获取同步属性: status [get_property:371] [unilabos.ros.nodes.base_device_node]
26-07-30 [23:10:37,052] [DEBUG] 使用节点: '传感器状态_上位机[3].NO[8]', NodeId: ns=4;s=上位机通讯|传感器状态_上位机[3].NO[8] [use_node:345] [unilabos.utils.log.post_process]
26-07-30 [23:10:37,054] [TRACE] [/devices/szlab_poly_plc] 动作 _execute_driver_command 完成并返回结果 [execute_callback:2364] [unilabos.ros.nodes.base_device_node]
26-07-30 [23:10:37,098] [DEBUG] [/devices/szlab_mixer_pump] [call_device_action] -> /devices/szlab_poly_plc/_execute_driver_command, args={'node_name': '传感器状态_上位机[3].NO[1]', 'use_cache': True} [call_device_action:1649] [unilabos.ros.nodes.base_device_node]
26-07-30 [23:10:37,100] [DEBUG] [/devices/szlab_poly_plc] 任务 _execute_driver_command 接收到原始目标: {'string': '{"function_name": "read_variable", "function_args": {"node_name": "传感器状态_上位机[3].NO[1]", "use_cache": true}, "unilabos_param": {"sample_uuids": {}}}'} [execute_callback:2086] [unilabos.ros.nodes.base_device_node]
26-07-30 [23:10:37,102] [TRACE] [/devices/szlab_poly_plc] 任务 _execute_driver_command 接收到原始目标: {'string': '{"function_name": "read_variable", "function_args": {"node_name": "传感器状态_上位机[3].NO[1]", "use_cache": true}, "unilabos_param": {"sample_uuids": {}}}'} [execute_callback:2087] [unilabos.ros.nodes.base_device_node]
26-07-30 [23:10:37,102] [TRACE] [/devices/szlab_poly_plc] 同步执行动作 <bound method BaseROS2DeviceNode._execute_driver_command of <unilabos.ros.nodes.base_device_node.BaseROS2DeviceNode object at 0x7eff959f3ad0>> [execute_callback:2188] [unilabos.ros.nodes.base_device_node]
26-07-30 [23:10:37,214] [DEBUG] 使用节点: '传感器状态_上位机[3].NO[9]', NodeId: ns=4;s=上位机通讯|传感器状态_上位机[3].NO[9] [use_node:345] [unilabos.utils.log.post_process]
26-07-30 [23:10:37,375] [DEBUG] 使用节点: '传感器状态_上位机[3].NO[10]', NodeId: ns=4;s=上位机通讯|传感器状态_上位机[3].NO[10] [use_node:345] [unilabos.utils.log.post_process]
26-07-30 [23:10:37,537] [DEBUG] 使用节点: '传感器状态_上位机[3].NO[11]', NodeId: ns=4;s=上位机通讯|传感器状态_上位机[3].NO[11] [use_node:345] [unilabos.utils.log.post_process]
26-07-30 [23:10:37,698] [DEBUG] 使用节点: '传感器状态_上位机[3].NO[12]', NodeId: ns=4;s=上位机通讯|传感器状态_上位机[3].NO[12] [use_node:345] [unilabos.utils.log.post_process]
26-07-30 [23:10:37,860] [DEBUG] 使用节点: '传感器状态_上位机[3].NO[13]', NodeId: ns=4;s=上位机通讯|传感器状态_上位机[3].NO[13] [use_node:345] [unilabos.utils.log.post_process]
26-07-30 [23:10:38,021] [DEBUG] 使用节点: '传感器状态_上位机[3].NO[1]', NodeId: ns=4;s=上位机通讯|传感器状态_上位机[3].NO[1] [use_node:345] [unilabos.utils.log.post_process]
26-07-30 [23:10:38,023] [TRACE] [/devices/szlab_poly_plc] 【.get_property】获取同步属性: powder_container_occupied [get_property:371] [unilabos.ros.nodes.base_device_node]
26-07-30 [23:10:38,182] [DEBUG] 使用节点: '传感器状态_上位机[3].NO[8]', NodeId: ns=4;s=上位机通讯|传感器状态_上位机[3].NO[8] [use_node:345] [unilabos.utils.log.post_process]
26-07-30 [23:10:38,184] [TRACE] [/devices/szlab_poly_plc] 动作 _execute_driver_command 完成并返回结果 [execute_callback:2364] [unilabos.ros.nodes.base_device_node]
26-07-30 [23:10:38,200] [DEBUG] [/devices/szlab_mixer_pump] [call_device_action] -> /devices/szlab_poly_plc/_execute_driver_command, args={'node_name': '传感器状态_上位机[4].NO[12]', 'use_cache': True} [call_device_action:1649] [unilabos.ros.nodes.base_device_node]
26-07-30 [23:10:38,202] [DEBUG] [/devices/szlab_poly_plc] 任务 _execute_driver_command 接收到原始目标: {'string': '{"function_name": "read_variable", "function_args": {"node_name": "传感器状态_上位机[4].NO[12]", "use_cache": true}, "unilabos_param": {"sample_uuids": {}}}'} [execute_callback:2086] [unilabos.ros.nodes.base_device_node]
26-07-30 [23:10:38,204] [TRACE] [/devices/szlab_poly_plc] 任务 _execute_driver_command 接收到原始目标: {'string': '{"function_name": "read_variable", "function_args": {"node_name": "传感器状态_上位机[4].NO[12]", "use_cache": true}, "unilabos_param": {"sample_uuids": {}}}'} [execute_callback:2087] [unilabos.ros.nodes.base_device_node]
26-07-30 [23:10:38,204] [TRACE] [/devices/szlab_poly_plc] 同步执行动作 <bound method BaseROS2DeviceNode._execute_driver_command of <unilabos.ros.nodes.base_device_node.BaseROS2DeviceNode object at 0x7eff959f3ad0>> [execute_callback:2188] [unilabos.ros.nodes.base_device_node]
26-07-30 [23:10:38,343] [DEBUG] 使用节点: '传感器状态_上位机[3].NO[9]', NodeId: ns=4;s=上位机通讯|传感器状态_上位机[3].NO[9] [use_node:345] [unilabos.utils.log.post_process]
26-07-30 [23:10:38,506] [DEBUG] 使用节点: '传感器状态_上位机[3].NO[10]', NodeId: ns=4;s=上位机通讯|传感器状态_上位机[3].NO[10] [use_node:345] [unilabos.utils.log.post_process]
26-07-30 [23:10:38,667] [DEBUG] 使用节点: '传感器状态_上位机[3].NO[11]', NodeId: ns=4;s=上位机通讯|传感器状态_上位机[3].NO[11] [use_node:345] [unilabos.utils.log.post_process]
26-07-30 [23:10:38,828] [DEBUG] 使用节点: '传感器状态_上位机[3].NO[12]', NodeId: ns=4;s=上位机通讯|传感器状态_上位机[3].NO[12] [use_node:345] [unilabos.utils.log.post_process]
26-07-30 [23:10:38,990] [DEBUG] 使用节点: '传感器状态_上位机[3].NO[13]', NodeId: ns=4;s=上位机通讯|传感器状态_上位机[3].NO[13] [use_node:345] [unilabos.utils.log.post_process]
26-07-30 [23:10:39,011] [TRACE] [/devices/szlab_s08_cap_station] 【.get_property】获取同步属性: last_s08_status [get_property:371] [unilabos.ros.nodes.base_device_node]
26-07-30 [23:10:39,152] [DEBUG] 使用节点: '传感器状态_上位机[4].NO[12]', NodeId: ns=4;s=上位机通讯|传感器状态_上位机[4].NO[12] [use_node:345] [unilabos.utils.log.post_process]
26-07-30 [23:10:39,154] [TRACE] [/devices/szlab_poly_plc] 【.get_property】获取同步属性: powder_container_occupied [get_property:371] [unilabos.ros.nodes.base_device_node]
26-07-30 [23:10:39,685] [DEBUG] 使用节点: '传感器状态_上位机[3].NO[8]', NodeId: ns=4;s=上位机通讯|传感器状态_上位机[3].NO[8] [use_node:345] [unilabos.utils.log.post_process]
26-07-30 [23:10:39,687] [TRACE] [/devices/szlab_poly_plc] 动作 _execute_driver_command 完成并返回结果 [execute_callback:2364] [unilabos.ros.nodes.base_device_node]
26-07-30 [23:10:39,704] [DEBUG] [/devices/szlab_mixer_pump] [call_device_action] -> /devices/szlab_poly_plc/_execute_driver_command, args={'node_name': 'S06允许加工', 'use_cache': True} [call_device_action:1649] [unilabos.ros.nodes.base_device_node]
26-07-30 [23:10:39,706] [DEBUG] [/devices/szlab_poly_plc] 任务 _execute_driver_command 接收到原始目标: {'string': '{"function_name": "read_variable", "function_args": {"node_name": "S06允许加工", "use_cache": true}, "unilabos_param": {"sample_uuids": {}}}'} [execute_callback:2086] [unilabos.ros.nodes.base_device_node]
26-07-30 [23:10:39,708] [TRACE] [/devices/szlab_poly_plc] 任务 _execute_driver_command 接收到原始目标: {'string': '{"function_name": "read_variable", "function_args": {"node_name": "S06允许加工", "use_cache": true}, "unilabos_param": {"sample_uuids": {}}}'} [execute_callback:2087] [unilabos.ros.nodes.base_device_node]
26-07-30 [23:10:39,708] [TRACE] [/devices/szlab_poly_plc] 同步执行动作 <bound method BaseROS2DeviceNode._execute_driver_command of <unilabos.ros.nodes.base_device_node.BaseROS2DeviceNode object at 0x7eff959f3ad0>> [execute_callback:2188] [unilabos.ros.nodes.base_device_node]
26-07-30 [23:10:39,847] [DEBUG] 使用节点: '传感器状态_上位机[3].NO[9]', NodeId: ns=4;s=上位机通讯|传感器状态_上位机[3].NO[9] [use_node:345] [unilabos.utils.log.post_process]
26-07-30 [23:10:40,008] [DEBUG] 使用节点: '传感器状态_上位机[3].NO[10]', NodeId: ns=4;s=上位机通讯|传感器状态_上位机[3].NO[10] [use_node:345] [unilabos.utils.log.post_process]
26-07-30 [23:10:40,169] [DEBUG] 使用节点: '传感器状态_上位机[3].NO[11]', NodeId: ns=4;s=上位机通讯|传感器状态_上位机[3].NO[11] [use_node:345] [unilabos.utils.log.post_process]
26-07-30 [23:10:40,330] [DEBUG] 使用节点: '传感器状态_上位机[3].NO[12]', NodeId: ns=4;s=上位机通讯|传感器状态_上位机[3].NO[12] [use_node:345] [unilabos.utils.log.post_process]
26-07-30 [23:10:40,869] [DEBUG] 使用节点: '传感器状态_上位机[3].NO[13]', NodeId: ns=4;s=上位机通讯|传感器状态_上位机[3].NO[13] [use_node:345] [unilabos.utils.log.post_process]
26-07-30 [23:10:41,011] [TRACE] [/devices/szlab_s08_cap_station] 【.get_property】获取同步属性: last_s08_status [get_property:371] [unilabos.ros.nodes.base_device_node]
26-07-30 [23:10:41,030] [DEBUG] 使用节点: 'S06允许加工', NodeId: ns=4;s=上位机通讯|S06允许加工 [use_node:345] [unilabos.utils.log.post_process]
26-07-30 [23:10:41,033] [TRACE] [/devices/szlab_poly_plc] 【.get_property】获取同步属性: powder_container_occupied [get_property:371] [unilabos.ros.nodes.base_device_node]
26-07-30 [23:10:41,192] [DEBUG] 使用节点: '传感器状态_上位机[3].NO[8]', NodeId: ns=4;s=上位机通讯|传感器状态_上位机[3].NO[8] [use_node:345] [unilabos.utils.log.post_process]
26-07-30 [23:10:41,194] [TRACE] [/devices/szlab_poly_plc] 动作 _execute_driver_command 完成并返回结果 [execute_callback:2364] [unilabos.ros.nodes.base_device_node]
26-07-30 [23:10:41,207] [DEBUG] [/devices/szlab_mixer_pump] [call_device_action] -> /devices/szlab_poly_plc/_execute_driver_command, args={'node_name': 'S06_1号溶液添加量'} [call_device_action:1649] [unilabos.ros.nodes.base_device_node]
26-07-30 [23:10:41,210] [DEBUG] [/devices/szlab_poly_plc] 任务 _execute_driver_command 接收到原始目标: {'string': '{"function_name": "check_variable_accessible", "function_args": {"node_name": "S06_1号溶液添加量"}, "unilabos_param": {"sample_uuids": {}}}'} [execute_callback:2086] [unilabos.ros.nodes.base_device_node]
26-07-30 [23:10:41,211] [TRACE] [/devices/szlab_poly_plc] 任务 _execute_driver_command 接收到原始目标: {'string': '{"function_name": "check_variable_accessible", "function_args": {"node_name": "S06_1号溶液添加量"}, "unilabos_param": {"sample_uuids": {}}}'} [execute_callback:2087] [unilabos.ros.nodes.base_device_node]
26-07-30 [23:10:41,211] [TRACE] [/devices/szlab_poly_plc] 同步执行动作 <bound method BaseROS2DeviceNode._execute_driver_command of <unilabos.ros.nodes.base_device_node.BaseROS2DeviceNode object at 0x7eff959f3ad0>> [execute_callback:2188] [unilabos.ros.nodes.base_device_node]
26-07-30 [23:10:41,212] [DEBUG] 使用节点: 'S06_1号溶液添加量', NodeId: ns=4;s=上位机通讯|S06_1号溶液添加量 [use_node:345] [unilabos.utils.log.post_process]
26-07-30 [23:10:41,354] [DEBUG] 使用节点: '传感器状态_上位机[3].NO[9]', NodeId: ns=4;s=上位机通讯|传感器状态_上位机[3].NO[9] [use_node:345] [unilabos.utils.log.post_process]
26-07-30 [23:10:41,376] [TRACE] [/devices/szlab_poly_plc] 动作 _execute_driver_command 完成并返回结果 [execute_callback:2364] [unilabos.ros.nodes.base_device_node]
26-07-30 [23:10:41,408] [DEBUG] [/devices/szlab_mixer_pump] [call_device_action] -> /devices/szlab_poly_plc/_execute_driver_command, args={'node_name': 'S06工艺选择', 'value': 1} [call_device_action:1649] [unilabos.ros.nodes.base_device_node]
26-07-30 [23:10:41,411] [DEBUG] [/devices/szlab_poly_plc] 任务 _execute_driver_command 接收到原始目标: {'string': '{"function_name": "write_variable", "function_args": {"node_name": "S06工艺选择", "value": 1}, "unilabos_param": {"sample_uuids": {}}}'} [execute_callback:2086] [unilabos.ros.nodes.base_device_node]
26-07-30 [23:10:41,412] [TRACE] [/devices/szlab_poly_plc] 任务 _execute_driver_command 接收到原始目标: {'string': '{"function_name": "write_variable", "function_args": {"node_name": "S06工艺选择", "value": 1}, "unilabos_param": {"sample_uuids": {}}}'} [execute_callback:2087] [unilabos.ros.nodes.base_device_node]
26-07-30 [23:10:41,412] [TRACE] [/devices/szlab_poly_plc] 同步执行动作 <bound method BaseROS2DeviceNode._execute_driver_command of <unilabos.ros.nodes.base_device_node.BaseROS2DeviceNode object at 0x7eff959f3ad0>> [execute_callback:2188] [unilabos.ros.nodes.base_device_node]
26-07-30 [23:10:41,516] [DEBUG] 使用节点: '传感器状态_上位机[3].NO[10]', NodeId: ns=4;s=上位机通讯|传感器状态_上位机[3].NO[10] [use_node:345] [unilabos.utils.log.post_process]
26-07-30 [23:10:41,677] [DEBUG] 使用节点: '传感器状态_上位机[3].NO[11]', NodeId: ns=4;s=上位机通讯|传感器状态_上位机[3].NO[11] [use_node:345] [unilabos.utils.log.post_process]
26-07-30 [23:10:41,838] [DEBUG] 使用节点: '传感器状态_上位机[3].NO[12]', NodeId: ns=4;s=上位机通讯|传感器状态_上位机[3].NO[12] [use_node:345] [unilabos.utils.log.post_process]
26-07-30 [23:10:41,973] [TRACE] [/devices/szlab_mixer_stirrer] 【.get_property】获取同步属性: status [get_property:371] [unilabos.ros.nodes.base_device_node]
26-07-30 [23:10:41,981] [TRACE] [/devices/szlab_mixer_photoshotting] 【.get_property】获取同步属性: last_photo_path [get_property:371] [unilabos.ros.nodes.base_device_node]
26-07-30 [23:10:41,982] [TRACE] [/devices/szlab_mixer_photoshotting] 【.get_property】获取同步属性: last_result [get_property:371] [unilabos.ros.nodes.base_device_node]
26-07-30 [23:10:41,984] [TRACE] [/devices/szlab_mixer_photoshotting] 【.get_property】获取同步属性: status [get_property:371] [unilabos.ros.nodes.base_device_node]
26-07-30 [23:10:41,990] [TRACE] [/devices/szlab_mixer_pump] 【.get_property】获取同步属性: status [get_property:371] [unilabos.ros.nodes.base_device_node]
26-07-30 [23:10:42,022] [TRACE] [/devices/szlab_mixer_pipetting_station] 【.get_property】获取同步属性: status [get_property:371] [unilabos.ros.nodes.base_device_node]
26-07-30 [23:10:42,035] [TRACE] [/devices/host_node] [Host Node] Discovering devices in the network... [_discover_devices:472] [unilabos.ros.nodes.presets.host_node]
26-07-30 [23:10:42,035] [TRACE] [/devices/host_node] [Host Node] Total online devices: 9 [_discover_devices:525] [unilabos.ros.nodes.presets.host_node]
26-07-30 [23:10:42,757] [DEBUG] 使用节点: '传感器状态_上位机[3].NO[13]', NodeId: ns=4;s=上位机通讯|传感器状态_上位机[3].NO[13] [use_node:345] [unilabos.utils.log.post_process]
26-07-30 [23:10:42,918] [DEBUG] 使用节点: 'S06工艺选择', NodeId: ns=4;s=上位机通讯|S06工艺选择 [use_node:345] [unilabos.utils.log.post_process]
26-07-30 [23:10:42,921] [TRACE] [/devices/szlab_poly_plc] 【.get_property】获取同步属性: powder_container_occupied [get_property:371] [unilabos.ros.nodes.base_device_node]
26-07-30 [23:10:43,011] [TRACE] [/devices/szlab_s08_cap_station] 【.get_property】获取同步属性: last_s08_status [get_property:371] [unilabos.ros.nodes.base_device_node]
26-07-30 [23:10:43,622] [DEBUG] 使用节点: '传感器状态_上位机[3].NO[8]', NodeId: ns=4;s=上位机通讯|传感器状态_上位机[3].NO[8] [use_node:345] [unilabos.utils.log.post_process]
26-07-30 [23:10:43,624] [TRACE] [/devices/szlab_poly_plc] 动作 _execute_driver_command 完成并返回结果 [execute_callback:2364] [unilabos.ros.nodes.base_device_node]
26-07-30 [23:10:43,663] [DEBUG] [/devices/szlab_mixer_pump] [call_device_action] -> /devices/szlab_poly_plc/_execute_driver_command, args={'node_name': 'S06_1号溶液添加量', 'value': 8} [call_device_action:1649] [unilabos.ros.nodes.base_device_node]
26-07-30 [23:10:43,666] [DEBUG] [/devices/szlab_poly_plc] 任务 _execute_driver_command 接收到原始目标: {'string': '{"function_name": "write_variable", "function_args": {"node_name": "S06_1号溶液添加量", "value": 8}, "unilabos_param": {"sample_uuids": {}}}'} [execute_callback:2086] [unilabos.ros.nodes.base_device_node]
26-07-30 [23:10:43,666] [TRACE] [/devices/szlab_poly_plc] 任务 _execute_driver_command 接收到原始目标: {'string': '{"function_name": "write_variable", "function_args": {"node_name": "S06_1号溶液添加量", "value": 8}, "unilabos_param": {"sample_uuids": {}}}'} [execute_callback:2087] [unilabos.ros.nodes.base_device_node]
26-07-30 [23:10:43,667] [TRACE] [/devices/szlab_poly_plc] 同步执行动作 <bound method BaseROS2DeviceNode._execute_driver_command of <unilabos.ros.nodes.base_device_node.BaseROS2DeviceNode object at 0x7eff959f3ad0>> [execute_callback:2188] [unilabos.ros.nodes.base_device_node]
26-07-30 [23:10:43,784] [DEBUG] 使用节点: '传感器状态_上位机[3].NO[9]', NodeId: ns=4;s=上位机通讯|传感器状态_上位机[3].NO[9] [use_node:345] [unilabos.utils.log.post_process]
26-07-30 [23:10:43,945] [DEBUG] 使用节点: '传感器状态_上位机[3].NO[10]', NodeId: ns=4;s=上位机通讯|传感器状态_上位机[3].NO[10] [use_node:345] [unilabos.utils.log.post_process]
26-07-30 [23:10:44,106] [DEBUG] 使用节点: '传感器状态_上位机[3].NO[11]', NodeId: ns=4;s=上位机通讯|传感器状态_上位机[3].NO[11] [use_node:345] [unilabos.utils.log.post_process]
26-07-30 [23:10:44,268] [DEBUG] 使用节点: '传感器状态_上位机[3].NO[12]', NodeId: ns=4;s=上位机通讯|传感器状态_上位机[3].NO[12] [use_node:345] [unilabos.utils.log.post_process]
26-07-30 [23:10:44,805] [DEBUG] 使用节点: '传感器状态_上位机[3].NO[13]', NodeId: ns=4;s=上位机通讯|传感器状态_上位机[3].NO[13] [use_node:345] [unilabos.utils.log.post_process]
26-07-30 [23:10:44,966] [DEBUG] 使用节点: 'S06_1号溶液添加量', NodeId: ns=4;s=上位机通讯|S06_1号溶液添加量 [use_node:345] [unilabos.utils.log.post_process]
26-07-30 [23:10:44,969] [TRACE] [/devices/szlab_poly_plc] 【.get_property】获取同步属性: powder_container_occupied [get_property:371] [unilabos.ros.nodes.base_device_node]
26-07-30 [23:10:45,011] [TRACE] [/devices/szlab_s08_cap_station] 【.get_property】获取同步属性: last_s08_status [get_property:371] [unilabos.ros.nodes.base_device_node]
26-07-30 [23:10:45,289] [DEBUG] 使用节点: '传感器状态_上位机[3].NO[8]', NodeId: ns=4;s=上位机通讯|传感器状态_上位机[3].NO[8] [use_node:345] [unilabos.utils.log.post_process]
26-07-30 [23:10:45,290] [TRACE] [/devices/szlab_poly_plc] 动作 _execute_driver_command 完成并返回结果 [execute_callback:2364] [unilabos.ros.nodes.base_device_node]
26-07-30 [23:10:45,316] [DEBUG] [/devices/szlab_mixer_pump] [call_device_action] -> /devices/szlab_poly_plc/_execute_driver_command, args={'node_name': 'S06参数写入完成', 'value': True} [call_device_action:1649] [unilabos.ros.nodes.base_device_node]
26-07-30 [23:10:45,318] [DEBUG] [/devices/szlab_poly_plc] 任务 _execute_driver_command 接收到原始目标: {'string': '{"function_name": "write_variable", "function_args": {"node_name": "S06参数写入完成", "value": true}, "unilabos_param": {"sample_uuids": {}}}'} [execute_callback:2086] [unilabos.ros.nodes.base_device_node]
26-07-30 [23:10:45,319] [TRACE] [/devices/szlab_poly_plc] 任务 _execute_driver_command 接收到原始目标: {'string': '{"function_name": "write_variable", "function_args": {"node_name": "S06参数写入完成", "value": true}, "unilabos_param": {"sample_uuids": {}}}'} [execute_callback:2087] [unilabos.ros.nodes.base_device_node]
26-07-30 [23:10:45,319] [TRACE] [/devices/szlab_poly_plc] 同步执行动作 <bound method BaseROS2DeviceNode._execute_driver_command of <unilabos.ros.nodes.base_device_node.BaseROS2DeviceNode object at 0x7eff959f3ad0>> [execute_callback:2188] [unilabos.ros.nodes.base_device_node]
26-07-30 [23:10:45,829] [DEBUG] 使用节点: '传感器状态_上位机[3].NO[9]', NodeId: ns=4;s=上位机通讯|传感器状态_上位机[3].NO[9] [use_node:345] [unilabos.utils.log.post_process]
26-07-30 [23:10:45,990] [DEBUG] 使用节点: '传感器状态_上位机[3].NO[10]', NodeId: ns=4;s=上位机通讯|传感器状态_上位机[3].NO[10] [use_node:345] [unilabos.utils.log.post_process]
26-07-30 [23:10:46,152] [DEBUG] 使用节点: '传感器状态_上位机[3].NO[11]', NodeId: ns=4;s=上位机通讯|传感器状态_上位机[3].NO[11] [use_node:345] [unilabos.utils.log.post_process]
26-07-30 [23:10:46,313] [DEBUG] 使用节点: '传感器状态_上位机[3].NO[12]', NodeId: ns=4;s=上位机通讯|传感器状态_上位机[3].NO[12] [use_node:345] [unilabos.utils.log.post_process]
26-07-30 [23:10:46,474] [DEBUG] 使用节点: '传感器状态_上位机[3].NO[13]', NodeId: ns=4;s=上位机通讯|传感器状态_上位机[3].NO[13] [use_node:345] [unilabos.utils.log.post_process]
26-07-30 [23:10:46,636] [DEBUG] 使用节点: 'S06参数写入完成', NodeId: ns=4;s=上位机通讯|S06参数写入完成 [use_node:345] [unilabos.utils.log.post_process]
26-07-30 [23:10:46,639] [TRACE] [/devices/szlab_poly_plc] 【.get_property】获取同步属性: powder_container_occupied [get_property:371] [unilabos.ros.nodes.base_device_node]
26-07-30 [23:10:46,958] [DEBUG] 使用节点: '传感器状态_上位机[3].NO[8]', NodeId: ns=4;s=上位机通讯|传感器状态_上位机[3].NO[8] [use_node:345] [unilabos.utils.log.post_process]
26-07-30 [23:10:46,960] [TRACE] [/devices/szlab_poly_plc] 动作 _execute_driver_command 完成并返回结果 [execute_callback:2364] [unilabos.ros.nodes.base_device_node]
26-07-30 [23:10:46,969] [DEBUG] [/devices/szlab_mixer_pump] [call_device_action] -> /devices/szlab_poly_plc/_execute_driver_command, args={'node_name': 'S06加工完成', 'timeout': 300.0, 'interval': 0.2} [call_device_action:1649] [unilabos.ros.nodes.base_device_node]
26-07-30 [23:10:46,971] [DEBUG] [/devices/szlab_poly_plc] 任务 _execute_driver_command 接收到原始目标: {'string': '{"function_name": "wait_new_cycle_done", "function_args": {"node_name": "S06加工完成", "timeout": 300.0, "interval": 0.2}, "unilabos_param": {"sample_uuids": {}}}'} [execute_callback:2086] [unilabos.ros.nodes.base_device_node]
26-07-30 [23:10:46,972] [TRACE] [/devices/szlab_poly_plc] 任务 _execute_driver_command 接收到原始目标: {'string': '{"function_name": "wait_new_cycle_done", "function_args": {"node_name": "S06加工完成", "timeout": 300.0, "interval": 0.2}, "unilabos_param": {"sample_uuids": {}}}'} [execute_callback:2087] [unilabos.ros.nodes.base_device_node]
26-07-30 [23:10:46,973] [TRACE] [/devices/szlab_poly_plc] 同步执行动作 <bound method BaseROS2DeviceNode._execute_driver_command of <unilabos.ros.nodes.base_device_node.BaseROS2DeviceNode object at 0x7eff959f3ad0>> [execute_callback:2188] [unilabos.ros.nodes.base_device_node]
26-07-30 [23:10:46,974] [TRACE] [/devices/szlab_mixer_stirrer] 【.get_property】获取同步属性: status [get_property:371] [unilabos.ros.nodes.base_device_node]
26-07-30 [23:10:46,981] [TRACE] [/devices/szlab_mixer_photoshotting] 【.get_property】获取同步属性: last_photo_path [get_property:371] [unilabos.ros.nodes.base_device_node]
26-07-30 [23:10:46,982] [TRACE] [/devices/szlab_mixer_photoshotting] 【.get_property】获取同步属性: last_result [get_property:371] [unilabos.ros.nodes.base_device_node]
26-07-30 [23:10:46,984] [TRACE] [/devices/szlab_mixer_photoshotting] 【.get_property】获取同步属性: status [get_property:371] [unilabos.ros.nodes.base_device_node]
26-07-30 [23:10:46,990] [TRACE] [/devices/szlab_mixer_pump] 【.get_property】获取同步属性: status [get_property:371] [unilabos.ros.nodes.base_device_node]
26-07-30 [23:10:47,011] [TRACE] [/devices/szlab_s08_cap_station] 【.get_property】获取同步属性: last_s08_status [get_property:371] [unilabos.ros.nodes.base_device_node]
26-07-30 [23:10:47,022] [TRACE] [/devices/szlab_mixer_pipetting_station] 【.get_property】获取同步属性: status [get_property:371] [unilabos.ros.nodes.base_device_node]
26-07-30 [23:10:47,119] [DEBUG] 使用节点: '传感器状态_上位机[3].NO[9]', NodeId: ns=4;s=上位机通讯|传感器状态_上位机[3].NO[9] [use_node:345] [unilabos.utils.log.post_process]
26-07-30 [23:10:47,281] [DEBUG] 使用节点: '传感器状态_上位机[3].NO[10]', NodeId: ns=4;s=上位机通讯|传感器状态_上位机[3].NO[10] [use_node:345] [unilabos.utils.log.post_process]
26-07-30 [23:10:47,442] [DEBUG] 使用节点: '传感器状态_上位机[3].NO[11]', NodeId: ns=4;s=上位机通讯|传感器状态_上位机[3].NO[11] [use_node:345] [unilabos.utils.log.post_process]
26-07-30 [23:10:47,603] [DEBUG] 使用节点: '传感器状态_上位机[3].NO[12]', NodeId: ns=4;s=上位机通讯|传感器状态_上位机[3].NO[12] [use_node:345] [unilabos.utils.log.post_process]
26-07-30 [23:10:48,133] [DEBUG] 使用节点: '传感器状态_上位机[3].NO[13]', NodeId: ns=4;s=上位机通讯|传感器状态_上位机[3].NO[13] [use_node:345] [unilabos.utils.log.post_process]
26-07-30 [23:10:48,295] [DEBUG] 使用节点: 'S06加工完成', NodeId: ns=4;s=上位机通讯|S06加工完成 [use_node:345] [unilabos.utils.log.post_process]
26-07-30 [23:10:48,300] [TRACE] [/devices/szlab_poly_plc] 【.get_property】获取同步属性: powder_container_occupied [get_property:371] [unilabos.ros.nodes.base_device_node]
26-07-30 [23:10:48,456] [DEBUG] 使用节点: '传感器状态_上位机[3].NO[8]', NodeId: ns=4;s=上位机通讯|传感器状态_上位机[3].NO[8] [use_node:345] [unilabos.utils.log.post_process]
26-07-30 [23:10:48,617] [DEBUG] 使用节点: '传感器状态_上位机[3].NO[9]', NodeId: ns=4;s=上位机通讯|传感器状态_上位机[3].NO[9] [use_node:345] [unilabos.utils.log.post_process]
26-07-30 [23:10:48,779] [DEBUG] 使用节点: '传感器状态_上位机[3].NO[10]', NodeId: ns=4;s=上位机通讯|传感器状态_上位机[3].NO[10] [use_node:345] [unilabos.utils.log.post_process]
26-07-30 [23:10:48,940] [DEBUG] 使用节点: '传感器状态_上位机[3].NO[11]', NodeId: ns=4;s=上位机通讯|传感器状态_上位机[3].NO[11] [use_node:345] [unilabos.utils.log.post_process]
26-07-30 [23:10:49,012] [TRACE] [/devices/szlab_s08_cap_station] 【.get_property】获取同步属性: last_s08_status [get_property:371] [unilabos.ros.nodes.base_device_node]
26-07-30 [23:10:49,101] [DEBUG] 使用节点: '传感器状态_上位机[3].NO[12]', NodeId: ns=4;s=上位机通讯|传感器状态_上位机[3].NO[12] [use_node:345] [unilabos.utils.log.post_process]
26-07-30 [23:10:49,637] [DEBUG] 使用节点: '传感器状态_上位机[3].NO[13]', NodeId: ns=4;s=上位机通讯|传感器状态_上位机[3].NO[13] [use_node:345] [unilabos.utils.log.post_process]
26-07-30 [23:10:49,799] [DEBUG] 使用节点: 'S06加工完成', NodeId: ns=4;s=上位机通讯|S06加工完成 [use_node:345] [unilabos.utils.log.post_process]
26-07-30 [23:10:49,802] [TRACE] [/devices/szlab_poly_plc] 【.get_property】获取同步属性: powder_container_occupied [get_property:371] [unilabos.ros.nodes.base_device_node]
26-07-30 [23:10:49,961] [DEBUG] 使用节点: '传感器状态_上位机[3].NO[8]', NodeId: ns=4;s=上位机通讯|传感器状态_上位机[3].NO[8] [use_node:345] [unilabos.utils.log.post_process]
26-07-30 [23:10:50,123] [DEBUG] 使用节点: '传感器状态_上位机[3].NO[9]', NodeId: ns=4;s=上位机通讯|传感器状态_上位机[3].NO[9] [use_node:345] [unilabos.utils.log.post_process]
26-07-30 [23:10:50,284] [DEBUG] 使用节点: '传感器状态_上位机[3].NO[10]', NodeId: ns=4;s=上位机通讯|传感器状态_上位机[3].NO[10] [use_node:345] [unilabos.utils.log.post_process]
26-07-30 [23:10:50,445] [DEBUG] 使用节点: '传感器状态_上位机[3].NO[11]', NodeId: ns=4;s=上位机通讯|传感器状态_上位机[3].NO[11] [use_node:345] [unilabos.utils.log.post_process]
26-07-30 [23:10:50,985] [DEBUG] 使用节点: '传感器状态_上位机[3].NO[12]', NodeId: ns=4;s=上位机通讯|传感器状态_上位机[3].NO[12] [use_node:345] [unilabos.utils.log.post_process]
26-07-30 [23:10:51,011] [TRACE] [/devices/szlab_s08_cap_station] 【.get_property】获取同步属性: last_s08_status [get_property:371] [unilabos.ros.nodes.base_device_node]
26-07-30 [23:10:51,146] [DEBUG] 使用节点: '传感器状态_上位机[3].NO[13]', NodeId: ns=4;s=上位机通讯|传感器状态_上位机[3].NO[13] [use_node:345] [unilabos.utils.log.post_process]
26-07-30 [23:10:51,307] [DEBUG] 使用节点: 'S06加工完成', NodeId: ns=4;s=上位机通讯|S06加工完成 [use_node:345] [unilabos.utils.log.post_process]
26-07-30 [23:10:51,311] [TRACE] [/devices/szlab_poly_plc] 【.get_property】获取同步属性: powder_container_occupied [get_property:371] [unilabos.ros.nodes.base_device_node]
26-07-30 [23:10:51,469] [DEBUG] 使用节点: '传感器状态_上位机[3].NO[8]', NodeId: ns=4;s=上位机通讯|传感器状态_上位机[3].NO[8] [use_node:345] [unilabos.utils.log.post_process]
26-07-30 [23:10:51,630] [DEBUG] 使用节点: '传感器状态_上位机[3].NO[9]', NodeId: ns=4;s=上位机通讯|传感器状态_上位机[3].NO[9] [use_node:345] [unilabos.utils.log.post_process]
26-07-30 [23:10:51,792] [DEBUG] 使用节点: '传感器状态_上位机[3].NO[10]', NodeId: ns=4;s=上位机通讯|传感器状态_上位机[3].NO[10] [use_node:345] [unilabos.utils.log.post_process]
26-07-30 [23:10:51,953] [DEBUG] 使用节点: '传感器状态_上位机[3].NO[11]', NodeId: ns=4;s=上位机通讯|传感器状态_上位机[3].NO[11] [use_node:345] [unilabos.utils.log.post_process]
26-07-30 [23:10:51,973] [TRACE] [/devices/szlab_mixer_stirrer] 【.get_property】获取同步属性: status [get_property:371] [unilabos.ros.nodes.base_device_node]
26-07-30 [23:10:51,981] [TRACE] [/devices/szlab_mixer_photoshotting] 【.get_property】获取同步属性: last_photo_path [get_property:371] [unilabos.ros.nodes.base_device_node]
26-07-30 [23:10:51,982] [TRACE] [/devices/szlab_mixer_photoshotting] 【.get_property】获取同步属性: last_result [get_property:371] [unilabos.ros.nodes.base_device_node]
26-07-30 [23:10:51,985] [TRACE] [/devices/szlab_mixer_photoshotting] 【.get_property】获取同步属性: status [get_property:371] [unilabos.ros.nodes.base_device_node]
26-07-30 [23:10:51,990] [TRACE] [/devices/szlab_mixer_pump] 【.get_property】获取同步属性: status [get_property:371] [unilabos.ros.nodes.base_device_node]
26-07-30 [23:10:52,022] [TRACE] [/devices/szlab_mixer_pipetting_station] 【.get_property】获取同步属性: status [get_property:371] [unilabos.ros.nodes.base_device_node]
26-07-30 [23:10:52,114] [DEBUG] 使用节点: '传感器状态_上位机[3].NO[12]', NodeId: ns=4;s=上位机通讯|传感器状态_上位机[3].NO[12] [use_node:345] [unilabos.utils.log.post_process]
26-07-30 [23:10:52,275] [DEBUG] 使用节点: '传感器状态_上位机[3].NO[13]', NodeId: ns=4;s=上位机通讯|传感器状态_上位机[3].NO[13] [use_node:345] [unilabos.utils.log.post_process]
26-07-30 [23:10:52,805] [DEBUG] 使用节点: 'S06加工完成', NodeId: ns=4;s=上位机通讯|S06加工完成 [use_node:345] [unilabos.utils.log.post_process]
26-07-30 [23:10:52,808] [TRACE] [/devices/szlab_poly_plc] 【.get_property】获取同步属性: powder_container_occupied [get_property:371] [unilabos.ros.nodes.base_device_node]
26-07-30 [23:10:53,011] [TRACE] [/devices/szlab_s08_cap_station] 【.get_property】获取同步属性: last_s08_status [get_property:371] [unilabos.ros.nodes.base_device_node]
26-07-30 [23:10:53,357] [DEBUG] 使用节点: '传感器状态_上位机[3].NO[8]', NodeId: ns=4;s=上位机通讯|传感器状态_上位机[3].NO[8] [use_node:345] [unilabos.utils.log.post_process]
26-07-30 [23:10:53,518] [DEBUG] 使用节点: '传感器状态_上位机[3].NO[9]', NodeId: ns=4;s=上位机通讯|传感器状态_上位机[3].NO[9] [use_node:345] [unilabos.utils.log.post_process]
26-07-30 [23:10:53,680] [DEBUG] 使用节点: '传感器状态_上位机[3].NO[10]', NodeId: ns=4;s=上位机通讯|传感器状态_上位机[3].NO[10] [use_node:345] [unilabos.utils.log.post_process]
26-07-30 [23:10:53,841] [DEBUG] 使用节点: '传感器状态_上位机[3].NO[11]', NodeId: ns=4;s=上位机通讯|传感器状态_上位机[3].NO[11] [use_node:345] [unilabos.utils.log.post_process]
26-07-30 [23:10:54,003] [DEBUG] 使用节点: '传感器状态_上位机[3].NO[12]', NodeId: ns=4;s=上位机通讯|传感器状态_上位机[3].NO[12] [use_node:345] [unilabos.utils.log.post_process]
26-07-30 [23:10:54,164] [DEBUG] 使用节点: '传感器状态_上位机[3].NO[13]', NodeId: ns=4;s=上位机通讯|传感器状态_上位机[3].NO[13] [use_node:345] [unilabos.utils.log.post_process]
26-07-30 [23:10:54,693] [DEBUG] 使用节点: 'S06加工完成', NodeId: ns=4;s=上位机通讯|S06加工完成 [use_node:345] [unilabos.utils.log.post_process]
26-07-30 [23:10:54,697] [TRACE] [/devices/szlab_poly_plc] 【.get_property】获取同步属性: powder_container_occupied [get_property:371] [unilabos.ros.nodes.base_device_node]
26-07-30 [23:10:55,011] [TRACE] [/devices/szlab_s08_cap_station] 【.get_property】获取同步属性: last_s08_status [get_property:371] [unilabos.ros.nodes.base_device_node]
26-07-30 [23:10:55,245] [DEBUG] 使用节点: '传感器状态_上位机[3].NO[8]', NodeId: ns=4;s=上位机通讯|传感器状态_上位机[3].NO[8] [use_node:345] [unilabos.utils.log.post_process]
26-07-30 [23:10:55,406] [DEBUG] 使用节点: '传感器状态_上位机[3].NO[9]', NodeId: ns=4;s=上位机通讯|传感器状态_上位机[3].NO[9] [use_node:345] [unilabos.utils.log.post_process]
26-07-30 [23:10:55,880] [DEBUG] 使用节点: '传感器状态_上位机[3].NO[10]', NodeId: ns=4;s=上位机通讯|传感器状态_上位机[3].NO[10] [use_node:345] [unilabos.utils.log.post_process]
26-07-30 [23:10:56,042] [DEBUG] 使用节点: '传感器状态_上位机[3].NO[11]', NodeId: ns=4;s=上位机通讯|传感器状态_上位机[3].NO[11] [use_node:345] [unilabos.utils.log.post_process]
26-07-30 [23:10:56,203] [DEBUG] 使用节点: '传感器状态_上位机[3].NO[12]', NodeId: ns=4;s=上位机通讯|传感器状态_上位机[3].NO[12] [use_node:345] [unilabos.utils.log.post_process]
26-07-30 [23:10:56,364] [DEBUG] 使用节点: '传感器状态_上位机[3].NO[13]', NodeId: ns=4;s=上位机通讯|传感器状态_上位机[3].NO[13] [use_node:345] [unilabos.utils.log.post_process]
26-07-30 [23:10:56,526] [DEBUG] 使用节点: 'S06加工完成', NodeId: ns=4;s=上位机通讯|S06加工完成 [use_node:345] [unilabos.utils.log.post_process]
26-07-30 [23:10:56,530] [TRACE] [/devices/szlab_poly_plc] 【.get_property】获取同步属性: powder_container_occupied [get_property:371] [unilabos.ros.nodes.base_device_node]
26-07-30 [23:10:56,687] [DEBUG] 使用节点: '传感器状态_上位机[3].NO[8]', NodeId: ns=4;s=上位机通讯|传感器状态_上位机[3].NO[8] [use_node:345] [unilabos.utils.log.post_process]
26-07-30 [23:10:56,848] [DEBUG] 使用节点: '传感器状态_上位机[3].NO[9]', NodeId: ns=4;s=上位机通讯|传感器状态_上位机[3].NO[9] [use_node:345] [unilabos.utils.log.post_process]
26-07-30 [23:10:56,973] [TRACE] [/devices/szlab_mixer_stirrer] 【.get_property】获取同步属性: status [get_property:371] [unilabos.ros.nodes.base_device_node]
26-07-30 [23:10:56,981] [TRACE] [/devices/szlab_mixer_photoshotting] 【.get_property】获取同步属性: last_photo_path [get_property:371] [unilabos.ros.nodes.base_device_node]
26-07-30 [23:10:56,984] [TRACE] [/devices/szlab_mixer_photoshotting] 【.get_property】获取同步属性: last_result [get_property:371] [unilabos.ros.nodes.base_device_node]
26-07-30 [23:10:56,986] [TRACE] [/devices/szlab_mixer_photoshotting] 【.get_property】获取同步属性: status [get_property:371] [unilabos.ros.nodes.base_device_node]
26-07-30 [23:10:56,990] [TRACE] [/devices/szlab_mixer_pump] 【.get_property】获取同步属性: status [get_property:371] [unilabos.ros.nodes.base_device_node]
26-07-30 [23:10:57,009] [DEBUG] 使用节点: '传感器状态_上位机[3].NO[10]', NodeId: ns=4;s=上位机通讯|传感器状态_上位机[3].NO[10] [use_node:345] [unilabos.utils.log.post_process]
26-07-30 [23:10:57,011] [TRACE] [/devices/szlab_s08_cap_station] 【.get_property】获取同步属性: last_s08_status [get_property:371] [unilabos.ros.nodes.base_device_node]
26-07-30 [23:10:57,022] [TRACE] [/devices/szlab_mixer_pipetting_station] 【.get_property】获取同步属性: status [get_property:371] [unilabos.ros.nodes.base_device_node]
26-07-30 [23:10:57,035] [TRACE] [/devices/host_node] [Host Node] Discovering devices in the network... [_discover_devices:472] [unilabos.ros.nodes.presets.host_node]
26-07-30 [23:10:57,035] [TRACE] [/devices/host_node] [Host Node] Total online devices: 9 [_discover_devices:525] [unilabos.ros.nodes.presets.host_node]
26-07-30 [23:10:57,171] [DEBUG] 使用节点: '传感器状态_上位机[3].NO[11]', NodeId: ns=4;s=上位机通讯|传感器状态_上位机[3].NO[11] [use_node:345] [unilabos.utils.log.post_process]
26-07-30 [23:10:57,332] [DEBUG] 使用节点: '传感器状态_上位机[3].NO[12]', NodeId: ns=4;s=上位机通讯|传感器状态_上位机[3].NO[12] [use_node:345] [unilabos.utils.log.post_process]
26-07-30 [23:10:57,493] [DEBUG] 使用节点: '传感器状态_上位机[3].NO[13]', NodeId: ns=4;s=上位机通讯|传感器状态_上位机[3].NO[13] [use_node:345] [unilabos.utils.log.post_process]
26-07-30 [23:10:57,654] [DEBUG] 使用节点: 'S06加工完成', NodeId: ns=4;s=上位机通讯|S06加工完成 [use_node:345] [unilabos.utils.log.post_process]
26-07-30 [23:10:57,657] [TRACE] [/devices/szlab_poly_plc] 【.get_property】获取同步属性: powder_container_occupied [get_property:371] [unilabos.ros.nodes.base_device_node]
26-07-30 [23:10:58,181] [DEBUG] 使用节点: '传感器状态_上位机[3].NO[8]', NodeId: ns=4;s=上位机通讯|传感器状态_上位机[3].NO[8] [use_node:345] [unilabos.utils.log.post_process]
26-07-30 [23:10:58,343] [DEBUG] 使用节点: '传感器状态_上位机[3].NO[9]', NodeId: ns=4;s=上位机通讯|传感器状态_上位机[3].NO[9] [use_node:345] [unilabos.utils.log.post_process]
26-07-30 [23:10:58,504] [DEBUG] 使用节点: '传感器状态_上位机[3].NO[10]', NodeId: ns=4;s=上位机通讯|传感器状态_上位机[3].NO[10] [use_node:345] [unilabos.utils.log.post_process]
26-07-30 [23:10:58,665] [DEBUG] 使用节点: '传感器状态_上位机[3].NO[11]', NodeId: ns=4;s=上位机通讯|传感器状态_上位机[3].NO[11] [use_node:345] [unilabos.utils.log.post_process]
26-07-30 [23:10:58,826] [DEBUG] 使用节点: '传感器状态_上位机[3].NO[12]', NodeId: ns=4;s=上位机通讯|传感器状态_上位机[3].NO[12] [use_node:345] [unilabos.utils.log.post_process]
26-07-30 [23:10:58,988] [DEBUG] 使用节点: '传感器状态_上位机[3].NO[13]', NodeId: ns=4;s=上位机通讯|传感器状态_上位机[3].NO[13] [use_node:345] [unilabos.utils.log.post_process]
26-07-30 [23:10:59,011] [TRACE] [/devices/szlab_s08_cap_station] 【.get_property】获取同步属性: last_s08_status [get_property:371] [unilabos.ros.nodes.base_device_node]
26-07-30 [23:10:59,149] [DEBUG] 使用节点: 'S06加工完成', NodeId: ns=4;s=上位机通讯|S06加工完成 [use_node:345] [unilabos.utils.log.post_process]
26-07-30 [23:10:59,153] [TRACE] [/devices/szlab_poly_plc] 【.get_property】获取同步属性: powder_container_occupied [get_property:371] [unilabos.ros.nodes.base_device_node]
26-07-30 [23:11:00,069] [DEBUG] 使用节点: '传感器状态_上位机[3].NO[8]', NodeId: ns=4;s=上位机通讯|传感器状态_上位机[3].NO[8] [use_node:345] [unilabos.utils.log.post_process]
26-07-30 [23:11:00,230] [DEBUG] 使用节点: '传感器状态_上位机[3].NO[9]', NodeId: ns=4;s=上位机通讯|传感器状态_上位机[3].NO[9] [use_node:345] [unilabos.utils.log.post_process]
26-07-30 [23:11:00,391] [DEBUG] 使用节点: '传感器状态_上位机[3].NO[10]', NodeId: ns=4;s=上位机通讯|传感器状态_上位机[3].NO[10] [use_node:345] [unilabos.utils.log.post_process]
26-07-30 [23:11:00,552] [DEBUG] 使用节点: '传感器状态_上位机[3].NO[11]', NodeId: ns=4;s=上位机通讯|传感器状态_上位机[3].NO[11] [use_node:345] [unilabos.utils.log.post_process]
26-07-30 [23:11:00,713] [DEBUG] 使用节点: '传感器状态_上位机[3].NO[12]', NodeId: ns=4;s=上位机通讯|传感器状态_上位机[3].NO[12] [use_node:345] [unilabos.utils.log.post_process]
26-07-30 [23:11:00,874] [DEBUG] 使用节点: '传感器状态_上位机[3].NO[13]', NodeId: ns=4;s=上位机通讯|传感器状态_上位机[3].NO[13] [use_node:345] [unilabos.utils.log.post_process]
26-07-30 [23:11:01,011] [TRACE] [/devices/szlab_s08_cap_station] 【.get_property】获取同步属性: last_s08_status [get_property:371] [unilabos.ros.nodes.base_device_node]
26-07-30 [23:11:01,035] [DEBUG] 使用节点: 'S06加工完成', NodeId: ns=4;s=上位机通讯|S06加工完成 [use_node:345] [unilabos.utils.log.post_process]
26-07-30 [23:11:01,038] [TRACE] [/devices/szlab_poly_plc] 【.get_property】获取同步属性: powder_container_occupied [get_property:371] [unilabos.ros.nodes.base_device_node]
26-07-30 [23:11:01,198] [DEBUG] 使用节点: '传感器状态_上位机[3].NO[8]', NodeId: ns=4;s=上位机通讯|传感器状态_上位机[3].NO[8] [use_node:345] [unilabos.utils.log.post_process]
26-07-30 [23:11:01,359] [DEBUG] 使用节点: '传感器状态_上位机[3].NO[9]', NodeId: ns=4;s=上位机通讯|传感器状态_上位机[3].NO[9] [use_node:345] [unilabos.utils.log.post_process]
26-07-30 [23:11:01,520] [DEBUG] 使用节点: '传感器状态_上位机[3].NO[10]', NodeId: ns=4;s=上位机通讯|传感器状态_上位机[3].NO[10] [use_node:345] [unilabos.utils.log.post_process]
26-07-30 [23:11:01,681] [DEBUG] 使用节点: '传感器状态_上位机[3].NO[11]', NodeId: ns=4;s=上位机通讯|传感器状态_上位机[3].NO[11] [use_node:345] [unilabos.utils.log.post_process]
26-07-30 [23:11:01,974] [TRACE] [/devices/szlab_mixer_stirrer] 【.get_property】获取同步属性: status [get_property:371] [unilabos.ros.nodes.base_device_node]
26-07-30 [23:11:01,982] [TRACE] [/devices/szlab_mixer_photoshotting] 【.get_property】获取同步属性: last_photo_path [get_property:371] [unilabos.ros.nodes.base_device_node]
26-07-30 [23:11:01,984] [TRACE] [/devices/szlab_mixer_photoshotting] 【.get_property】获取同步属性: status [get_property:371] [unilabos.ros.nodes.base_device_node]
26-07-30 [23:11:01,985] [TRACE] [/devices/szlab_mixer_photoshotting] 【.get_property】获取同步属性: last_result [get_property:371] [unilabos.ros.nodes.base_device_node]
26-07-30 [23:11:01,992] [TRACE] [/devices/szlab_mixer_pump] 【.get_property】获取同步属性: status [get_property:371] [unilabos.ros.nodes.base_device_node]
26-07-30 [23:11:02,023] [TRACE] [/devices/szlab_mixer_pipetting_station] 【.get_property】获取同步属性: status [get_property:371] [unilabos.ros.nodes.base_device_node]
26-07-30 [23:11:02,213] [DEBUG] 使用节点: '传感器状态_上位机[3].NO[12]', NodeId: ns=4;s=上位机通讯|传感器状态_上位机[3].NO[12] [use_node:345] [unilabos.utils.log.post_process]
26-07-30 [23:11:02,374] [DEBUG] 使用节点: '传感器状态_上位机[3].NO[13]', NodeId: ns=4;s=上位机通讯|传感器状态_上位机[3].NO[13] [use_node:345] [unilabos.utils.log.post_process]
26-07-30 [23:11:02,917] [DEBUG] 使用节点: 'S06加工完成', NodeId: ns=4;s=上位机通讯|S06加工完成 [use_node:345] [unilabos.utils.log.post_process]
26-07-30 [23:11:02,921] [TRACE] [/devices/szlab_poly_plc] 【.get_property】获取同步属性: powder_container_occupied [get_property:371] [unilabos.ros.nodes.base_device_node]
26-07-30 [23:11:03,012] [TRACE] [/devices/szlab_s08_cap_station] 【.get_property】获取同步属性: last_s08_status [get_property:371] [unilabos.ros.nodes.base_device_node]
26-07-30 [23:11:03,469] [DEBUG] 使用节点: '传感器状态_上位机[3].NO[8]', NodeId: ns=4;s=上位机通讯|传感器状态_上位机[3].NO[8] [use_node:345] [unilabos.utils.log.post_process]
26-07-30 [23:11:03,630] [DEBUG] 使用节点: '传感器状态_上位机[3].NO[9]', NodeId: ns=4;s=上位机通讯|传感器状态_上位机[3].NO[9] [use_node:345] [unilabos.utils.log.post_process]
26-07-30 [23:11:03,791] [DEBUG] 使用节点: '传感器状态_上位机[3].NO[10]', NodeId: ns=4;s=上位机通讯|传感器状态_上位机[3].NO[10] [use_node:345] [unilabos.utils.log.post_process]
26-07-30 [23:11:03,952] [DEBUG] 使用节点: '传感器状态_上位机[3].NO[11]', NodeId: ns=4;s=上位机通讯|传感器状态_上位机[3].NO[11] [use_node:345] [unilabos.utils.log.post_process]
26-07-30 [23:11:04,485] [DEBUG] 使用节点: '传感器状态_上位机[3].NO[12]', NodeId: ns=4;s=上位机通讯|传感器状态_上位机[3].NO[12] [use_node:345] [unilabos.utils.log.post_process]
26-07-30 [23:11:04,647] [DEBUG] 使用节点: '传感器状态_上位机[3].NO[13]', NodeId: ns=4;s=上位机通讯|传感器状态_上位机[3].NO[13] [use_node:345] [unilabos.utils.log.post_process]
26-07-30 [23:11:05,012] [TRACE] [/devices/szlab_s08_cap_station] 【.get_property】获取同步属性: last_s08_status [get_property:371] [unilabos.ros.nodes.base_device_node]
26-07-30 [23:11:05,573] [DEBUG] 使用节点: 'S06加工完成', NodeId: ns=4;s=上位机通讯|S06加工完成 [use_node:345] [unilabos.utils.log.post_process]
26-07-30 [23:11:05,577] [TRACE] [/devices/szlab_poly_plc] 【.get_property】获取同步属性: powder_container_occupied [get_property:371] [unilabos.ros.nodes.base_device_node]
26-07-30 [23:11:05,734] [DEBUG] 使用节点: '传感器状态_上位机[3].NO[8]', NodeId: ns=4;s=上位机通讯|传感器状态_上位机[3].NO[8] [use_node:345] [unilabos.utils.log.post_process]
26-07-30 [23:11:05,895] [DEBUG] 使用节点: '传感器状态_上位机[3].NO[9]', NodeId: ns=4;s=上位机通讯|传感器状态_上位机[3].NO[9] [use_node:345] [unilabos.utils.log.post_process]
26-07-30 [23:11:06,056] [DEBUG] 使用节点: '传感器状态_上位机[3].NO[10]', NodeId: ns=4;s=上位机通讯|传感器状态_上位机[3].NO[10] [use_node:345] [unilabos.utils.log.post_process]
26-07-30 [23:11:06,597] [DEBUG] 使用节点: '传感器状态_上位机[3].NO[11]', NodeId: ns=4;s=上位机通讯|传感器状态_上位机[3].NO[11] [use_node:345] [unilabos.utils.log.post_process]
26-07-30 [23:11:06,758] [DEBUG] 使用节点: '传感器状态_上位机[3].NO[12]', NodeId: ns=4;s=上位机通讯|传感器状态_上位机[3].NO[12] [use_node:345] [unilabos.utils.log.post_process]
26-07-30 [23:11:06,919] [DEBUG] 使用节点: '传感器状态_上位机[3].NO[13]', NodeId: ns=4;s=上位机通讯|传感器状态_上位机[3].NO[13] [use_node:345] [unilabos.utils.log.post_process]
26-07-30 [23:11:06,974] [TRACE] [/devices/szlab_mixer_stirrer] 【.get_property】获取同步属性: status [get_property:371] [unilabos.ros.nodes.base_device_node]
26-07-30 [23:11:06,981] [TRACE] [/devices/szlab_mixer_photoshotting] 【.get_property】获取同步属性: last_photo_path [get_property:371] [unilabos.ros.nodes.base_device_node]
26-07-30 [23:11:06,982] [TRACE] [/devices/szlab_mixer_photoshotting] 【.get_property】获取同步属性: last_result [get_property:371] [unilabos.ros.nodes.base_device_node]
26-07-30 [23:11:06,984] [TRACE] [/devices/szlab_mixer_photoshotting] 【.get_property】获取同步属性: status [get_property:371] [unilabos.ros.nodes.base_device_node]
26-07-30 [23:11:06,990] [TRACE] [/devices/szlab_mixer_pump] 【.get_property】获取同步属性: status [get_property:371] [unilabos.ros.nodes.base_device_node]
26-07-30 [23:11:07,011] [TRACE] [/devices/szlab_s08_cap_station] 【.get_property】获取同步属性: last_s08_status [get_property:371] [unilabos.ros.nodes.base_device_node]
26-07-30 [23:11:07,022] [TRACE] [/devices/szlab_mixer_pipetting_station] 【.get_property】获取同步属性: status [get_property:371] [unilabos.ros.nodes.base_device_node]
26-07-30 [23:11:07,080] [DEBUG] 使用节点: 'S06加工完成', NodeId: ns=4;s=上位机通讯|S06加工完成 [use_node:345] [unilabos.utils.log.post_process]
26-07-30 [23:11:07,084] [TRACE] [/devices/szlab_poly_plc] 【.get_property】获取同步属性: powder_container_occupied [get_property:371] [unilabos.ros.nodes.base_device_node]
26-07-30 [23:11:07,241] [DEBUG] 使用节点: '传感器状态_上位机[3].NO[8]', NodeId: ns=4;s=上位机通讯|传感器状态_上位机[3].NO[8] [use_node:345] [unilabos.utils.log.post_process]
26-07-30 [23:11:07,407] [DEBUG] 使用节点: '传感器状态_上位机[3].NO[9]', NodeId: ns=4;s=上位机通讯|传感器状态_上位机[3].NO[9] [use_node:345] [unilabos.utils.log.post_process]
26-07-30 [23:11:07,941] [DEBUG] 使用节点: '传感器状态_上位机[3].NO[10]', NodeId: ns=4;s=上位机通讯|传感器状态_上位机[3].NO[10] [use_node:345] [unilabos.utils.log.post_process]
26-07-30 [23:11:08,102] [DEBUG] 使用节点: '传感器状态_上位机[3].NO[11]', NodeId: ns=4;s=上位机通讯|传感器状态_上位机[3].NO[11] [use_node:345] [unilabos.utils.log.post_process]
26-07-30 [23:11:08,263] [DEBUG] 使用节点: '传感器状态_上位机[3].NO[12]', NodeId: ns=4;s=上位机通讯|传感器状态_上位机[3].NO[12] [use_node:345] [unilabos.utils.log.post_process]
26-07-30 [23:11:08,424] [DEBUG] 使用节点: '传感器状态_上位机[3].NO[13]', NodeId: ns=4;s=上位机通讯|传感器状态_上位机[3].NO[13] [use_node:345] [unilabos.utils.log.post_process]
26-07-30 [23:11:08,585] [DEBUG] 使用节点: 'S06加工完成', NodeId: ns=4;s=上位机通讯|S06加工完成 [use_node:345] [unilabos.utils.log.post_process]
26-07-30 [23:11:08,589] [TRACE] [/devices/szlab_poly_plc] 【.get_property】获取同步属性: powder_container_occupied [get_property:371] [unilabos.ros.nodes.base_device_node]
26-07-30 [23:11:08,746] [DEBUG] 使用节点: '传感器状态_上位机[3].NO[8]', NodeId: ns=4;s=上位机通讯|传感器状态_上位机[3].NO[8] [use_node:345] [unilabos.utils.log.post_process]
26-07-30 [23:11:08,907] [DEBUG] 使用节点: '传感器状态_上位机[3].NO[9]', NodeId: ns=4;s=上位机通讯|传感器状态_上位机[3].NO[9] [use_node:345] [unilabos.utils.log.post_process]
26-07-30 [23:11:09,011] [TRACE] [/devices/szlab_s08_cap_station] 【.get_property】获取同步属性: last_s08_status [get_property:371] [unilabos.ros.nodes.base_device_node]
26-07-30 [23:11:09,069] [DEBUG] 使用节点: '传感器状态_上位机[3].NO[10]', NodeId: ns=4;s=上位机通讯|传感器状态_上位机[3].NO[10] [use_node:345] [unilabos.utils.log.post_process]
26-07-30 [23:11:09,605] [DEBUG] 使用节点: '传感器状态_上位机[3].NO[11]', NodeId: ns=4;s=上位机通讯|传感器状态_上位机[3].NO[11] [use_node:345] [unilabos.utils.log.post_process]
26-07-30 [23:11:09,768] [DEBUG] 使用节点: '传感器状态_上位机[3].NO[12]', NodeId: ns=4;s=上位机通讯|传感器状态_上位机[3].NO[12] [use_node:345] [unilabos.utils.log.post_process]
26-07-30 [23:11:09,930] [DEBUG] 使用节点: '传感器状态_上位机[3].NO[13]', NodeId: ns=4;s=上位机通讯|传感器状态_上位机[3].NO[13] [use_node:345] [unilabos.utils.log.post_process]
26-07-30 [23:11:10,091] [DEBUG] 使用节点: 'S06加工完成', NodeId: ns=4;s=上位机通讯|S06加工完成 [use_node:345] [unilabos.utils.log.post_process]
26-07-30 [23:11:10,095] [TRACE] [/devices/szlab_poly_plc] 【.get_property】获取同步属性: powder_container_occupied [get_property:371] [unilabos.ros.nodes.base_device_node]
26-07-30 [23:11:10,629] [DEBUG] 使用节点: '传感器状态_上位机[3].NO[8]', NodeId: ns=4;s=上位机通讯|传感器状态_上位机[3].NO[8] [use_node:345] [unilabos.utils.log.post_process]
26-07-30 [23:11:10,790] [DEBUG] 使用节点: '传感器状态_上位机[3].NO[9]', NodeId: ns=4;s=上位机通讯|传感器状态_上位机[3].NO[9] [use_node:345] [unilabos.utils.log.post_process]
26-07-30 [23:11:10,951] [DEBUG] 使用节点: '传感器状态_上位机[3].NO[10]', NodeId: ns=4;s=上位机通讯|传感器状态_上位机[3].NO[10] [use_node:345] [unilabos.utils.log.post_process]
26-07-30 [23:11:11,011] [TRACE] [/devices/szlab_s08_cap_station] 【.get_property】获取同步属性: last_s08_status [get_property:371] [unilabos.ros.nodes.base_device_node]
26-07-30 [23:11:11,112] [DEBUG] 使用节点: '传感器状态_上位机[3].NO[11]', NodeId: ns=4;s=上位机通讯|传感器状态_上位机[3].NO[11] [use_node:345] [unilabos.utils.log.post_process]
26-07-30 [23:11:11,653] [DEBUG] 使用节点: '传感器状态_上位机[3].NO[12]', NodeId: ns=4;s=上位机通讯|传感器状态_上位机[3].NO[12] [use_node:345] [unilabos.utils.log.post_process]
26-07-30 [23:11:11,814] [DEBUG] 使用节点: '传感器状态_上位机[3].NO[13]', NodeId: ns=4;s=上位机通讯|传感器状态_上位机[3].NO[13] [use_node:345] [unilabos.utils.log.post_process]
26-07-30 [23:11:11,973] [TRACE] [/devices/szlab_mixer_stirrer] 【.get_property】获取同步属性: status [get_property:371] [unilabos.ros.nodes.base_device_node]
26-07-30 [23:11:11,977] [DEBUG] 使用节点: 'S06加工完成', NodeId: ns=4;s=上位机通讯|S06加工完成 [use_node:345] [unilabos.utils.log.post_process]
26-07-30 [23:11:11,980] [TRACE] [/devices/szlab_poly_plc] 【.get_property】获取同步属性: powder_container_occupied [get_property:371] [unilabos.ros.nodes.base_device_node]
26-07-30 [23:11:11,981] [TRACE] [/devices/szlab_mixer_photoshotting] 【.get_property】获取同步属性: last_photo_path [get_property:371] [unilabos.ros.nodes.base_device_node]
26-07-30 [23:11:11,982] [TRACE] [/devices/szlab_mixer_photoshotting] 【.get_property】获取同步属性: last_result [get_property:371] [unilabos.ros.nodes.base_device_node]
26-07-30 [23:11:11,984] [TRACE] [/devices/szlab_mixer_photoshotting] 【.get_property】获取同步属性: status [get_property:371] [unilabos.ros.nodes.base_device_node]
26-07-30 [23:11:11,990] [TRACE] [/devices/szlab_mixer_pump] 【.get_property】获取同步属性: status [get_property:371] [unilabos.ros.nodes.base_device_node]
26-07-30 [23:11:12,022] [TRACE] [/devices/szlab_mixer_pipetting_station] 【.get_property】获取同步属性: status [get_property:371] [unilabos.ros.nodes.base_device_node]
26-07-30 [23:11:12,035] [TRACE] [/devices/host_node] [Host Node] Discovering devices in the network... [_discover_devices:472] [unilabos.ros.nodes.presets.host_node]
26-07-30 [23:11:12,035] [TRACE] [/devices/host_node] [Host Node] Total online devices: 9 [_discover_devices:525] [unilabos.ros.nodes.presets.host_node]
26-07-30 [23:11:12,139] [DEBUG] 使用节点: '传感器状态_上位机[3].NO[8]', NodeId: ns=4;s=上位机通讯|传感器状态_上位机[3].NO[8] [use_node:345] [unilabos.utils.log.post_process]
26-07-30 [23:11:12,300] [DEBUG] 使用节点: '传感器状态_上位机[3].NO[9]', NodeId: ns=4;s=上位机通讯|传感器状态_上位机[3].NO[9] [use_node:345] [unilabos.utils.log.post_process]
26-07-30 [23:11:12,837] [DEBUG] 使用节点: '传感器状态_上位机[3].NO[10]', NodeId: ns=4;s=上位机通讯|传感器状态_上位机[3].NO[10] [use_node:345] [unilabos.utils.log.post_process]
26-07-30 [23:11:12,998] [DEBUG] 使用节点: '传感器状态_上位机[3].NO[11]', NodeId: ns=4;s=上位机通讯|传感器状态_上位机[3].NO[11] [use_node:345] [unilabos.utils.log.post_process]
26-07-30 [23:11:13,011] [TRACE] [/devices/szlab_s08_cap_station] 【.get_property】获取同步属性: last_s08_status [get_property:371] [unilabos.ros.nodes.base_device_node]
26-07-30 [23:11:13,159] [DEBUG] 使用节点: '传感器状态_上位机[3].NO[12]', NodeId: ns=4;s=上位机通讯|传感器状态_上位机[3].NO[12] [use_node:345] [unilabos.utils.log.post_process]
26-07-30 [23:11:13,320] [DEBUG] 使用节点: '传感器状态_上位机[3].NO[13]', NodeId: ns=4;s=上位机通讯|传感器状态_上位机[3].NO[13] [use_node:345] [unilabos.utils.log.post_process]
26-07-30 [23:11:13,482] [DEBUG] 使用节点: 'S06加工完成', NodeId: ns=4;s=上位机通讯|S06加工完成 [use_node:345] [unilabos.utils.log.post_process]
26-07-30 [23:11:13,486] [TRACE] [/devices/szlab_poly_plc] 【.get_property】获取同步属性: powder_container_occupied [get_property:371] [unilabos.ros.nodes.base_device_node]
26-07-30 [23:11:14,021] [DEBUG] 使用节点: '传感器状态_上位机[3].NO[8]', NodeId: ns=4;s=上位机通讯|传感器状态_上位机[3].NO[8] [use_node:345] [unilabos.utils.log.post_process]
26-07-30 [23:11:14,573] [DEBUG] 使用节点: '传感器状态_上位机[3].NO[9]', NodeId: ns=4;s=上位机通讯|传感器状态_上位机[3].NO[9] [use_node:345] [unilabos.utils.log.post_process]
26-07-30 [23:11:15,011] [TRACE] [/devices/szlab_s08_cap_station] 【.get_property】获取同步属性: last_s08_status [get_property:371] [unilabos.ros.nodes.base_device_node]
26-07-30 [23:11:15,109] [DEBUG] 使用节点: '传感器状态_上位机[3].NO[10]', NodeId: ns=4;s=上位机通讯|传感器状态_上位机[3].NO[10] [use_node:345] [unilabos.utils.log.post_process]
26-07-30 [23:11:15,270] [DEBUG] 使用节点: '传感器状态_上位机[3].NO[11]', NodeId: ns=4;s=上位机通讯|传感器状态_上位机[3].NO[11] [use_node:345] [unilabos.utils.log.post_process]
26-07-30 [23:11:15,431] [DEBUG] 使用节点: '传感器状态_上位机[3].NO[12]', NodeId: ns=4;s=上位机通讯|传感器状态_上位机[3].NO[12] [use_node:345] [unilabos.utils.log.post_process]
26-07-30 [23:11:15,593] [DEBUG] 使用节点: '传感器状态_上位机[3].NO[13]', NodeId: ns=4;s=上位机通讯|传感器状态_上位机[3].NO[13] [use_node:345] [unilabos.utils.log.post_process]
26-07-30 [23:11:15,754] [DEBUG] 使用节点: 'S06加工完成', NodeId: ns=4;s=上位机通讯|S06加工完成 [use_node:345] [unilabos.utils.log.post_process]
26-07-30 [23:11:15,758] [TRACE] [/devices/szlab_poly_plc] 【.get_property】获取同步属性: powder_container_occupied [get_property:371] [unilabos.ros.nodes.base_device_node]
26-07-30 [23:11:16,293] [DEBUG] 使用节点: '传感器状态_上位机[3].NO[8]', NodeId: ns=4;s=上位机通讯|传感器状态_上位机[3].NO[8] [use_node:345] [unilabos.utils.log.post_process]
26-07-30 [23:11:16,454] [DEBUG] 使用节点: '传感器状态_上位机[3].NO[9]', NodeId: ns=4;s=上位机通讯|传感器状态_上位机[3].NO[9] [use_node:345] [unilabos.utils.log.post_process]
26-07-30 [23:11:16,616] [DEBUG] 使用节点: '传感器状态_上位机[3].NO[10]', NodeId: ns=4;s=上位机通讯|传感器状态_上位机[3].NO[10] [use_node:345] [unilabos.utils.log.post_process]
26-07-30 [23:11:16,777] [DEBUG] 使用节点: '传感器状态_上位机[3].NO[11]', NodeId: ns=4;s=上位机通讯|传感器状态_上位机[3].NO[11] [use_node:345] [unilabos.utils.log.post_process]
26-07-30 [23:11:16,938] [DEBUG] 使用节点: '传感器状态_上位机[3].NO[12]', NodeId: ns=4;s=上位机通讯|传感器状态_上位机[3].NO[12] [use_node:345] [unilabos.utils.log.post_process]
26-07-30 [23:11:16,973] [TRACE] [/devices/szlab_mixer_stirrer] 【.get_property】获取同步属性: status [get_property:371] [unilabos.ros.nodes.base_device_node]
26-07-30 [23:11:16,981] [TRACE] [/devices/szlab_mixer_photoshotting] 【.get_property】获取同步属性: last_photo_path [get_property:371] [unilabos.ros.nodes.base_device_node]
26-07-30 [23:11:16,982] [TRACE] [/devices/szlab_mixer_photoshotting] 【.get_property】获取同步属性: last_result [get_property:371] [unilabos.ros.nodes.base_device_node]
26-07-30 [23:11:16,985] [TRACE] [/devices/szlab_mixer_photoshotting] 【.get_property】获取同步属性: status [get_property:371] [unilabos.ros.nodes.base_device_node]
26-07-30 [23:11:16,990] [TRACE] [/devices/szlab_mixer_pump] 【.get_property】获取同步属性: status [get_property:371] [unilabos.ros.nodes.base_device_node]
26-07-30 [23:11:17,011] [TRACE] [/devices/szlab_s08_cap_station] 【.get_property】获取同步属性: last_s08_status [get_property:371] [unilabos.ros.nodes.base_device_node]
26-07-30 [23:11:17,022] [TRACE] [/devices/szlab_mixer_pipetting_station] 【.get_property】获取同步属性: status [get_property:371] [unilabos.ros.nodes.base_device_node]
26-07-30 [23:11:17,099] [DEBUG] 使用节点: '传感器状态_上位机[3].NO[13]', NodeId: ns=4;s=上位机通讯|传感器状态_上位机[3].NO[13] [use_node:345] [unilabos.utils.log.post_process]
26-07-30 [23:11:17,261] [DEBUG] 使用节点: 'S06加工完成', NodeId: ns=4;s=上位机通讯|S06加工完成 [use_node:345] [unilabos.utils.log.post_process]
26-07-30 [23:11:17,264] [TRACE] [/devices/szlab_poly_plc] 【.get_property】获取同步属性: powder_container_occupied [get_property:371] [unilabos.ros.nodes.base_device_node]
26-07-30 [23:11:17,422] [DEBUG] 使用节点: '传感器状态_上位机[3].NO[8]', NodeId: ns=4;s=上位机通讯|传感器状态_上位机[3].NO[8] [use_node:345] [unilabos.utils.log.post_process]
26-07-30 [23:11:17,584] [DEBUG] 使用节点: '传感器状态_上位机[3].NO[9]', NodeId: ns=4;s=上位机通讯|传感器状态_上位机[3].NO[9] [use_node:345] [unilabos.utils.log.post_process]
26-07-30 [23:11:17,745] [DEBUG] 使用节点: '传感器状态_上位机[3].NO[10]', NodeId: ns=4;s=上位机通讯|传感器状态_上位机[3].NO[10] [use_node:345] [unilabos.utils.log.post_process]
26-07-30 [23:11:18,277] [DEBUG] 使用节点: '传感器状态_上位机[3].NO[11]', NodeId: ns=4;s=上位机通讯|传感器状态_上位机[3].NO[11] [use_node:345] [unilabos.utils.log.post_process]
26-07-30 [23:11:18,829] [DEBUG] 使用节点: '传感器状态_上位机[3].NO[12]', NodeId: ns=4;s=上位机通讯|传感器状态_上位机[3].NO[12] [use_node:345] [unilabos.utils.log.post_process]
26-07-30 [23:11:19,011] [TRACE] [/devices/szlab_s08_cap_station] 【.get_property】获取同步属性: last_s08_status [get_property:371] [unilabos.ros.nodes.base_device_node]
26-07-30 [23:11:19,365] [DEBUG] 使用节点: '传感器状态_上位机[3].NO[13]', NodeId: ns=4;s=上位机通讯|传感器状态_上位机[3].NO[13] [use_node:345] [unilabos.utils.log.post_process]
26-07-30 [23:11:19,527] [DEBUG] 使用节点: 'S06加工完成', NodeId: ns=4;s=上位机通讯|S06加工完成 [use_node:345] [unilabos.utils.log.post_process]
26-07-30 [23:11:19,531] [TRACE] [/devices/szlab_poly_plc] 【.get_property】获取同步属性: powder_container_occupied [get_property:371] [unilabos.ros.nodes.base_device_node]
26-07-30 [23:11:19,689] [DEBUG] 使用节点: '传感器状态_上位机[3].NO[8]', NodeId: ns=4;s=上位机通讯|传感器状态_上位机[3].NO[8] [use_node:345] [unilabos.utils.log.post_process]
26-07-30 [23:11:19,851] [DEBUG] 使用节点: '传感器状态_上位机[3].NO[9]', NodeId: ns=4;s=上位机通讯|传感器状态_上位机[3].NO[9] [use_node:345] [unilabos.utils.log.post_process]
26-07-30 [23:11:20,012] [DEBUG] 使用节点: '传感器状态_上位机[3].NO[10]', NodeId: ns=4;s=上位机通讯|传感器状态_上位机[3].NO[10] [use_node:345] [unilabos.utils.log.post_process]
26-07-30 [23:11:20,174] [DEBUG] 使用节点: '传感器状态_上位机[3].NO[11]', NodeId: ns=4;s=上位机通讯|传感器状态_上位机[3].NO[11] [use_node:345] [unilabos.utils.log.post_process]
26-07-30 [23:11:20,713] [DEBUG] 使用节点: '传感器状态_上位机[3].NO[12]', NodeId: ns=4;s=上位机通讯|传感器状态_上位机[3].NO[12] [use_node:345] [unilabos.utils.log.post_process]
26-07-30 [23:11:20,875] [DEBUG] 使用节点: '传感器状态_上位机[3].NO[13]', NodeId: ns=4;s=上位机通讯|传感器状态_上位机[3].NO[13] [use_node:345] [unilabos.utils.log.post_process]
26-07-30 [23:11:21,011] [TRACE] [/devices/szlab_s08_cap_station] 【.get_property】获取同步属性: last_s08_status [get_property:371] [unilabos.ros.nodes.base_device_node]
26-07-30 [23:11:21,036] [DEBUG] 使用节点: 'S06加工完成', NodeId: ns=4;s=上位机通讯|S06加工完成 [use_node:345] [unilabos.utils.log.post_process]
26-07-30 [23:11:21,040] [TRACE] [/devices/szlab_poly_plc] 【.get_property】获取同步属性: powder_container_occupied [get_property:371] [unilabos.ros.nodes.base_device_node]
26-07-30 [23:11:21,197] [DEBUG] 使用节点: '传感器状态_上位机[3].NO[8]', NodeId: ns=4;s=上位机通讯|传感器状态_上位机[3].NO[8] [use_node:345] [unilabos.utils.log.post_process]
26-07-30 [23:11:21,359] [DEBUG] 使用节点: '传感器状态_上位机[3].NO[9]', NodeId: ns=4;s=上位机通讯|传感器状态_上位机[3].NO[9] [use_node:345] [unilabos.utils.log.post_process]
26-07-30 [23:11:21,521] [DEBUG] 使用节点: '传感器状态_上位机[3].NO[10]', NodeId: ns=4;s=上位机通讯|传感器状态_上位机[3].NO[10] [use_node:345] [unilabos.utils.log.post_process]
26-07-30 [23:11:21,682] [DEBUG] 使用节点: '传感器状态_上位机[3].NO[11]', NodeId: ns=4;s=上位机通讯|传感器状态_上位机[3].NO[11] [use_node:345] [unilabos.utils.log.post_process]
26-07-30 [23:11:21,843] [DEBUG] 使用节点: '传感器状态_上位机[3].NO[12]', NodeId: ns=4;s=上位机通讯|传感器状态_上位机[3].NO[12] [use_node:345] [unilabos.utils.log.post_process]
26-07-30 [23:11:21,974] [TRACE] [/devices/szlab_mixer_stirrer] 【.get_property】获取同步属性: status [get_property:371] [unilabos.ros.nodes.base_device_node]
26-07-30 [23:11:21,981] [TRACE] [/devices/szlab_mixer_photoshotting] 【.get_property】获取同步属性: last_photo_path [get_property:371] [unilabos.ros.nodes.base_device_node]
26-07-30 [23:11:21,984] [TRACE] [/devices/szlab_mixer_photoshotting] 【.get_property】获取同步属性: last_result [get_property:371] [unilabos.ros.nodes.base_device_node]
26-07-30 [23:11:21,987] [TRACE] [/devices/szlab_mixer_photoshotting] 【.get_property】获取同步属性: status [get_property:371] [unilabos.ros.nodes.base_device_node]
26-07-30 [23:11:21,990] [TRACE] [/devices/szlab_mixer_pump] 【.get_property】获取同步属性: status [get_property:371] [unilabos.ros.nodes.base_device_node]
26-07-30 [23:11:22,005] [DEBUG] 使用节点: '传感器状态_上位机[3].NO[13]', NodeId: ns=4;s=上位机通讯|传感器状态_上位机[3].NO[13] [use_node:345] [unilabos.utils.log.post_process]
26-07-30 [23:11:22,022] [TRACE] [/devices/szlab_mixer_pipetting_station] 【.get_property】获取同步属性: status [get_property:371] [unilabos.ros.nodes.base_device_node]
26-07-30 [23:11:22,167] [DEBUG] 使用节点: 'S06加工完成', NodeId: ns=4;s=上位机通讯|S06加工完成 [use_node:345] [unilabos.utils.log.post_process]
26-07-30 [23:11:22,171] [TRACE] [/devices/szlab_poly_plc] 【.get_property】获取同步属性: powder_container_occupied [get_property:371] [unilabos.ros.nodes.base_device_node]
26-07-30 [23:11:22,329] [DEBUG] 使用节点: '传感器状态_上位机[3].NO[8]', NodeId: ns=4;s=上位机通讯|传感器状态_上位机[3].NO[8] [use_node:345] [unilabos.utils.log.post_process]
26-07-30 [23:11:23,012] [TRACE] [/devices/szlab_s08_cap_station] 【.get_property】获取同步属性: last_s08_status [get_property:371] [unilabos.ros.nodes.base_device_node]
26-07-30 [23:11:24,005] [DEBUG] 使用节点: '传感器状态_上位机[3].NO[9]', NodeId: ns=4;s=上位机通讯|传感器状态_上位机[3].NO[9] [use_node:345] [unilabos.utils.log.post_process]
26-07-30 [23:11:24,166] [DEBUG] 使用节点: '传感器状态_上位机[3].NO[10]', NodeId: ns=4;s=上位机通讯|传感器状态_上位机[3].NO[10] [use_node:345] [unilabos.utils.log.post_process]
26-07-30 [23:11:24,328] [DEBUG] 使用节点: '传感器状态_上位机[3].NO[11]', NodeId: ns=4;s=上位机通讯|传感器状态_上位机[3].NO[11] [use_node:345] [unilabos.utils.log.post_process]
26-07-30 [23:11:24,869] [DEBUG] 使用节点: '传感器状态_上位机[3].NO[12]', NodeId: ns=4;s=上位机通讯|传感器状态_上位机[3].NO[12] [use_node:345] [unilabos.utils.log.post_process]
26-07-30 [23:11:25,012] [TRACE] [/devices/szlab_s08_cap_station] 【.get_property】获取同步属性: last_s08_status [get_property:371] [unilabos.ros.nodes.base_device_node]
26-07-30 [23:11:25,031] [DEBUG] 使用节点: '传感器状态_上位机[3].NO[13]', NodeId: ns=4;s=上位机通讯|传感器状态_上位机[3].NO[13] [use_node:345] [unilabos.utils.log.post_process]
26-07-30 [23:11:25,193] [DEBUG] 使用节点: 'S06加工完成', NodeId: ns=4;s=上位机通讯|S06加工完成 [use_node:345] [unilabos.utils.log.post_process]
26-07-30 [23:11:25,197] [TRACE] [/devices/szlab_poly_plc] 【.get_property】获取同步属性: powder_container_occupied [get_property:371] [unilabos.ros.nodes.base_device_node]
26-07-30 [23:11:25,733] [DEBUG] 使用节点: '传感器状态_上位机[3].NO[8]', NodeId: ns=4;s=上位机通讯|传感器状态_上位机[3].NO[8] [use_node:345] [unilabos.utils.log.post_process]
26-07-30 [23:11:25,895] [DEBUG] 使用节点: '传感器状态_上位机[3].NO[9]', NodeId: ns=4;s=上位机通讯|传感器状态_上位机[3].NO[9] [use_node:345] [unilabos.utils.log.post_process]
26-07-30 [23:11:26,056] [DEBUG] 使用节点: '传感器状态_上位机[3].NO[10]', NodeId: ns=4;s=上位机通讯|传感器状态_上位机[3].NO[10] [use_node:345] [unilabos.utils.log.post_process]
26-07-30 [23:11:26,597] [DEBUG] 使用节点: '传感器状态_上位机[3].NO[11]', NodeId: ns=4;s=上位机通讯|传感器状态_上位机[3].NO[11] [use_node:345] [unilabos.utils.log.post_process]
26-07-30 [23:11:26,759] [DEBUG] 使用节点: '传感器状态_上位机[3].NO[12]', NodeId: ns=4;s=上位机通讯|传感器状态_上位机[3].NO[12] [use_node:345] [unilabos.utils.log.post_process]
26-07-30 [23:11:26,920] [DEBUG] 使用节点: '传感器状态_上位机[3].NO[13]', NodeId: ns=4;s=上位机通讯|传感器状态_上位机[3].NO[13] [use_node:345] [unilabos.utils.log.post_process]
26-07-30 [23:11:26,974] [TRACE] [/devices/szlab_mixer_stirrer] 【.get_property】获取同步属性: status [get_property:371] [unilabos.ros.nodes.base_device_node]
26-07-30 [23:11:26,981] [TRACE] [/devices/szlab_mixer_photoshotting] 【.get_property】获取同步属性: last_photo_path [get_property:371] [unilabos.ros.nodes.base_device_node]
26-07-30 [23:11:26,985] [TRACE] [/devices/szlab_mixer_photoshotting] 【.get_property】获取同步属性: last_result [get_property:371] [unilabos.ros.nodes.base_device_node]
26-07-30 [23:11:26,987] [TRACE] [/devices/szlab_mixer_photoshotting] 【.get_property】获取同步属性: status [get_property:371] [unilabos.ros.nodes.base_device_node]
26-07-30 [23:11:26,991] [TRACE] [/devices/szlab_mixer_pump] 【.get_property】获取同步属性: status [get_property:371] [unilabos.ros.nodes.base_device_node]
26-07-30 [23:11:27,011] [TRACE] [/devices/szlab_s08_cap_station] 【.get_property】获取同步属性: last_s08_status [get_property:371] [unilabos.ros.nodes.base_device_node]
26-07-30 [23:11:27,022] [TRACE] [/devices/szlab_mixer_pipetting_station] 【.get_property】获取同步属性: status [get_property:371] [unilabos.ros.nodes.base_device_node]
26-07-30 [23:11:27,036] [TRACE] [/devices/host_node] [Host Node] Discovering devices in the network... [_discover_devices:472] [unilabos.ros.nodes.presets.host_node]
26-07-30 [23:11:27,036] [TRACE] [/devices/host_node] [Host Node] Total online devices: 9 [_discover_devices:525] [unilabos.ros.nodes.presets.host_node]
26-07-30 [23:11:27,081] [DEBUG] 使用节点: 'S06加工完成', NodeId: ns=4;s=上位机通讯|S06加工完成 [use_node:345] [unilabos.utils.log.post_process]
26-07-30 [23:11:27,086] [TRACE] [/devices/szlab_poly_plc] 【.get_property】获取同步属性: powder_container_occupied [get_property:371] [unilabos.ros.nodes.base_device_node]
26-07-30 [23:11:28,005] [DEBUG] 使用节点: '传感器状态_上位机[3].NO[8]', NodeId: ns=4;s=上位机通讯|传感器状态_上位机[3].NO[8] [use_node:345] [unilabos.utils.log.post_process]
26-07-30 [23:11:28,166] [DEBUG] 使用节点: '传感器状态_上位机[3].NO[9]', NodeId: ns=4;s=上位机通讯|传感器状态_上位机[3].NO[9] [use_node:345] [unilabos.utils.log.post_process]
26-07-30 [23:11:28,327] [DEBUG] 使用节点: '传感器状态_上位机[3].NO[10]', NodeId: ns=4;s=上位机通讯|传感器状态_上位机[3].NO[10] [use_node:345] [unilabos.utils.log.post_process]
26-07-30 [23:11:28,488] [DEBUG] 使用节点: '传感器状态_上位机[3].NO[11]', NodeId: ns=4;s=上位机通讯|传感器状态_上位机[3].NO[11] [use_node:345] [unilabos.utils.log.post_process]
26-07-30 [23:11:28,649] [DEBUG] 使用节点: '传感器状态_上位机[3].NO[12]', NodeId: ns=4;s=上位机通讯|传感器状态_上位机[3].NO[12] [use_node:345] [unilabos.utils.log.post_process]
26-07-30 [23:11:28,811] [DEBUG] 使用节点: '传感器状态_上位机[3].NO[13]', NodeId: ns=4;s=上位机通讯|传感器状态_上位机[3].NO[13] [use_node:345] [unilabos.utils.log.post_process]
26-07-30 [23:11:28,972] [DEBUG] 使用节点: 'S06加工完成', NodeId: ns=4;s=上位机通讯|S06加工完成 [use_node:345] [unilabos.utils.log.post_process]
26-07-30 [23:11:28,978] [TRACE] [/devices/szlab_poly_plc] 【.get_property】获取同步属性: powder_container_occupied [get_property:371] [unilabos.ros.nodes.base_device_node]
26-07-30 [23:11:29,012] [TRACE] [/devices/szlab_s08_cap_station] 【.get_property】获取同步属性: last_s08_status [get_property:371] [unilabos.ros.nodes.base_device_node]
26-07-30 [23:11:29,133] [DEBUG] 使用节点: '传感器状态_上位机[3].NO[8]', NodeId: ns=4;s=上位机通讯|传感器状态_上位机[3].NO[8] [use_node:345] [unilabos.utils.log.post_process]
26-07-30 [23:11:29,295] [DEBUG] 使用节点: '传感器状态_上位机[3].NO[9]', NodeId: ns=4;s=上位机通讯|传感器状态_上位机[3].NO[9] [use_node:345] [unilabos.utils.log.post_process]
26-07-30 [23:11:29,456] [DEBUG] 使用节点: '传感器状态_上位机[3].NO[10]', NodeId: ns=4;s=上位机通讯|传感器状态_上位机[3].NO[10] [use_node:345] [unilabos.utils.log.post_process]
26-07-30 [23:11:29,618] [DEBUG] 使用节点: '传感器状态_上位机[3].NO[11]', NodeId: ns=4;s=上位机通讯|传感器状态_上位机[3].NO[11] [use_node:345] [unilabos.utils.log.post_process]
26-07-30 [23:11:29,779] [DEBUG] 使用节点: '传感器状态_上位机[3].NO[12]', NodeId: ns=4;s=上位机通讯|传感器状态_上位机[3].NO[12] [use_node:345] [unilabos.utils.log.post_process]
26-07-30 [23:11:29,941] [DEBUG] 使用节点: '传感器状态_上位机[3].NO[13]', NodeId: ns=4;s=上位机通讯|传感器状态_上位机[3].NO[13] [use_node:345] [unilabos.utils.log.post_process]
26-07-30 [23:11:30,102] [DEBUG] 使用节点: 'S06加工完成', NodeId: ns=4;s=上位机通讯|S06加工完成 [use_node:345] [unilabos.utils.log.post_process]
26-07-30 [23:11:30,108] [TRACE] [/devices/szlab_poly_plc] 【.get_property】获取同步属性: powder_container_occupied [get_property:371] [unilabos.ros.nodes.base_device_node]
26-07-30 [23:11:30,629] [DEBUG] 使用节点: '传感器状态_上位机[3].NO[8]', NodeId: ns=4;s=上位机通讯|传感器状态_上位机[3].NO[8] [use_node:345] [unilabos.utils.log.post_process]
26-07-30 [23:11:30,790] [DEBUG] 使用节点: '传感器状态_上位机[3].NO[9]', NodeId: ns=4;s=上位机通讯|传感器状态_上位机[3].NO[9] [use_node:345] [unilabos.utils.log.post_process]
26-07-30 [23:11:31,012] [TRACE] [/devices/szlab_s08_cap_station] 【.get_property】获取同步属性: last_s08_status [get_property:371] [unilabos.ros.nodes.base_device_node]
26-07-30 [23:11:31,717] [DEBUG] 使用节点: '传感器状态_上位机[3].NO[10]', NodeId: ns=4;s=上位机通讯|传感器状态_上位机[3].NO[10] [use_node:345] [unilabos.utils.log.post_process]
26-07-30 [23:11:31,878] [DEBUG] 使用节点: '传感器状态_上位机[3].NO[11]', NodeId: ns=4;s=上位机通讯|传感器状态_上位机[3].NO[11] [use_node:345] [unilabos.utils.log.post_process]
26-07-30 [23:11:31,974] [TRACE] [/devices/szlab_mixer_stirrer] 【.get_property】获取同步属性: status [get_property:371] [unilabos.ros.nodes.base_device_node]
26-07-30 [23:11:31,981] [TRACE] [/devices/szlab_mixer_photoshotting] 【.get_property】获取同步属性: last_photo_path [get_property:371] [unilabos.ros.nodes.base_device_node]
26-07-30 [23:11:31,982] [TRACE] [/devices/szlab_mixer_photoshotting] 【.get_property】获取同步属性: last_result [get_property:371] [unilabos.ros.nodes.base_device_node]
26-07-30 [23:11:31,985] [TRACE] [/devices/szlab_mixer_photoshotting] 【.get_property】获取同步属性: status [get_property:371] [unilabos.ros.nodes.base_device_node]
26-07-30 [23:11:31,991] [TRACE] [/devices/szlab_mixer_pump] 【.get_property】获取同步属性: status [get_property:371] [unilabos.ros.nodes.base_device_node]
26-07-30 [23:11:32,022] [TRACE] [/devices/szlab_mixer_pipetting_station] 【.get_property】获取同步属性: status [get_property:371] [unilabos.ros.nodes.base_device_node]
26-07-30 [23:11:32,039] [DEBUG] 使用节点: '传感器状态_上位机[3].NO[12]', NodeId: ns=4;s=上位机通讯|传感器状态_上位机[3].NO[12] [use_node:345] [unilabos.utils.log.post_process]
26-07-30 [23:11:32,200] [DEBUG] 使用节点: '传感器状态_上位机[3].NO[13]', NodeId: ns=4;s=上位机通讯|传感器状态_上位机[3].NO[13] [use_node:345] [unilabos.utils.log.post_process]
26-07-30 [23:11:32,502] [DEBUG] 使用节点: 'S06加工完成', NodeId: ns=4;s=上位机通讯|S06加工完成 [use_node:345] [unilabos.utils.log.post_process]
26-07-30 [23:11:32,507] [TRACE] [/devices/szlab_poly_plc] 【.get_property】获取同步属性: powder_container_occupied [get_property:371] [unilabos.ros.nodes.base_device_node]
26-07-30 [23:11:32,663] [DEBUG] 使用节点: '传感器状态_上位机[3].NO[8]', NodeId: ns=4;s=上位机通讯|传感器状态_上位机[3].NO[8] [use_node:345] [unilabos.utils.log.post_process]
26-07-30 [23:11:33,011] [TRACE] [/devices/szlab_s08_cap_station] 【.get_property】获取同步属性: last_s08_status [get_property:371] [unilabos.ros.nodes.base_device_node]
26-07-30 [23:11:33,221] [DEBUG] 使用节点: '传感器状态_上位机[3].NO[9]', NodeId: ns=4;s=上位机通讯|传感器状态_上位机[3].NO[9] [use_node:345] [unilabos.utils.log.post_process]
26-07-30 [23:11:33,382] [DEBUG] 使用节点: '传感器状态_上位机[3].NO[10]', NodeId: ns=4;s=上位机通讯|传感器状态_上位机[3].NO[10] [use_node:345] [unilabos.utils.log.post_process]
26-07-30 [23:11:33,543] [DEBUG] 使用节点: '传感器状态_上位机[3].NO[11]', NodeId: ns=4;s=上位机通讯|传感器状态_上位机[3].NO[11] [use_node:345] [unilabos.utils.log.post_process]
26-07-30 [23:11:34,085] [DEBUG] 使用节点: '传感器状态_上位机[3].NO[12]', NodeId: ns=4;s=上位机通讯|传感器状态_上位机[3].NO[12] [use_node:345] [unilabos.utils.log.post_process]
26-07-30 [23:11:34,246] [DEBUG] 使用节点: '传感器状态_上位机[3].NO[13]', NodeId: ns=4;s=上位机通讯|传感器状态_上位机[3].NO[13] [use_node:345] [unilabos.utils.log.post_process]
26-07-30 [23:11:34,407] [DEBUG] 使用节点: 'S06加工完成', NodeId: ns=4;s=上位机通讯|S06加工完成 [use_node:345] [unilabos.utils.log.post_process]
26-07-30 [23:11:34,412] [TRACE] [/devices/szlab_poly_plc] 【.get_property】获取同步属性: powder_container_occupied [get_property:371] [unilabos.ros.nodes.base_device_node]
26-07-30 [23:11:34,569] [DEBUG] 使用节点: '传感器状态_上位机[3].NO[8]', NodeId: ns=4;s=上位机通讯|传感器状态_上位机[3].NO[8] [use_node:345] [unilabos.utils.log.post_process]
26-07-30 [23:11:34,730] [DEBUG] 使用节点: '传感器状态_上位机[3].NO[9]', NodeId: ns=4;s=上位机通讯|传感器状态_上位机[3].NO[9] [use_node:345] [unilabos.utils.log.post_process]
26-07-30 [23:11:34,891] [DEBUG] 使用节点: '传感器状态_上位机[3].NO[10]', NodeId: ns=4;s=上位机通讯|传感器状态_上位机[3].NO[10] [use_node:345] [unilabos.utils.log.post_process]
26-07-30 [23:11:35,012] [TRACE] [/devices/szlab_s08_cap_station] 【.get_property】获取同步属性: last_s08_status [get_property:371] [unilabos.ros.nodes.base_device_node]
26-07-30 [23:11:35,429] [DEBUG] 使用节点: '传感器状态_上位机[3].NO[11]', NodeId: ns=4;s=上位机通讯|传感器状态_上位机[3].NO[11] [use_node:345] [unilabos.utils.log.post_process]
26-07-30 [23:11:35,590] [DEBUG] 使用节点: '传感器状态_上位机[3].NO[12]', NodeId: ns=4;s=上位机通讯|传感器状态_上位机[3].NO[12] [use_node:345] [unilabos.utils.log.post_process]
26-07-30 [23:11:35,752] [DEBUG] 使用节点: '传感器状态_上位机[3].NO[13]', NodeId: ns=4;s=上位机通讯|传感器状态_上位机[3].NO[13] [use_node:345] [unilabos.utils.log.post_process]
26-07-30 [23:11:36,973] [TRACE] [/devices/szlab_mixer_stirrer] 【.get_property】获取同步属性: status [get_property:371] [unilabos.ros.nodes.base_device_node]
26-07-30 [23:11:36,981] [TRACE] [/devices/szlab_mixer_photoshotting] 【.get_property】获取同步属性: last_photo_path [get_property:371] [unilabos.ros.nodes.base_device_node]
26-07-30 [23:11:36,982] [TRACE] [/devices/szlab_mixer_photoshotting] 【.get_property】获取同步属性: last_result [get_property:371] [unilabos.ros.nodes.base_device_node]
26-07-30 [23:11:36,985] [TRACE] [/devices/szlab_mixer_photoshotting] 【.get_property】获取同步属性: status [get_property:371] [unilabos.ros.nodes.base_device_node]
26-07-30 [23:11:36,991] [TRACE] [/devices/szlab_mixer_pump] 【.get_property】获取同步属性: status [get_property:371] [unilabos.ros.nodes.base_device_node]
26-07-30 [23:11:37,011] [TRACE] [/devices/szlab_s08_cap_station] 【.get_property】获取同步属性: last_s08_status [get_property:371] [unilabos.ros.nodes.base_device_node]
26-07-30 [23:11:37,022] [TRACE] [/devices/szlab_mixer_pipetting_station] 【.get_property】获取同步属性: status [get_property:371] [unilabos.ros.nodes.base_device_node]
26-07-30 [23:11:37,413] [DEBUG] 使用节点: 'S06加工完成', NodeId: ns=4;s=上位机通讯|S06加工完成 [use_node:345] [unilabos.utils.log.post_process]
26-07-30 [23:11:37,417] [TRACE] [/devices/szlab_poly_plc] 【.get_property】获取同步属性: powder_container_occupied [get_property:371] [unilabos.ros.nodes.base_device_node]
26-07-30 [23:11:37,574] [DEBUG] 使用节点: '传感器状态_上位机[3].NO[8]', NodeId: ns=4;s=上位机通讯|传感器状态_上位机[3].NO[8] [use_node:345] [unilabos.utils.log.post_process]
26-07-30 [23:11:37,735] [DEBUG] 使用节点: '传感器状态_上位机[3].NO[9]', NodeId: ns=4;s=上位机通讯|传感器状态_上位机[3].NO[9] [use_node:345] [unilabos.utils.log.post_process]
26-07-30 [23:11:37,898] [DEBUG] 使用节点: '传感器状态_上位机[3].NO[10]', NodeId: ns=4;s=上位机通讯|传感器状态_上位机[3].NO[10] [use_node:345] [unilabos.utils.log.post_process]
26-07-30 [23:11:38,059] [DEBUG] 使用节点: '传感器状态_上位机[3].NO[11]', NodeId: ns=4;s=上位机通讯|传感器状态_上位机[3].NO[11] [use_node:345] [unilabos.utils.log.post_process]
26-07-30 [23:11:38,220] [DEBUG] 使用节点: '传感器状态_上位机[3].NO[12]', NodeId: ns=4;s=上位机通讯|传感器状态_上位机[3].NO[12] [use_node:345] [unilabos.utils.log.post_process]
26-07-30 [23:11:39,012] [TRACE] [/devices/szlab_s08_cap_station] 【.get_property】获取同步属性: last_s08_status [get_property:371] [unilabos.ros.nodes.base_device_node]
26-07-30 [23:11:41,013] [TRACE] [/devices/szlab_s08_cap_station] 【.get_property】获取同步属性: last_s08_status [get_property:371] [unilabos.ros.nodes.base_device_node]
26-07-30 [23:11:41,349] [DEBUG] 使用节点: '传感器状态_上位机[3].NO[13]', NodeId: ns=4;s=上位机通讯|传感器状态_上位机[3].NO[13] [use_node:345] [unilabos.utils.log.post_process]
26-07-30 [23:11:41,510] [DEBUG] 使用节点: 'S06加工完成', NodeId: ns=4;s=上位机通讯|S06加工完成 [use_node:345] [unilabos.utils.log.post_process]
26-07-30 [23:11:41,515] [TRACE] [/devices/szlab_poly_plc] 【.get_property】获取同步属性: powder_container_occupied [get_property:371] [unilabos.ros.nodes.base_device_node]
26-07-30 [23:11:41,671] [DEBUG] 使用节点: '传感器状态_上位机[3].NO[8]', NodeId: ns=4;s=上位机通讯|传感器状态_上位机[3].NO[8] [use_node:345] [unilabos.utils.log.post_process]
26-07-30 [23:11:41,832] [DEBUG] 使用节点: '传感器状态_上位机[3].NO[9]', NodeId: ns=4;s=上位机通讯|传感器状态_上位机[3].NO[9] [use_node:345] [unilabos.utils.log.post_process]
26-07-30 [23:11:41,975] [TRACE] [/devices/szlab_mixer_stirrer] 【.get_property】获取同步属性: status [get_property:371] [unilabos.ros.nodes.base_device_node]
26-07-30 [23:11:41,983] [TRACE] [/devices/szlab_mixer_photoshotting] 【.get_property】获取同步属性: last_photo_path [get_property:371] [unilabos.ros.nodes.base_device_node]
26-07-30 [23:11:41,984] [TRACE] [/devices/szlab_mixer_photoshotting] 【.get_property】获取同步属性: last_result [get_property:371] [unilabos.ros.nodes.base_device_node]
26-07-30 [23:11:41,984] [TRACE] [/devices/szlab_mixer_photoshotting] 【.get_property】获取同步属性: status [get_property:371] [unilabos.ros.nodes.base_device_node]
26-07-30 [23:11:41,991] [TRACE] [/devices/szlab_mixer_pump] 【.get_property】获取同步属性: status [get_property:371] [unilabos.ros.nodes.base_device_node]
26-07-30 [23:11:41,995] [DEBUG] 使用节点: '传感器状态_上位机[3].NO[10]', NodeId: ns=4;s=上位机通讯|传感器状态_上位机[3].NO[10] [use_node:345] [unilabos.utils.log.post_process]
26-07-30 [23:11:42,023] [TRACE] [/devices/szlab_mixer_pipetting_station] 【.get_property】获取同步属性: status [get_property:371] [unilabos.ros.nodes.base_device_node]
26-07-30 [23:11:42,036] [TRACE] [/devices/host_node] [Host Node] Discovering devices in the network... [_discover_devices:472] [unilabos.ros.nodes.presets.host_node]
26-07-30 [23:11:42,037] [TRACE] [/devices/host_node] [Host Node] Total online devices: 9 [_discover_devices:525] [unilabos.ros.nodes.presets.host_node]
26-07-30 [23:11:42,157] [DEBUG] 使用节点: '传感器状态_上位机[3].NO[11]', NodeId: ns=4;s=上位机通讯|传感器状态_上位机[3].NO[11] [use_node:345] [unilabos.utils.log.post_process]
26-07-30 [23:11:42,319] [DEBUG] 使用节点: '传感器状态_上位机[3].NO[12]', NodeId: ns=4;s=上位机通讯|传感器状态_上位机[3].NO[12] [use_node:345] [unilabos.utils.log.post_process]
26-07-30 [23:11:42,480] [DEBUG] 使用节点: '传感器状态_上位机[3].NO[13]', NodeId: ns=4;s=上位机通讯|传感器状态_上位机[3].NO[13] [use_node:345] [unilabos.utils.log.post_process]
26-07-30 [23:11:42,641] [DEBUG] 使用节点: 'S06加工完成', NodeId: ns=4;s=上位机通讯|S06加工完成 [use_node:345] [unilabos.utils.log.post_process]
26-07-30 [23:11:42,646] [TRACE] [/devices/szlab_poly_plc] 【.get_property】获取同步属性: powder_container_occupied [get_property:371] [unilabos.ros.nodes.base_device_node]
26-07-30 [23:11:42,802] [DEBUG] 使用节点: '传感器状态_上位机[3].NO[8]', NodeId: ns=4;s=上位机通讯|传感器状态_上位机[3].NO[8] [use_node:345] [unilabos.utils.log.post_process]
26-07-30 [23:11:42,963] [DEBUG] 使用节点: '传感器状态_上位机[3].NO[9]', NodeId: ns=4;s=上位机通讯|传感器状态_上位机[3].NO[9] [use_node:345] [unilabos.utils.log.post_process]
26-07-30 [23:11:43,011] [TRACE] [/devices/szlab_s08_cap_station] 【.get_property】获取同步属性: last_s08_status [get_property:371] [unilabos.ros.nodes.base_device_node]
26-07-30 [23:11:43,493] [DEBUG] 使用节点: '传感器状态_上位机[3].NO[10]', NodeId: ns=4;s=上位机通讯|传感器状态_上位机[3].NO[10] [use_node:345] [unilabos.utils.log.post_process]
26-07-30 [23:11:43,654] [DEBUG] 使用节点: '传感器状态_上位机[3].NO[11]', NodeId: ns=4;s=上位机通讯|传感器状态_上位机[3].NO[11] [use_node:345] [unilabos.utils.log.post_process]
26-07-30 [23:11:43,815] [DEBUG] 使用节点: '传感器状态_上位机[3].NO[12]', NodeId: ns=4;s=上位机通讯|传感器状态_上位机[3].NO[12] [use_node:345] [unilabos.utils.log.post_process]
26-07-30 [23:11:43,976] [DEBUG] 使用节点: '传感器状态_上位机[3].NO[13]', NodeId: ns=4;s=上位机通讯|传感器状态_上位机[3].NO[13] [use_node:345] [unilabos.utils.log.post_process]
26-07-30 [23:11:44,137] [DEBUG] 使用节点: 'S06加工完成', NodeId: ns=4;s=上位机通讯|S06加工完成 [use_node:345] [unilabos.utils.log.post_process]
26-07-30 [23:11:44,142] [TRACE] [/devices/szlab_poly_plc] 【.get_property】获取同步属性: powder_container_occupied [get_property:371] [unilabos.ros.nodes.base_device_node]
26-07-30 [23:11:44,298] [DEBUG] 使用节点: '传感器状态_上位机[3].NO[8]', NodeId: ns=4;s=上位机通讯|传感器状态_上位机[3].NO[8] [use_node:345] [unilabos.utils.log.post_process]
26-07-30 [23:11:44,459] [DEBUG] 使用节点: '传感器状态_上位机[3].NO[9]', NodeId: ns=4;s=上位机通讯|传感器状态_上位机[3].NO[9] [use_node:345] [unilabos.utils.log.post_process]
26-07-30 [23:11:44,620] [DEBUG] 使用节点: '传感器状态_上位机[3].NO[10]', NodeId: ns=4;s=上位机通讯|传感器状态_上位机[3].NO[10] [use_node:345] [unilabos.utils.log.post_process]
26-07-30 [23:11:44,781] [DEBUG] 使用节点: '传感器状态_上位机[3].NO[11]', NodeId: ns=4;s=上位机通讯|传感器状态_上位机[3].NO[11] [use_node:345] [unilabos.utils.log.post_process]
26-07-30 [23:11:44,942] [DEBUG] 使用节点: '传感器状态_上位机[3].NO[12]', NodeId: ns=4;s=上位机通讯|传感器状态_上位机[3].NO[12] [use_node:345] [unilabos.utils.log.post_process]
26-07-30 [23:11:45,012] [TRACE] [/devices/szlab_s08_cap_station] 【.get_property】获取同步属性: last_s08_status [get_property:371] [unilabos.ros.nodes.base_device_node]
26-07-30 [23:11:45,103] [DEBUG] 使用节点: '传感器状态_上位机[3].NO[13]', NodeId: ns=4;s=上位机通讯|传感器状态_上位机[3].NO[13] [use_node:345] [unilabos.utils.log.post_process]
26-07-30 [23:11:45,264] [DEBUG] 使用节点: 'S06加工完成', NodeId: ns=4;s=上位机通讯|S06加工完成 [use_node:345] [unilabos.utils.log.post_process]
26-07-30 [23:11:45,269] [TRACE] [/devices/szlab_poly_plc] 【.get_property】获取同步属性: powder_container_occupied [get_property:371] [unilabos.ros.nodes.base_device_node]
26-07-30 [23:11:45,425] [DEBUG] 使用节点: '传感器状态_上位机[3].NO[8]', NodeId: ns=4;s=上位机通讯|传感器状态_上位机[3].NO[8] [use_node:345] [unilabos.utils.log.post_process]
26-07-30 [23:11:45,586] [DEBUG] 使用节点: '传感器状态_上位机[3].NO[9]', NodeId: ns=4;s=上位机通讯|传感器状态_上位机[3].NO[9] [use_node:345] [unilabos.utils.log.post_process]
26-07-30 [23:11:45,747] [DEBUG] 使用节点: '传感器状态_上位机[3].NO[10]', NodeId: ns=4;s=上位机通讯|传感器状态_上位机[3].NO[10] [use_node:345] [unilabos.utils.log.post_process]
26-07-30 [23:11:45,908] [DEBUG] 使用节点: '传感器状态_上位机[3].NO[11]', NodeId: ns=4;s=上位机通讯|传感器状态_上位机[3].NO[11] [use_node:345] [unilabos.utils.log.post_process]
26-07-30 [23:11:46,071] [DEBUG] 使用节点: '传感器状态_上位机[3].NO[12]', NodeId: ns=4;s=上位机通讯|传感器状态_上位机[3].NO[12] [use_node:345] [unilabos.utils.log.post_process]
26-07-30 [23:11:46,232] [DEBUG] 使用节点: '传感器状态_上位机[3].NO[13]', NodeId: ns=4;s=上位机通讯|传感器状态_上位机[3].NO[13] [use_node:345] [unilabos.utils.log.post_process]
26-07-30 [23:11:46,393] [DEBUG] 使用节点: 'S06加工完成', NodeId: ns=4;s=上位机通讯|S06加工完成 [use_node:345] [unilabos.utils.log.post_process]
26-07-30 [23:11:46,399] [TRACE] [/devices/szlab_poly_plc] 【.get_property】获取同步属性: powder_container_occupied [get_property:371] [unilabos.ros.nodes.base_device_node]
26-07-30 [23:11:46,554] [DEBUG] 使用节点: '传感器状态_上位机[3].NO[8]', NodeId: ns=4;s=上位机通讯|传感器状态_上位机[3].NO[8] [use_node:345] [unilabos.utils.log.post_process]
26-07-30 [23:11:46,715] [DEBUG] 使用节点: '传感器状态_上位机[3].NO[9]', NodeId: ns=4;s=上位机通讯|传感器状态_上位机[3].NO[9] [use_node:345] [unilabos.utils.log.post_process]
26-07-30 [23:11:46,876] [DEBUG] 使用节点: '传感器状态_上位机[3].NO[10]', NodeId: ns=4;s=上位机通讯|传感器状态_上位机[3].NO[10] [use_node:345] [unilabos.utils.log.post_process]
26-07-30 [23:11:46,974] [TRACE] [/devices/szlab_mixer_stirrer] 【.get_property】获取同步属性: status [get_property:371] [unilabos.ros.nodes.base_device_node]
26-07-30 [23:11:46,981] [TRACE] [/devices/szlab_mixer_photoshotting] 【.get_property】获取同步属性: last_photo_path [get_property:371] [unilabos.ros.nodes.base_device_node]
26-07-30 [23:11:46,983] [TRACE] [/devices/szlab_mixer_photoshotting] 【.get_property】获取同步属性: last_result [get_property:371] [unilabos.ros.nodes.base_device_node]
26-07-30 [23:11:46,985] [TRACE] [/devices/szlab_mixer_photoshotting] 【.get_property】获取同步属性: status [get_property:371] [unilabos.ros.nodes.base_device_node]
26-07-30 [23:11:46,991] [TRACE] [/devices/szlab_mixer_pump] 【.get_property】获取同步属性: status [get_property:371] [unilabos.ros.nodes.base_device_node]
26-07-30 [23:11:47,011] [TRACE] [/devices/szlab_s08_cap_station] 【.get_property】获取同步属性: last_s08_status [get_property:371] [unilabos.ros.nodes.base_device_node]
26-07-30 [23:11:47,022] [TRACE] [/devices/szlab_mixer_pipetting_station] 【.get_property】获取同步属性: status [get_property:371] [unilabos.ros.nodes.base_device_node]
26-07-30 [23:11:47,429] [DEBUG] 使用节点: '传感器状态_上位机[3].NO[11]', NodeId: ns=4;s=上位机通讯|传感器状态_上位机[3].NO[11] [use_node:345] [unilabos.utils.log.post_process]
26-07-30 [23:11:47,589] [DEBUG] 使用节点: '传感器状态_上位机[3].NO[12]', NodeId: ns=4;s=上位机通讯|传感器状态_上位机[3].NO[12] [use_node:345] [unilabos.utils.log.post_process]
26-07-30 [23:11:47,751] [DEBUG] 使用节点: '传感器状态_上位机[3].NO[13]', NodeId: ns=4;s=上位机通讯|传感器状态_上位机[3].NO[13] [use_node:345] [unilabos.utils.log.post_process]
26-07-30 [23:11:47,912] [DEBUG] 使用节点: 'S06加工完成', NodeId: ns=4;s=上位机通讯|S06加工完成 [use_node:345] [unilabos.utils.log.post_process]
26-07-30 [23:11:47,917] [TRACE] [/devices/szlab_poly_plc] 【.get_property】获取同步属性: powder_container_occupied [get_property:371] [unilabos.ros.nodes.base_device_node]
26-07-30 [23:11:48,073] [DEBUG] 使用节点: '传感器状态_上位机[3].NO[8]', NodeId: ns=4;s=上位机通讯|传感器状态_上位机[3].NO[8] [use_node:345] [unilabos.utils.log.post_process]
26-07-30 [23:11:48,234] [DEBUG] 使用节点: '传感器状态_上位机[3].NO[9]', NodeId: ns=4;s=上位机通讯|传感器状态_上位机[3].NO[9] [use_node:345] [unilabos.utils.log.post_process]
26-07-30 [23:11:48,395] [DEBUG] 使用节点: '传感器状态_上位机[3].NO[10]', NodeId: ns=4;s=上位机通讯|传感器状态_上位机[3].NO[10] [use_node:345] [unilabos.utils.log.post_process]
26-07-30 [23:11:48,555] [DEBUG] 使用节点: '传感器状态_上位机[3].NO[11]', NodeId: ns=4;s=上位机通讯|传感器状态_上位机[3].NO[11] [use_node:345] [unilabos.utils.log.post_process]
26-07-30 [23:11:49,012] [TRACE] [/devices/szlab_s08_cap_station] 【.get_property】获取同步属性: last_s08_status [get_property:371] [unilabos.ros.nodes.base_device_node]
26-07-30 [23:11:49,093] [DEBUG] 使用节点: '传感器状态_上位机[3].NO[12]', NodeId: ns=4;s=上位机通讯|传感器状态_上位机[3].NO[12] [use_node:345] [unilabos.utils.log.post_process]
26-07-30 [23:11:49,253] [DEBUG] 使用节点: '传感器状态_上位机[3].NO[13]', NodeId: ns=4;s=上位机通讯|传感器状态_上位机[3].NO[13] [use_node:345] [unilabos.utils.log.post_process]
26-07-30 [23:11:49,414] [DEBUG] 使用节点: 'S06加工完成', NodeId: ns=4;s=上位机通讯|S06加工完成 [use_node:345] [unilabos.utils.log.post_process]
26-07-30 [23:11:49,419] [TRACE] [/devices/szlab_poly_plc] 【.get_property】获取同步属性: powder_container_occupied [get_property:371] [unilabos.ros.nodes.base_device_node]
26-07-30 [23:11:49,576] [DEBUG] 使用节点: '传感器状态_上位机[3].NO[8]', NodeId: ns=4;s=上位机通讯|传感器状态_上位机[3].NO[8] [use_node:345] [unilabos.utils.log.post_process]
26-07-30 [23:11:49,738] [DEBUG] 使用节点: '传感器状态_上位机[3].NO[9]', NodeId: ns=4;s=上位机通讯|传感器状态_上位机[3].NO[9] [use_node:345] [unilabos.utils.log.post_process]
26-07-30 [23:11:49,899] [DEBUG] 使用节点: '传感器状态_上位机[3].NO[10]', NodeId: ns=4;s=上位机通讯|传感器状态_上位机[3].NO[10] [use_node:345] [unilabos.utils.log.post_process]
26-07-30 [23:11:50,060] [DEBUG] 使用节点: '传感器状态_上位机[3].NO[11]', NodeId: ns=4;s=上位机通讯|传感器状态_上位机[3].NO[11] [use_node:345] [unilabos.utils.log.post_process]
26-07-30 [23:11:50,221] [DEBUG] 使用节点: '传感器状态_上位机[3].NO[12]', NodeId: ns=4;s=上位机通讯|传感器状态_上位机[3].NO[12] [use_node:345] [unilabos.utils.log.post_process]
26-07-30 [23:11:51,012] [TRACE] [/devices/szlab_s08_cap_station] 【.get_property】获取同步属性: last_s08_status [get_property:371] [unilabos.ros.nodes.base_device_node]
26-07-30 [23:11:51,141] [DEBUG] 使用节点: '传感器状态_上位机[3].NO[13]', NodeId: ns=4;s=上位机通讯|传感器状态_上位机[3].NO[13] [use_node:345] [unilabos.utils.log.post_process]
26-07-30 [23:11:51,302] [DEBUG] 使用节点: 'S06加工完成', NodeId: ns=4;s=上位机通讯|S06加工完成 [use_node:345] [unilabos.utils.log.post_process]
26-07-30 [23:11:51,307] [TRACE] [/devices/szlab_poly_plc] 【.get_property】获取同步属性: powder_container_occupied [get_property:371] [unilabos.ros.nodes.base_device_node]
26-07-30 [23:11:51,463] [DEBUG] 使用节点: '传感器状态_上位机[3].NO[8]', NodeId: ns=4;s=上位机通讯|传感器状态_上位机[3].NO[8] [use_node:345] [unilabos.utils.log.post_process]
26-07-30 [23:11:51,625] [DEBUG] 使用节点: '传感器状态_上位机[3].NO[9]', NodeId: ns=4;s=上位机通讯|传感器状态_上位机[3].NO[9] [use_node:345] [unilabos.utils.log.post_process]
26-07-30 [23:11:51,786] [DEBUG] 使用节点: '传感器状态_上位机[3].NO[10]', NodeId: ns=4;s=上位机通讯|传感器状态_上位机[3].NO[10] [use_node:345] [unilabos.utils.log.post_process]
26-07-30 [23:11:51,947] [DEBUG] 使用节点: '传感器状态_上位机[3].NO[11]', NodeId: ns=4;s=上位机通讯|传感器状态_上位机[3].NO[11] [use_node:345] [unilabos.utils.log.post_process]
26-07-30 [23:11:51,974] [TRACE] [/devices/szlab_mixer_stirrer] 【.get_property】获取同步属性: status [get_property:371] [unilabos.ros.nodes.base_device_node]
26-07-30 [23:11:51,981] [TRACE] [/devices/szlab_mixer_photoshotting] 【.get_property】获取同步属性: last_photo_path [get_property:371] [unilabos.ros.nodes.base_device_node]
26-07-30 [23:11:51,983] [TRACE] [/devices/szlab_mixer_photoshotting] 【.get_property】获取同步属性: last_result [get_property:371] [unilabos.ros.nodes.base_device_node]
26-07-30 [23:11:51,986] [TRACE] [/devices/szlab_mixer_photoshotting] 【.get_property】获取同步属性: status [get_property:371] [unilabos.ros.nodes.base_device_node]
26-07-30 [23:11:51,991] [TRACE] [/devices/szlab_mixer_pump] 【.get_property】获取同步属性: status [get_property:371] [unilabos.ros.nodes.base_device_node]
26-07-30 [23:11:52,022] [TRACE] [/devices/szlab_mixer_pipetting_station] 【.get_property】获取同步属性: status [get_property:371] [unilabos.ros.nodes.base_device_node]
26-07-30 [23:11:52,108] [DEBUG] 使用节点: '传感器状态_上位机[3].NO[12]', NodeId: ns=4;s=上位机通讯|传感器状态_上位机[3].NO[12] [use_node:345] [unilabos.utils.log.post_process]
26-07-30 [23:11:52,269] [DEBUG] 使用节点: '传感器状态_上位机[3].NO[13]', NodeId: ns=4;s=上位机通讯|传感器状态_上位机[3].NO[13] [use_node:345] [unilabos.utils.log.post_process]
26-07-30 [23:11:52,430] [DEBUG] 使用节点: 'S06加工完成', NodeId: ns=4;s=上位机通讯|S06加工完成 [use_node:345] [unilabos.utils.log.post_process]
26-07-30 [23:11:52,436] [TRACE] [/devices/szlab_poly_plc] 【.get_property】获取同步属性: powder_container_occupied [get_property:371] [unilabos.ros.nodes.base_device_node]
26-07-30 [23:11:52,965] [DEBUG] 使用节点: '传感器状态_上位机[3].NO[8]', NodeId: ns=4;s=上位机通讯|传感器状态_上位机[3].NO[8] [use_node:345] [unilabos.utils.log.post_process]
26-07-30 [23:11:53,012] [TRACE] [/devices/szlab_s08_cap_station] 【.get_property】获取同步属性: last_s08_status [get_property:371] [unilabos.ros.nodes.base_device_node]
26-07-30 [23:11:53,126] [DEBUG] 使用节点: '传感器状态_上位机[3].NO[9]', NodeId: ns=4;s=上位机通讯|传感器状态_上位机[3].NO[9] [use_node:345] [unilabos.utils.log.post_process]
26-07-30 [23:11:53,287] [DEBUG] 使用节点: '传感器状态_上位机[3].NO[10]', NodeId: ns=4;s=上位机通讯|传感器状态_上位机[3].NO[10] [use_node:345] [unilabos.utils.log.post_process]
26-07-30 [23:11:53,829] [DEBUG] 使用节点: '传感器状态_上位机[3].NO[11]', NodeId: ns=4;s=上位机通讯|传感器状态_上位机[3].NO[11] [use_node:345] [unilabos.utils.log.post_process]
26-07-30 [23:11:53,990] [DEBUG] 使用节点: '传感器状态_上位机[3].NO[12]', NodeId: ns=4;s=上位机通讯|传感器状态_上位机[3].NO[12] [use_node:345] [unilabos.utils.log.post_process]
26-07-30 [23:11:54,151] [DEBUG] 使用节点: '传感器状态_上位机[3].NO[13]', NodeId: ns=4;s=上位机通讯|传感器状态_上位机[3].NO[13] [use_node:345] [unilabos.utils.log.post_process]
26-07-30 [23:11:54,312] [DEBUG] 使用节点: 'S06加工完成', NodeId: ns=4;s=上位机通讯|S06加工完成 [use_node:345] [unilabos.utils.log.post_process]
26-07-30 [23:11:54,318] [TRACE] [/devices/szlab_poly_plc] 【.get_property】获取同步属性: powder_container_occupied [get_property:371] [unilabos.ros.nodes.base_device_node]
26-07-30 [23:11:54,473] [DEBUG] 使用节点: '传感器状态_上位机[3].NO[8]', NodeId: ns=4;s=上位机通讯|传感器状态_上位机[3].NO[8] [use_node:345] [unilabos.utils.log.post_process]
26-07-30 [23:11:54,636] [DEBUG] 使用节点: '传感器状态_上位机[3].NO[9]', NodeId: ns=4;s=上位机通讯|传感器状态_上位机[3].NO[9] [use_node:345] [unilabos.utils.log.post_process]
26-07-30 [23:11:54,797] [DEBUG] 使用节点: '传感器状态_上位机[3].NO[10]', NodeId: ns=4;s=上位机通讯|传感器状态_上位机[3].NO[10] [use_node:345] [unilabos.utils.log.post_process]
26-07-30 [23:11:54,958] [DEBUG] 使用节点: '传感器状态_上位机[3].NO[11]', NodeId: ns=4;s=上位机通讯|传感器状态_上位机[3].NO[11] [use_node:345] [unilabos.utils.log.post_process]
26-07-30 [23:11:55,012] [TRACE] [/devices/szlab_s08_cap_station] 【.get_property】获取同步属性: last_s08_status [get_property:371] [unilabos.ros.nodes.base_device_node]
26-07-30 [23:11:55,119] [DEBUG] 使用节点: '传感器状态_上位机[3].NO[12]', NodeId: ns=4;s=上位机通讯|传感器状态_上位机[3].NO[12] [use_node:345] [unilabos.utils.log.post_process]
26-07-30 [23:11:55,280] [DEBUG] 使用节点: '传感器状态_上位机[3].NO[13]', NodeId: ns=4;s=上位机通讯|传感器状态_上位机[3].NO[13] [use_node:345] [unilabos.utils.log.post_process]
26-07-30 [23:11:55,441] [DEBUG] 使用节点: 'S06加工完成', NodeId: ns=4;s=上位机通讯|S06加工完成 [use_node:345] [unilabos.utils.log.post_process]
26-07-30 [23:11:55,446] [TRACE] [/devices/szlab_poly_plc] 【.get_property】获取同步属性: powder_container_occupied [get_property:371] [unilabos.ros.nodes.base_device_node]
26-07-30 [23:11:55,602] [DEBUG] 使用节点: '传感器状态_上位机[3].NO[8]', NodeId: ns=4;s=上位机通讯|传感器状态_上位机[3].NO[8] [use_node:345] [unilabos.utils.log.post_process]
26-07-30 [23:11:55,763] [DEBUG] 使用节点: '传感器状态_上位机[3].NO[9]', NodeId: ns=4;s=上位机通讯|传感器状态_上位机[3].NO[9] [use_node:345] [unilabos.utils.log.post_process]
26-07-30 [23:11:55,924] [DEBUG] 使用节点: '传感器状态_上位机[3].NO[10]', NodeId: ns=4;s=上位机通讯|传感器状态_上位机[3].NO[10] [use_node:345] [unilabos.utils.log.post_process]
26-07-30 [23:11:56,085] [DEBUG] 使用节点: '传感器状态_上位机[3].NO[11]', NodeId: ns=4;s=上位机通讯|传感器状态_上位机[3].NO[11] [use_node:345] [unilabos.utils.log.post_process]
26-07-30 [23:11:56,246] [DEBUG] 使用节点: '传感器状态_上位机[3].NO[12]', NodeId: ns=4;s=上位机通讯|传感器状态_上位机[3].NO[12] [use_node:345] [unilabos.utils.log.post_process]
26-07-30 [23:11:56,773] [DEBUG] 使用节点: '传感器状态_上位机[3].NO[13]', NodeId: ns=4;s=上位机通讯|传感器状态_上位机[3].NO[13] [use_node:345] [unilabos.utils.log.post_process]
26-07-30 [23:11:56,934] [DEBUG] 使用节点: 'S06加工完成', NodeId: ns=4;s=上位机通讯|S06加工完成 [use_node:345] [unilabos.utils.log.post_process]
26-07-30 [23:11:56,939] [TRACE] [/devices/szlab_poly_plc] 【.get_property】获取同步属性: powder_container_occupied [get_property:371] [unilabos.ros.nodes.base_device_node]
26-07-30 [23:11:56,973] [TRACE] [/devices/szlab_mixer_stirrer] 【.get_property】获取同步属性: status [get_property:371] [unilabos.ros.nodes.base_device_node]
26-07-30 [23:11:56,981] [TRACE] [/devices/szlab_mixer_photoshotting] 【.get_property】获取同步属性: last_photo_path [get_property:371] [unilabos.ros.nodes.base_device_node]
26-07-30 [23:11:56,983] [TRACE] [/devices/szlab_mixer_photoshotting] 【.get_property】获取同步属性: last_result [get_property:371] [unilabos.ros.nodes.base_device_node]
26-07-30 [23:11:56,986] [TRACE] [/devices/szlab_mixer_photoshotting] 【.get_property】获取同步属性: status [get_property:371] [unilabos.ros.nodes.base_device_node]
26-07-30 [23:11:56,991] [TRACE] [/devices/szlab_mixer_pump] 【.get_property】获取同步属性: status [get_property:371] [unilabos.ros.nodes.base_device_node]
26-07-30 [23:11:57,011] [TRACE] [/devices/szlab_s08_cap_station] 【.get_property】获取同步属性: last_s08_status [get_property:371] [unilabos.ros.nodes.base_device_node]
26-07-30 [23:11:57,022] [TRACE] [/devices/szlab_mixer_pipetting_station] 【.get_property】获取同步属性: status [get_property:371] [unilabos.ros.nodes.base_device_node]
26-07-30 [23:11:57,035] [TRACE] [/devices/host_node] [Host Node] Discovering devices in the network... [_discover_devices:472] [unilabos.ros.nodes.presets.host_node]
26-07-30 [23:11:57,036] [TRACE] [/devices/host_node] [Host Node] Total online devices: 9 [_discover_devices:525] [unilabos.ros.nodes.presets.host_node]
26-07-30 [23:11:57,095] [DEBUG] 使用节点: '传感器状态_上位机[3].NO[8]', NodeId: ns=4;s=上位机通讯|传感器状态_上位机[3].NO[8] [use_node:345] [unilabos.utils.log.post_process]
26-07-30 [23:11:57,256] [DEBUG] 使用节点: '传感器状态_上位机[3].NO[9]', NodeId: ns=4;s=上位机通讯|传感器状态_上位机[3].NO[9] [use_node:345] [unilabos.utils.log.post_process]
26-07-30 [23:11:57,417] [DEBUG] 使用节点: '传感器状态_上位机[3].NO[10]', NodeId: ns=4;s=上位机通讯|传感器状态_上位机[3].NO[10] [use_node:345] [unilabos.utils.log.post_process]
26-07-30 [23:11:57,578] [DEBUG] 使用节点: '传感器状态_上位机[3].NO[11]', NodeId: ns=4;s=上位机通讯|传感器状态_上位机[3].NO[11] [use_node:345] [unilabos.utils.log.post_process]
26-07-30 [23:11:57,739] [DEBUG] 使用节点: '传感器状态_上位机[3].NO[12]', NodeId: ns=4;s=上位机通讯|传感器状态_上位机[3].NO[12] [use_node:345] [unilabos.utils.log.post_process]
26-07-30 [23:11:57,901] [DEBUG] 使用节点: '传感器状态_上位机[3].NO[13]', NodeId: ns=4;s=上位机通讯|传感器状态_上位机[3].NO[13] [use_node:345] [unilabos.utils.log.post_process]
26-07-30 [23:11:58,437] [DEBUG] 使用节点: 'S06加工完成', NodeId: ns=4;s=上位机通讯|S06加工完成 [use_node:345] [unilabos.utils.log.post_process]
26-07-30 [23:11:58,443] [TRACE] [/devices/szlab_poly_plc] 【.get_property】获取同步属性: powder_container_occupied [get_property:371] [unilabos.ros.nodes.base_device_node]
26-07-30 [23:11:58,598] [DEBUG] 使用节点: '传感器状态_上位机[3].NO[8]', NodeId: ns=4;s=上位机通讯|传感器状态_上位机[3].NO[8] [use_node:345] [unilabos.utils.log.post_process]
26-07-30 [23:11:58,759] [DEBUG] 使用节点: '传感器状态_上位机[3].NO[9]', NodeId: ns=4;s=上位机通讯|传感器状态_上位机[3].NO[9] [use_node:345] [unilabos.utils.log.post_process]
26-07-30 [23:11:59,012] [TRACE] [/devices/szlab_s08_cap_station] 【.get_property】获取同步属性: last_s08_status [get_property:371] [unilabos.ros.nodes.base_device_node]
26-07-30 [23:11:59,301] [DEBUG] 使用节点: '传感器状态_上位机[3].NO[10]', NodeId: ns=4;s=上位机通讯|传感器状态_上位机[3].NO[10] [use_node:345] [unilabos.utils.log.post_process]
26-07-30 [23:11:59,462] [DEBUG] 使用节点: '传感器状态_上位机[3].NO[11]', NodeId: ns=4;s=上位机通讯|传感器状态_上位机[3].NO[11] [use_node:345] [unilabos.utils.log.post_process]
26-07-30 [23:11:59,624] [DEBUG] 使用节点: '传感器状态_上位机[3].NO[12]', NodeId: ns=4;s=上位机通讯|传感器状态_上位机[3].NO[12] [use_node:345] [unilabos.utils.log.post_process]
26-07-30 [23:11:59,785] [DEBUG] 使用节点: '传感器状态_上位机[3].NO[13]', NodeId: ns=4;s=上位机通讯|传感器状态_上位机[3].NO[13] [use_node:345] [unilabos.utils.log.post_process]
26-07-30 [23:12:00,325] [DEBUG] 使用节点: 'S06加工完成', NodeId: ns=4;s=上位机通讯|S06加工完成 [use_node:345] [unilabos.utils.log.post_process]
26-07-30 [23:12:00,331] [TRACE] [/devices/szlab_poly_plc] 【.get_property】获取同步属性: powder_container_occupied [get_property:371] [unilabos.ros.nodes.base_device_node]
26-07-30 [23:12:01,012] [TRACE] [/devices/szlab_s08_cap_station] 【.get_property】获取同步属性: last_s08_status [get_property:371] [unilabos.ros.nodes.base_device_node]
26-07-30 [23:12:01,637] [DEBUG] 使用节点: '传感器状态_上位机[3].NO[8]', NodeId: ns=4;s=上位机通讯|传感器状态_上位机[3].NO[8] [use_node:345] [unilabos.utils.log.post_process]
26-07-30 [23:12:01,800] [DEBUG] 使用节点: '传感器状态_上位机[3].NO[9]', NodeId: ns=4;s=上位机通讯|传感器状态_上位机[3].NO[9] [use_node:345] [unilabos.utils.log.post_process]
26-07-30 [23:12:01,961] [DEBUG] 使用节点: '传感器状态_上位机[3].NO[10]', NodeId: ns=4;s=上位机通讯|传感器状态_上位机[3].NO[10] [use_node:345] [unilabos.utils.log.post_process]
26-07-30 [23:12:01,974] [TRACE] [/devices/szlab_mixer_stirrer] 【.get_property】获取同步属性: status [get_property:371] [unilabos.ros.nodes.base_device_node]
26-07-30 [23:12:01,981] [TRACE] [/devices/szlab_mixer_photoshotting] 【.get_property】获取同步属性: last_photo_path [get_property:371] [unilabos.ros.nodes.base_device_node]
26-07-30 [23:12:01,983] [TRACE] [/devices/szlab_mixer_photoshotting] 【.get_property】获取同步属性: last_result [get_property:371] [unilabos.ros.nodes.base_device_node]
26-07-30 [23:12:01,986] [TRACE] [/devices/szlab_mixer_photoshotting] 【.get_property】获取同步属性: status [get_property:371] [unilabos.ros.nodes.base_device_node]
26-07-30 [23:12:01,991] [TRACE] [/devices/szlab_mixer_pump] 【.get_property】获取同步属性: status [get_property:371] [unilabos.ros.nodes.base_device_node]
26-07-30 [23:12:02,022] [TRACE] [/devices/szlab_mixer_pipetting_station] 【.get_property】获取同步属性: status [get_property:371] [unilabos.ros.nodes.base_device_node]
26-07-30 [23:12:02,123] [DEBUG] 使用节点: '传感器状态_上位机[3].NO[11]', NodeId: ns=4;s=上位机通讯|传感器状态_上位机[3].NO[11] [use_node:345] [unilabos.utils.log.post_process]
26-07-30 [23:12:02,661] [DEBUG] 使用节点: '传感器状态_上位机[3].NO[12]', NodeId: ns=4;s=上位机通讯|传感器状态_上位机[3].NO[12] [use_node:345] [unilabos.utils.log.post_process]
26-07-30 [23:12:02,823] [DEBUG] 使用节点: '传感器状态_上位机[3].NO[13]', NodeId: ns=4;s=上位机通讯|传感器状态_上位机[3].NO[13] [use_node:345] [unilabos.utils.log.post_process]
26-07-30 [23:12:02,984] [DEBUG] 使用节点: 'S06加工完成', NodeId: ns=4;s=上位机通讯|S06加工完成 [use_node:345] [unilabos.utils.log.post_process]
26-07-30 [23:12:02,989] [TRACE] [/devices/szlab_poly_plc] 【.get_property】获取同步属性: powder_container_occupied [get_property:371] [unilabos.ros.nodes.base_device_node]
26-07-30 [23:12:03,011] [TRACE] [/devices/szlab_s08_cap_station] 【.get_property】获取同步属性: last_s08_status [get_property:371] [unilabos.ros.nodes.base_device_node]
26-07-30 [23:12:03,144] [DEBUG] 使用节点: '传感器状态_上位机[3].NO[8]', NodeId: ns=4;s=上位机通讯|传感器状态_上位机[3].NO[8] [use_node:345] [unilabos.utils.log.post_process]
26-07-30 [23:12:03,306] [DEBUG] 使用节点: '传感器状态_上位机[3].NO[9]', NodeId: ns=4;s=上位机通讯|传感器状态_上位机[3].NO[9] [use_node:345] [unilabos.utils.log.post_process]
26-07-30 [23:12:03,467] [DEBUG] 使用节点: '传感器状态_上位机[3].NO[10]', NodeId: ns=4;s=上位机通讯|传感器状态_上位机[3].NO[10] [use_node:345] [unilabos.utils.log.post_process]
26-07-30 [23:12:03,630] [DEBUG] 使用节点: '传感器状态_上位机[3].NO[11]', NodeId: ns=4;s=上位机通讯|传感器状态_上位机[3].NO[11] [use_node:345] [unilabos.utils.log.post_process]
26-07-30 [23:12:03,791] [DEBUG] 使用节点: '传感器状态_上位机[3].NO[12]', NodeId: ns=4;s=上位机通讯|传感器状态_上位机[3].NO[12] [use_node:345] [unilabos.utils.log.post_process]
26-07-30 [23:12:03,952] [DEBUG] 使用节点: '传感器状态_上位机[3].NO[13]', NodeId: ns=4;s=上位机通讯|传感器状态_上位机[3].NO[13] [use_node:345] [unilabos.utils.log.post_process]
26-07-30 [23:12:04,114] [DEBUG] 使用节点: 'S06加工完成', NodeId: ns=4;s=上位机通讯|S06加工完成 [use_node:345] [unilabos.utils.log.post_process]
26-07-30 [23:12:04,119] [TRACE] [/devices/szlab_poly_plc] 【.get_property】获取同步属性: powder_container_occupied [get_property:371] [unilabos.ros.nodes.base_device_node]
26-07-30 [23:12:04,275] [DEBUG] 使用节点: '传感器状态_上位机[3].NO[8]', NodeId: ns=4;s=上位机通讯|传感器状态_上位机[3].NO[8] [use_node:345] [unilabos.utils.log.post_process]
26-07-30 [23:12:04,436] [DEBUG] 使用节点: '传感器状态_上位机[3].NO[9]', NodeId: ns=4;s=上位机通讯|传感器状态_上位机[3].NO[9] [use_node:345] [unilabos.utils.log.post_process]
26-07-30 [23:12:04,597] [DEBUG] 使用节点: '传感器状态_上位机[3].NO[10]', NodeId: ns=4;s=上位机通讯|传感器状态_上位机[3].NO[10] [use_node:345] [unilabos.utils.log.post_process]
26-07-30 [23:12:04,758] [DEBUG] 使用节点: '传感器状态_上位机[3].NO[11]', NodeId: ns=4;s=上位机通讯|传感器状态_上位机[3].NO[11] [use_node:345] [unilabos.utils.log.post_process]
26-07-30 [23:12:05,012] [TRACE] [/devices/szlab_s08_cap_station] 【.get_property】获取同步属性: last_s08_status [get_property:371] [unilabos.ros.nodes.base_device_node]
26-07-30 [23:12:05,285] [DEBUG] 使用节点: '传感器状态_上位机[3].NO[12]', NodeId: ns=4;s=上位机通讯|传感器状态_上位机[3].NO[12] [use_node:345] [unilabos.utils.log.post_process]
26-07-30 [23:12:05,446] [DEBUG] 使用节点: '传感器状态_上位机[3].NO[13]', NodeId: ns=4;s=上位机通讯|传感器状态_上位机[3].NO[13] [use_node:345] [unilabos.utils.log.post_process]
26-07-30 [23:12:05,608] [DEBUG] 使用节点: 'S06加工完成', NodeId: ns=4;s=上位机通讯|S06加工完成 [use_node:345] [unilabos.utils.log.post_process]
26-07-30 [23:12:05,614] [TRACE] [/devices/szlab_poly_plc] 【.get_property】获取同步属性: powder_container_occupied [get_property:371] [unilabos.ros.nodes.base_device_node]
26-07-30 [23:12:05,769] [DEBUG] 使用节点: '传感器状态_上位机[3].NO[8]', NodeId: ns=4;s=上位机通讯|传感器状态_上位机[3].NO[8] [use_node:345] [unilabos.utils.log.post_process]
26-07-30 [23:12:06,309] [DEBUG] 使用节点: '传感器状态_上位机[3].NO[9]', NodeId: ns=4;s=上位机通讯|传感器状态_上位机[3].NO[9] [use_node:345] [unilabos.utils.log.post_process]
26-07-30 [23:12:06,861] [DEBUG] 使用节点: '传感器状态_上位机[3].NO[10]', NodeId: ns=4;s=上位机通讯|传感器状态_上位机[3].NO[10] [use_node:345] [unilabos.utils.log.post_process]
26-07-30 [23:12:06,974] [TRACE] [/devices/szlab_mixer_stirrer] 【.get_property】获取同步属性: status [get_property:371] [unilabos.ros.nodes.base_device_node]
26-07-30 [23:12:06,981] [TRACE] [/devices/szlab_mixer_photoshotting] 【.get_property】获取同步属性: last_photo_path [get_property:371] [unilabos.ros.nodes.base_device_node]
26-07-30 [23:12:06,983] [TRACE] [/devices/szlab_mixer_photoshotting] 【.get_property】获取同步属性: last_result [get_property:371] [unilabos.ros.nodes.base_device_node]
26-07-30 [23:12:06,983] [TRACE] [/devices/szlab_mixer_photoshotting] 【.get_property】获取同步属性: status [get_property:371] [unilabos.ros.nodes.base_device_node]
26-07-30 [23:12:06,991] [TRACE] [/devices/szlab_mixer_pump] 【.get_property】获取同步属性: status [get_property:371] [unilabos.ros.nodes.base_device_node]
26-07-30 [23:12:07,011] [TRACE] [/devices/szlab_s08_cap_station] 【.get_property】获取同步属性: last_s08_status [get_property:371] [unilabos.ros.nodes.base_device_node]
26-07-30 [23:12:07,022] [TRACE] [/devices/szlab_mixer_pipetting_station] 【.get_property】获取同步属性: status [get_property:371] [unilabos.ros.nodes.base_device_node]
26-07-30 [23:12:07,023] [DEBUG] 使用节点: '传感器状态_上位机[3].NO[11]', NodeId: ns=4;s=上位机通讯|传感器状态_上位机[3].NO[11] [use_node:345] [unilabos.utils.log.post_process]
26-07-30 [23:12:07,184] [DEBUG] 使用节点: '传感器状态_上位机[3].NO[12]', NodeId: ns=4;s=上位机通讯|传感器状态_上位机[3].NO[12] [use_node:345] [unilabos.utils.log.post_process]
26-07-30 [23:12:07,717] [DEBUG] 使用节点: '传感器状态_上位机[3].NO[13]', NodeId: ns=4;s=上位机通讯|传感器状态_上位机[3].NO[13] [use_node:345] [unilabos.utils.log.post_process]
26-07-30 [23:12:08,269] [DEBUG] 使用节点: 'S06加工完成', NodeId: ns=4;s=上位机通讯|S06加工完成 [use_node:345] [unilabos.utils.log.post_process]
26-07-30 [23:12:08,275] [TRACE] [/devices/szlab_poly_plc] 【.get_property】获取同步属性: powder_container_occupied [get_property:371] [unilabos.ros.nodes.base_device_node]
26-07-30 [23:12:08,430] [DEBUG] 使用节点: '传感器状态_上位机[3].NO[8]', NodeId: ns=4;s=上位机通讯|传感器状态_上位机[3].NO[8] [use_node:345] [unilabos.utils.log.post_process]
26-07-30 [23:12:08,965] [DEBUG] 使用节点: '传感器状态_上位机[3].NO[9]', NodeId: ns=4;s=上位机通讯|传感器状态_上位机[3].NO[9] [use_node:345] [unilabos.utils.log.post_process]
26-07-30 [23:12:09,012] [TRACE] [/devices/szlab_s08_cap_station] 【.get_property】获取同步属性: last_s08_status [get_property:371] [unilabos.ros.nodes.base_device_node]
26-07-30 [23:12:09,127] [DEBUG] 使用节点: '传感器状态_上位机[3].NO[10]', NodeId: ns=4;s=上位机通讯|传感器状态_上位机[3].NO[10] [use_node:345] [unilabos.utils.log.post_process]
26-07-30 [23:12:09,290] [DEBUG] 使用节点: '传感器状态_上位机[3].NO[11]', NodeId: ns=4;s=上位机通讯|传感器状态_上位机[3].NO[11] [use_node:345] [unilabos.utils.log.post_process]
26-07-30 [23:12:09,451] [DEBUG] 使用节点: '传感器状态_上位机[3].NO[12]', NodeId: ns=4;s=上位机通讯|传感器状态_上位机[3].NO[12] [use_node:345] [unilabos.utils.log.post_process]
26-07-30 [23:12:09,613] [DEBUG] 使用节点: '传感器状态_上位机[3].NO[13]', NodeId: ns=4;s=上位机通讯|传感器状态_上位机[3].NO[13] [use_node:345] [unilabos.utils.log.post_process]
26-07-30 [23:12:09,774] [DEBUG] 使用节点: 'S06加工完成', NodeId: ns=4;s=上位机通讯|S06加工完成 [use_node:345] [unilabos.utils.log.post_process]
26-07-30 [23:12:09,779] [TRACE] [/devices/szlab_poly_plc] 【.get_property】获取同步属性: powder_container_occupied [get_property:371] [unilabos.ros.nodes.base_device_node]
26-07-30 [23:12:09,935] [DEBUG] 使用节点: '传感器状态_上位机[3].NO[8]', NodeId: ns=4;s=上位机通讯|传感器状态_上位机[3].NO[8] [use_node:345] [unilabos.utils.log.post_process]
26-07-30 [23:12:10,096] [DEBUG] 使用节点: '传感器状态_上位机[3].NO[9]', NodeId: ns=4;s=上位机通讯|传感器状态_上位机[3].NO[9] [use_node:345] [unilabos.utils.log.post_process]
26-07-30 [23:12:10,257] [DEBUG] 使用节点: '传感器状态_上位机[3].NO[10]', NodeId: ns=4;s=上位机通讯|传感器状态_上位机[3].NO[10] [use_node:345] [unilabos.utils.log.post_process]
26-07-30 [23:12:10,418] [DEBUG] 使用节点: '传感器状态_上位机[3].NO[11]', NodeId: ns=4;s=上位机通讯|传感器状态_上位机[3].NO[11] [use_node:345] [unilabos.utils.log.post_process]
26-07-30 [23:12:10,579] [DEBUG] 使用节点: '传感器状态_上位机[3].NO[12]', NodeId: ns=4;s=上位机通讯|传感器状态_上位机[3].NO[12] [use_node:345] [unilabos.utils.log.post_process]
26-07-30 [23:12:10,740] [DEBUG] 使用节点: '传感器状态_上位机[3].NO[13]', NodeId: ns=4;s=上位机通讯|传感器状态_上位机[3].NO[13] [use_node:345] [unilabos.utils.log.post_process]
26-07-30 [23:12:10,902] [DEBUG] 使用节点: 'S06加工完成', NodeId: ns=4;s=上位机通讯|S06加工完成 [use_node:345] [unilabos.utils.log.post_process]
26-07-30 [23:12:10,907] [TRACE] [/devices/szlab_poly_plc] 【.get_property】获取同步属性: powder_container_occupied [get_property:371] [unilabos.ros.nodes.base_device_node]
26-07-30 [23:12:11,012] [TRACE] [/devices/szlab_s08_cap_station] 【.get_property】获取同步属性: last_s08_status [get_property:371] [unilabos.ros.nodes.base_device_node]
26-07-30 [23:12:11,063] [DEBUG] 使用节点: '传感器状态_上位机[3].NO[8]', NodeId: ns=4;s=上位机通讯|传感器状态_上位机[3].NO[8] [use_node:345] [unilabos.utils.log.post_process]
26-07-30 [23:12:11,224] [DEBUG] 使用节点: '传感器状态_上位机[3].NO[9]', NodeId: ns=4;s=上位机通讯|传感器状态_上位机[3].NO[9] [use_node:345] [unilabos.utils.log.post_process]
26-07-30 [23:12:11,385] [DEBUG] 使用节点: '传感器状态_上位机[3].NO[10]', NodeId: ns=4;s=上位机通讯|传感器状态_上位机[3].NO[10] [use_node:345] [unilabos.utils.log.post_process]
26-07-30 [23:12:11,546] [DEBUG] 使用节点: '传感器状态_上位机[3].NO[11]', NodeId: ns=4;s=上位机通讯|传感器状态_上位机[3].NO[11] [use_node:345] [unilabos.utils.log.post_process]
26-07-30 [23:12:11,708] [DEBUG] 使用节点: '传感器状态_上位机[3].NO[12]', NodeId: ns=4;s=上位机通讯|传感器状态_上位机[3].NO[12] [use_node:345] [unilabos.utils.log.post_process]
26-07-30 [23:12:11,974] [TRACE] [/devices/szlab_mixer_stirrer] 【.get_property】获取同步属性: status [get_property:371] [unilabos.ros.nodes.base_device_node]
26-07-30 [23:12:11,982] [TRACE] [/devices/szlab_mixer_photoshotting] 【.get_property】获取同步属性: last_photo_path [get_property:371] [unilabos.ros.nodes.base_device_node]
26-07-30 [23:12:11,983] [TRACE] [/devices/szlab_mixer_photoshotting] 【.get_property】获取同步属性: status [get_property:371] [unilabos.ros.nodes.base_device_node]
26-07-30 [23:12:11,985] [TRACE] [/devices/szlab_mixer_photoshotting] 【.get_property】获取同步属性: last_result [get_property:371] [unilabos.ros.nodes.base_device_node]
26-07-30 [23:12:11,991] [TRACE] [/devices/szlab_mixer_pump] 【.get_property】获取同步属性: status [get_property:371] [unilabos.ros.nodes.base_device_node]
26-07-30 [23:12:12,022] [TRACE] [/devices/szlab_mixer_pipetting_station] 【.get_property】获取同步属性: status [get_property:371] [unilabos.ros.nodes.base_device_node]
26-07-30 [23:12:12,036] [TRACE] [/devices/host_node] [Host Node] Discovering devices in the network... [_discover_devices:472] [unilabos.ros.nodes.presets.host_node]
26-07-30 [23:12:12,036] [TRACE] [/devices/host_node] [Host Node] Total online devices: 9 [_discover_devices:525] [unilabos.ros.nodes.presets.host_node]
26-07-30 [23:12:12,261] [DEBUG] 使用节点: '传感器状态_上位机[3].NO[13]', NodeId: ns=4;s=上位机通讯|传感器状态_上位机[3].NO[13] [use_node:345] [unilabos.utils.log.post_process]
26-07-30 [23:12:12,423] [DEBUG] 使用节点: 'S06加工完成', NodeId: ns=4;s=上位机通讯|S06加工完成 [use_node:345] [unilabos.utils.log.post_process]
26-07-30 [23:12:12,429] [TRACE] [/devices/szlab_poly_plc] 【.get_property】获取同步属性: powder_container_occupied [get_property:371] [unilabos.ros.nodes.base_device_node]
26-07-30 [23:12:13,012] [TRACE] [/devices/szlab_s08_cap_station] 【.get_property】获取同步属性: last_s08_status [get_property:371] [unilabos.ros.nodes.base_device_node]
26-07-30 [23:12:13,349] [DEBUG] 使用节点: '传感器状态_上位机[3].NO[8]', NodeId: ns=4;s=上位机通讯|传感器状态_上位机[3].NO[8] [use_node:345] [unilabos.utils.log.post_process]
26-07-30 [23:12:13,510] [DEBUG] 使用节点: '传感器状态_上位机[3].NO[9]', NodeId: ns=4;s=上位机通讯|传感器状态_上位机[3].NO[9] [use_node:345] [unilabos.utils.log.post_process]
26-07-30 [23:12:13,672] [DEBUG] 使用节点: '传感器状态_上位机[3].NO[10]', NodeId: ns=4;s=上位机通讯|传感器状态_上位机[3].NO[10] [use_node:345] [unilabos.utils.log.post_process]
26-07-30 [23:12:13,833] [DEBUG] 使用节点: '传感器状态_上位机[3].NO[11]', NodeId: ns=4;s=上位机通讯|传感器状态_上位机[3].NO[11] [use_node:345] [unilabos.utils.log.post_process]
26-07-30 [23:12:13,995] [DEBUG] 使用节点: '传感器状态_上位机[3].NO[12]', NodeId: ns=4;s=上位机通讯|传感器状态_上位机[3].NO[12] [use_node:345] [unilabos.utils.log.post_process]
26-07-30 [23:12:14,156] [DEBUG] 使用节点: '传感器状态_上位机[3].NO[13]', NodeId: ns=4;s=上位机通讯|传感器状态_上位机[3].NO[13] [use_node:345] [unilabos.utils.log.post_process]
26-07-30 [23:12:14,318] [DEBUG] 使用节点: 'S06加工完成', NodeId: ns=4;s=上位机通讯|S06加工完成 [use_node:345] [unilabos.utils.log.post_process]
26-07-30 [23:12:14,323] [TRACE] [/devices/szlab_poly_plc] 【.get_property】获取同步属性: powder_container_occupied [get_property:371] [unilabos.ros.nodes.base_device_node]
26-07-30 [23:12:14,853] [DEBUG] 使用节点: '传感器状态_上位机[3].NO[8]', NodeId: ns=4;s=上位机通讯|传感器状态_上位机[3].NO[8] [use_node:345] [unilabos.utils.log.post_process]
26-07-30 [23:12:15,012] [TRACE] [/devices/szlab_s08_cap_station] 【.get_property】获取同步属性: last_s08_status [get_property:371] [unilabos.ros.nodes.base_device_node]
26-07-30 [23:12:16,974] [TRACE] [/devices/szlab_mixer_stirrer] 【.get_property】获取同步属性: status [get_property:371] [unilabos.ros.nodes.base_device_node]
26-07-30 [23:12:16,981] [TRACE] [/devices/szlab_mixer_photoshotting] 【.get_property】获取同步属性: last_photo_path [get_property:371] [unilabos.ros.nodes.base_device_node]
26-07-30 [23:12:16,983] [TRACE] [/devices/szlab_mixer_photoshotting] 【.get_property】获取同步属性: last_result [get_property:371] [unilabos.ros.nodes.base_device_node]
26-07-30 [23:12:16,986] [TRACE] [/devices/szlab_mixer_photoshotting] 【.get_property】获取同步属性: status [get_property:371] [unilabos.ros.nodes.base_device_node]
26-07-30 [23:12:16,991] [TRACE] [/devices/szlab_mixer_pump] 【.get_property】获取同步属性: status [get_property:371] [unilabos.ros.nodes.base_device_node]
26-07-30 [23:12:17,011] [TRACE] [/devices/szlab_s08_cap_station] 【.get_property】获取同步属性: last_s08_status [get_property:371] [unilabos.ros.nodes.base_device_node]
26-07-30 [23:12:17,022] [TRACE] [/devices/szlab_mixer_pipetting_station] 【.get_property】获取同步属性: status [get_property:371] [unilabos.ros.nodes.base_device_node]
26-07-30 [23:12:17,637] [DEBUG] 使用节点: '传感器状态_上位机[3].NO[9]', NodeId: ns=4;s=上位机通讯|传感器状态_上位机[3].NO[9] [use_node:345] [unilabos.utils.log.post_process]
26-07-30 [23:12:17,799] [DEBUG] 使用节点: '传感器状态_上位机[3].NO[10]', NodeId: ns=4;s=上位机通讯|传感器状态_上位机[3].NO[10] [use_node:345] [unilabos.utils.log.post_process]
26-07-30 [23:12:17,960] [DEBUG] 使用节点: '传感器状态_上位机[3].NO[11]', NodeId: ns=4;s=上位机通讯|传感器状态_上位机[3].NO[11] [use_node:345] [unilabos.utils.log.post_process]
26-07-30 [23:12:18,122] [DEBUG] 使用节点: '传感器状态_上位机[3].NO[12]', NodeId: ns=4;s=上位机通讯|传感器状态_上位机[3].NO[12] [use_node:345] [unilabos.utils.log.post_process]
26-07-30 [23:12:18,284] [DEBUG] 使用节点: '传感器状态_上位机[3].NO[13]', NodeId: ns=4;s=上位机通讯|传感器状态_上位机[3].NO[13] [use_node:345] [unilabos.utils.log.post_process]
26-07-30 [23:12:18,446] [DEBUG] 使用节点: 'S06加工完成', NodeId: ns=4;s=上位机通讯|S06加工完成 [use_node:345] [unilabos.utils.log.post_process]
26-07-30 [23:12:18,452] [TRACE] [/devices/szlab_poly_plc] 【.get_property】获取同步属性: powder_container_occupied [get_property:371] [unilabos.ros.nodes.base_device_node]
26-07-30 [23:12:18,607] [DEBUG] 使用节点: '传感器状态_上位机[3].NO[8]', NodeId: ns=4;s=上位机通讯|传感器状态_上位机[3].NO[8] [use_node:345] [unilabos.utils.log.post_process]
26-07-30 [23:12:18,768] [DEBUG] 使用节点: '传感器状态_上位机[3].NO[9]', NodeId: ns=4;s=上位机通讯|传感器状态_上位机[3].NO[9] [use_node:345] [unilabos.utils.log.post_process]
26-07-30 [23:12:18,929] [DEBUG] 使用节点: '传感器状态_上位机[3].NO[10]', NodeId: ns=4;s=上位机通讯|传感器状态_上位机[3].NO[10] [use_node:345] [unilabos.utils.log.post_process]
26-07-30 [23:12:19,012] [TRACE] [/devices/szlab_s08_cap_station] 【.get_property】获取同步属性: last_s08_status [get_property:371] [unilabos.ros.nodes.base_device_node]
26-07-30 [23:12:19,092] [DEBUG] 使用节点: '传感器状态_上位机[3].NO[11]', NodeId: ns=4;s=上位机通讯|传感器状态_上位机[3].NO[11] [use_node:345] [unilabos.utils.log.post_process]
26-07-30 [23:12:19,254] [DEBUG] 使用节点: '传感器状态_上位机[3].NO[12]', NodeId: ns=4;s=上位机通讯|传感器状态_上位机[3].NO[12] [use_node:345] [unilabos.utils.log.post_process]
26-07-30 [23:12:19,415] [DEBUG] 使用节点: '传感器状态_上位机[3].NO[13]', NodeId: ns=4;s=上位机通讯|传感器状态_上位机[3].NO[13] [use_node:345] [unilabos.utils.log.post_process]
26-07-30 [23:12:19,576] [DEBUG] 使用节点: 'S06加工完成', NodeId: ns=4;s=上位机通讯|S06加工完成 [use_node:345] [unilabos.utils.log.post_process]
26-07-30 [23:12:19,583] [TRACE] [/devices/szlab_poly_plc] 【.get_property】获取同步属性: powder_container_occupied [get_property:371] [unilabos.ros.nodes.base_device_node]
26-07-30 [23:12:20,133] [DEBUG] 使用节点: '传感器状态_上位机[3].NO[8]', NodeId: ns=4;s=上位机通讯|传感器状态_上位机[3].NO[8] [use_node:345] [unilabos.utils.log.post_process]
26-07-30 [23:12:20,294] [DEBUG] 使用节点: '传感器状态_上位机[3].NO[9]', NodeId: ns=4;s=上位机通讯|传感器状态_上位机[3].NO[9] [use_node:345] [unilabos.utils.log.post_process]
26-07-30 [23:12:20,456] [DEBUG] 使用节点: '传感器状态_上位机[3].NO[10]', NodeId: ns=4;s=上位机通讯|传感器状态_上位机[3].NO[10] [use_node:345] [unilabos.utils.log.post_process]
26-07-30 [23:12:20,617] [DEBUG] 使用节点: '传感器状态_上位机[3].NO[11]', NodeId: ns=4;s=上位机通讯|传感器状态_上位机[3].NO[11] [use_node:345] [unilabos.utils.log.post_process]
26-07-30 [23:12:20,778] [DEBUG] 使用节点: '传感器状态_上位机[3].NO[12]', NodeId: ns=4;s=上位机通讯|传感器状态_上位机[3].NO[12] [use_node:345] [unilabos.utils.log.post_process]
26-07-30 [23:12:20,939] [DEBUG] 使用节点: '传感器状态_上位机[3].NO[13]', NodeId: ns=4;s=上位机通讯|传感器状态_上位机[3].NO[13] [use_node:345] [unilabos.utils.log.post_process]
26-07-30 [23:12:21,012] [TRACE] [/devices/szlab_s08_cap_station] 【.get_property】获取同步属性: last_s08_status [get_property:371] [unilabos.ros.nodes.base_device_node]
26-07-30 [23:12:21,101] [DEBUG] 使用节点: 'S06加工完成', NodeId: ns=4;s=上位机通讯|S06加工完成 [use_node:345] [unilabos.utils.log.post_process]
26-07-30 [23:12:21,107] [TRACE] [/devices/szlab_poly_plc] 【.get_property】获取同步属性: powder_container_occupied [get_property:371] [unilabos.ros.nodes.base_device_node]
26-07-30 [23:12:21,262] [DEBUG] 使用节点: '传感器状态_上位机[3].NO[8]', NodeId: ns=4;s=上位机通讯|传感器状态_上位机[3].NO[8] [use_node:345] [unilabos.utils.log.post_process]
26-07-30 [23:12:21,424] [DEBUG] 使用节点: '传感器状态_上位机[3].NO[9]', NodeId: ns=4;s=上位机通讯|传感器状态_上位机[3].NO[9] [use_node:345] [unilabos.utils.log.post_process]
26-07-30 [23:12:21,585] [DEBUG] 使用节点: '传感器状态_上位机[3].NO[10]', NodeId: ns=4;s=上位机通讯|传感器状态_上位机[3].NO[10] [use_node:345] [unilabos.utils.log.post_process]
26-07-30 [23:12:21,746] [DEBUG] 使用节点: '传感器状态_上位机[3].NO[11]', NodeId: ns=4;s=上位机通讯|传感器状态_上位机[3].NO[11] [use_node:345] [unilabos.utils.log.post_process]
26-07-30 [23:12:21,908] [DEBUG] 使用节点: '传感器状态_上位机[3].NO[12]', NodeId: ns=4;s=上位机通讯|传感器状态_上位机[3].NO[12] [use_node:345] [unilabos.utils.log.post_process]
26-07-30 [23:12:21,974] [TRACE] [/devices/szlab_mixer_stirrer] 【.get_property】获取同步属性: status [get_property:371] [unilabos.ros.nodes.base_device_node]
26-07-30 [23:12:21,981] [TRACE] [/devices/szlab_mixer_photoshotting] 【.get_property】获取同步属性: last_photo_path [get_property:371] [unilabos.ros.nodes.base_device_node]
26-07-30 [23:12:21,983] [TRACE] [/devices/szlab_mixer_photoshotting] 【.get_property】获取同步属性: last_result [get_property:371] [unilabos.ros.nodes.base_device_node]
26-07-30 [23:12:21,986] [TRACE] [/devices/szlab_mixer_photoshotting] 【.get_property】获取同步属性: status [get_property:371] [unilabos.ros.nodes.base_device_node]
26-07-30 [23:12:21,991] [TRACE] [/devices/szlab_mixer_pump] 【.get_property】获取同步属性: status [get_property:371] [unilabos.ros.nodes.base_device_node]
26-07-30 [23:12:22,022] [TRACE] [/devices/szlab_mixer_pipetting_station] 【.get_property】获取同步属性: status [get_property:371] [unilabos.ros.nodes.base_device_node]
26-07-30 [23:12:22,069] [DEBUG] 使用节点: '传感器状态_上位机[3].NO[13]', NodeId: ns=4;s=上位机通讯|传感器状态_上位机[3].NO[13] [use_node:345] [unilabos.utils.log.post_process]
26-07-30 [23:12:22,231] [DEBUG] 使用节点: 'S06加工完成', NodeId: ns=4;s=上位机通讯|S06加工完成 [use_node:345] [unilabos.utils.log.post_process]
26-07-30 [23:12:22,237] [TRACE] [/devices/szlab_poly_plc] 【.get_property】获取同步属性: powder_container_occupied [get_property:371] [unilabos.ros.nodes.base_device_node]
26-07-30 [23:12:22,758] [DEBUG] 使用节点: '传感器状态_上位机[3].NO[8]', NodeId: ns=4;s=上位机通讯|传感器状态_上位机[3].NO[8] [use_node:345] [unilabos.utils.log.post_process]
26-07-30 [23:12:22,920] [DEBUG] 使用节点: '传感器状态_上位机[3].NO[9]', NodeId: ns=4;s=上位机通讯|传感器状态_上位机[3].NO[9] [use_node:345] [unilabos.utils.log.post_process]
26-07-30 [23:12:23,012] [TRACE] [/devices/szlab_s08_cap_station] 【.get_property】获取同步属性: last_s08_status [get_property:371] [unilabos.ros.nodes.base_device_node]
26-07-30 [23:12:23,082] [DEBUG] 使用节点: '传感器状态_上位机[3].NO[10]', NodeId: ns=4;s=上位机通讯|传感器状态_上位机[3].NO[10] [use_node:345] [unilabos.utils.log.post_process]
26-07-30 [23:12:23,244] [DEBUG] 使用节点: '传感器状态_上位机[3].NO[11]', NodeId: ns=4;s=上位机通讯|传感器状态_上位机[3].NO[11] [use_node:345] [unilabos.utils.log.post_process]
26-07-30 [23:12:23,406] [DEBUG] 使用节点: '传感器状态_上位机[3].NO[12]', NodeId: ns=4;s=上位机通讯|传感器状态_上位机[3].NO[12] [use_node:345] [unilabos.utils.log.post_process]
26-07-30 [23:12:23,568] [DEBUG] 使用节点: '传感器状态_上位机[3].NO[13]', NodeId: ns=4;s=上位机通讯|传感器状态_上位机[3].NO[13] [use_node:345] [unilabos.utils.log.post_process]
26-07-30 [23:12:23,731] [DEBUG] 使用节点: 'S06加工完成', NodeId: ns=4;s=上位机通讯|S06加工完成 [use_node:345] [unilabos.utils.log.post_process]
26-07-30 [23:12:23,737] [TRACE] [/devices/szlab_poly_plc] 【.get_property】获取同步属性: powder_container_occupied [get_property:371] [unilabos.ros.nodes.base_device_node]
26-07-30 [23:12:23,893] [DEBUG] 使用节点: '传感器状态_上位机[3].NO[8]', NodeId: ns=4;s=上位机通讯|传感器状态_上位机[3].NO[8] [use_node:345] [unilabos.utils.log.post_process]
26-07-30 [23:12:24,055] [DEBUG] 使用节点: '传感器状态_上位机[3].NO[9]', NodeId: ns=4;s=上位机通讯|传感器状态_上位机[3].NO[9] [use_node:345] [unilabos.utils.log.post_process]
26-07-30 [23:12:24,218] [DEBUG] 使用节点: '传感器状态_上位机[3].NO[10]', NodeId: ns=4;s=上位机通讯|传感器状态_上位机[3].NO[10] [use_node:345] [unilabos.utils.log.post_process]
26-07-30 [23:12:24,773] [DEBUG] 使用节点: '传感器状态_上位机[3].NO[11]', NodeId: ns=4;s=上位机通讯|传感器状态_上位机[3].NO[11] [use_node:345] [unilabos.utils.log.post_process]
26-07-30 [23:12:24,936] [DEBUG] 使用节点: '传感器状态_上位机[3].NO[12]', NodeId: ns=4;s=上位机通讯|传感器状态_上位机[3].NO[12] [use_node:345] [unilabos.utils.log.post_process]
26-07-30 [23:12:25,012] [TRACE] [/devices/szlab_s08_cap_station] 【.get_property】获取同步属性: last_s08_status [get_property:371] [unilabos.ros.nodes.base_device_node]
26-07-30 [23:12:25,478] [DEBUG] 使用节点: '传感器状态_上位机[3].NO[13]', NodeId: ns=4;s=上位机通讯|传感器状态_上位机[3].NO[13] [use_node:345] [unilabos.utils.log.post_process]
26-07-30 [23:12:25,641] [DEBUG] 使用节点: 'S06加工完成', NodeId: ns=4;s=上位机通讯|S06加工完成 [use_node:345] [unilabos.utils.log.post_process]
26-07-30 [23:12:25,647] [TRACE] [/devices/szlab_poly_plc] 【.get_property】获取同步属性: powder_container_occupied [get_property:371] [unilabos.ros.nodes.base_device_node]
26-07-30 [23:12:25,803] [DEBUG] 使用节点: '传感器状态_上位机[3].NO[8]', NodeId: ns=4;s=上位机通讯|传感器状态_上位机[3].NO[8] [use_node:345] [unilabos.utils.log.post_process]
26-07-30 [23:12:25,964] [DEBUG] 使用节点: '传感器状态_上位机[3].NO[9]', NodeId: ns=4;s=上位机通讯|传感器状态_上位机[3].NO[9] [use_node:345] [unilabos.utils.log.post_process]
26-07-30 [23:12:26,125] [DEBUG] 使用节点: '传感器状态_上位机[3].NO[10]', NodeId: ns=4;s=上位机通讯|传感器状态_上位机[3].NO[10] [use_node:345] [unilabos.utils.log.post_process]
26-07-30 [23:12:26,287] [DEBUG] 使用节点: '传感器状态_上位机[3].NO[11]', NodeId: ns=4;s=上位机通讯|传感器状态_上位机[3].NO[11] [use_node:345] [unilabos.utils.log.post_process]
26-07-30 [23:12:26,449] [DEBUG] 使用节点: '传感器状态_上位机[3].NO[12]', NodeId: ns=4;s=上位机通讯|传感器状态_上位机[3].NO[12] [use_node:345] [unilabos.utils.log.post_process]
26-07-30 [23:12:26,611] [DEBUG] 使用节点: '传感器状态_上位机[3].NO[13]', NodeId: ns=4;s=上位机通讯|传感器状态_上位机[3].NO[13] [use_node:345] [unilabos.utils.log.post_process]
26-07-30 [23:12:26,974] [TRACE] [/devices/szlab_mixer_stirrer] 【.get_property】获取同步属性: status [get_property:371] [unilabos.ros.nodes.base_device_node]
26-07-30 [23:12:26,981] [TRACE] [/devices/szlab_mixer_photoshotting] 【.get_property】获取同步属性: last_photo_path [get_property:371] [unilabos.ros.nodes.base_device_node]
26-07-30 [23:12:26,983] [TRACE] [/devices/szlab_mixer_photoshotting] 【.get_property】获取同步属性: last_result [get_property:371] [unilabos.ros.nodes.base_device_node]
26-07-30 [23:12:26,986] [TRACE] [/devices/szlab_mixer_photoshotting] 【.get_property】获取同步属性: status [get_property:371] [unilabos.ros.nodes.base_device_node]
26-07-30 [23:12:26,991] [TRACE] [/devices/szlab_mixer_pump] 【.get_property】获取同步属性: status [get_property:371] [unilabos.ros.nodes.base_device_node]
26-07-30 [23:12:27,011] [TRACE] [/devices/szlab_s08_cap_station] 【.get_property】获取同步属性: last_s08_status [get_property:371] [unilabos.ros.nodes.base_device_node]
26-07-30 [23:12:27,022] [TRACE] [/devices/szlab_mixer_pipetting_station] 【.get_property】获取同步属性: status [get_property:371] [unilabos.ros.nodes.base_device_node]
26-07-30 [23:12:27,036] [TRACE] [/devices/host_node] [Host Node] Discovering devices in the network... [_discover_devices:472] [unilabos.ros.nodes.presets.host_node]
26-07-30 [23:12:27,036] [TRACE] [/devices/host_node] [Host Node] Total online devices: 9 [_discover_devices:525] [unilabos.ros.nodes.presets.host_node]
26-07-30 [23:12:27,142] [DEBUG] 使用节点: 'S06加工完成', NodeId: ns=4;s=上位机通讯|S06加工完成 [use_node:345] [unilabos.utils.log.post_process]
26-07-30 [23:12:27,149] [TRACE] [/devices/szlab_poly_plc] 【.get_property】获取同步属性: powder_container_occupied [get_property:371] [unilabos.ros.nodes.base_device_node]
26-07-30 [23:12:27,305] [DEBUG] 使用节点: '传感器状态_上位机[3].NO[8]', NodeId: ns=4;s=上位机通讯|传感器状态_上位机[3].NO[8] [use_node:345] [unilabos.utils.log.post_process]
26-07-30 [23:12:27,467] [DEBUG] 使用节点: '传感器状态_上位机[3].NO[9]', NodeId: ns=4;s=上位机通讯|传感器状态_上位机[3].NO[9] [use_node:345] [unilabos.utils.log.post_process]
26-07-30 [23:12:28,005] [DEBUG] 使用节点: '传感器状态_上位机[3].NO[10]', NodeId: ns=4;s=上位机通讯|传感器状态_上位机[3].NO[10] [use_node:345] [unilabos.utils.log.post_process]
26-07-30 [23:12:28,166] [DEBUG] 使用节点: '传感器状态_上位机[3].NO[11]', NodeId: ns=4;s=上位机通讯|传感器状态_上位机[3].NO[11] [use_node:345] [unilabos.utils.log.post_process]
26-07-30 [23:12:28,328] [DEBUG] 使用节点: '传感器状态_上位机[3].NO[12]', NodeId: ns=4;s=上位机通讯|传感器状态_上位机[3].NO[12] [use_node:345] [unilabos.utils.log.post_process]
26-07-30 [23:12:28,489] [DEBUG] 使用节点: '传感器状态_上位机[3].NO[13]', NodeId: ns=4;s=上位机通讯|传感器状态_上位机[3].NO[13] [use_node:345] [unilabos.utils.log.post_process]
26-07-30 [23:12:28,652] [DEBUG] 使用节点: 'S06加工完成', NodeId: ns=4;s=上位机通讯|S06加工完成 [use_node:345] [unilabos.utils.log.post_process]
26-07-30 [23:12:28,658] [TRACE] [/devices/szlab_poly_plc] 【.get_property】获取同步属性: powder_container_occupied [get_property:371] [unilabos.ros.nodes.base_device_node]
26-07-30 [23:12:28,813] [DEBUG] 使用节点: '传感器状态_上位机[3].NO[8]', NodeId: ns=4;s=上位机通讯|传感器状态_上位机[3].NO[8] [use_node:345] [unilabos.utils.log.post_process]
26-07-30 [23:12:28,975] [DEBUG] 使用节点: '传感器状态_上位机[3].NO[9]', NodeId: ns=4;s=上位机通讯|传感器状态_上位机[3].NO[9] [use_node:345] [unilabos.utils.log.post_process]
26-07-30 [23:12:29,012] [TRACE] [/devices/szlab_s08_cap_station] 【.get_property】获取同步属性: last_s08_status [get_property:371] [unilabos.ros.nodes.base_device_node]
26-07-30 [23:12:29,137] [DEBUG] 使用节点: '传感器状态_上位机[3].NO[10]', NodeId: ns=4;s=上位机通讯|传感器状态_上位机[3].NO[10] [use_node:345] [unilabos.utils.log.post_process]
26-07-30 [23:12:29,300] [DEBUG] 使用节点: '传感器状态_上位机[3].NO[11]', NodeId: ns=4;s=上位机通讯|传感器状态_上位机[3].NO[11] [use_node:345] [unilabos.utils.log.post_process]
26-07-30 [23:12:29,462] [DEBUG] 使用节点: '传感器状态_上位机[3].NO[12]', NodeId: ns=4;s=上位机通讯|传感器状态_上位机[3].NO[12] [use_node:345] [unilabos.utils.log.post_process]
26-07-30 [23:12:29,625] [DEBUG] 使用节点: '传感器状态_上位机[3].NO[13]', NodeId: ns=4;s=上位机通讯|传感器状态_上位机[3].NO[13] [use_node:345] [unilabos.utils.log.post_process]
26-07-30 [23:12:29,788] [DEBUG] 使用节点: 'S06加工完成', NodeId: ns=4;s=上位机通讯|S06加工完成 [use_node:345] [unilabos.utils.log.post_process]
26-07-30 [23:12:29,794] [TRACE] [/devices/szlab_poly_plc] 【.get_property】获取同步属性: powder_container_occupied [get_property:371] [unilabos.ros.nodes.base_device_node]
26-07-30 [23:12:29,949] [DEBUG] 使用节点: '传感器状态_上位机[3].NO[8]', NodeId: ns=4;s=上位机通讯|传感器状态_上位机[3].NO[8] [use_node:345] [unilabos.utils.log.post_process]
26-07-30 [23:12:30,112] [DEBUG] 使用节点: '传感器状态_上位机[3].NO[9]', NodeId: ns=4;s=上位机通讯|传感器状态_上位机[3].NO[9] [use_node:345] [unilabos.utils.log.post_process]
26-07-30 [23:12:30,275] [DEBUG] 使用节点: '传感器状态_上位机[3].NO[10]', NodeId: ns=4;s=上位机通讯|传感器状态_上位机[3].NO[10] [use_node:345] [unilabos.utils.log.post_process]
26-07-30 [23:12:30,436] [DEBUG] 使用节点: '传感器状态_上位机[3].NO[11]', NodeId: ns=4;s=上位机通讯|传感器状态_上位机[3].NO[11] [use_node:345] [unilabos.utils.log.post_process]
26-07-30 [23:12:30,597] [DEBUG] 使用节点: '传感器状态_上位机[3].NO[12]', NodeId: ns=4;s=上位机通讯|传感器状态_上位机[3].NO[12] [use_node:345] [unilabos.utils.log.post_process]
26-07-30 [23:12:31,012] [TRACE] [/devices/szlab_s08_cap_station] 【.get_property】获取同步属性: last_s08_status [get_property:371] [unilabos.ros.nodes.base_device_node]
26-07-30 [23:12:31,141] [DEBUG] 使用节点: '传感器状态_上位机[3].NO[13]', NodeId: ns=4;s=上位机通讯|传感器状态_上位机[3].NO[13] [use_node:345] [unilabos.utils.log.post_process]
26-07-30 [23:12:31,304] [DEBUG] 使用节点: 'S06加工完成', NodeId: ns=4;s=上位机通讯|S06加工完成 [use_node:345] [unilabos.utils.log.post_process]
26-07-30 [23:12:31,310] [TRACE] [/devices/szlab_poly_plc] 【.get_property】获取同步属性: powder_container_occupied [get_property:371] [unilabos.ros.nodes.base_device_node]
26-07-30 [23:12:31,846] [DEBUG] 使用节点: '传感器状态_上位机[3].NO[8]', NodeId: ns=4;s=上位机通讯|传感器状态_上位机[3].NO[8] [use_node:345] [unilabos.utils.log.post_process]
26-07-30 [23:12:31,974] [TRACE] [/devices/szlab_mixer_stirrer] 【.get_property】获取同步属性: status [get_property:371] [unilabos.ros.nodes.base_device_node]
26-07-30 [23:12:31,981] [TRACE] [/devices/szlab_mixer_photoshotting] 【.get_property】获取同步属性: last_photo_path [get_property:371] [unilabos.ros.nodes.base_device_node]
26-07-30 [23:12:31,983] [TRACE] [/devices/szlab_mixer_photoshotting] 【.get_property】获取同步属性: last_result [get_property:371] [unilabos.ros.nodes.base_device_node]
26-07-30 [23:12:31,986] [TRACE] [/devices/szlab_mixer_photoshotting] 【.get_property】获取同步属性: status [get_property:371] [unilabos.ros.nodes.base_device_node]
26-07-30 [23:12:31,991] [TRACE] [/devices/szlab_mixer_pump] 【.get_property】获取同步属性: status [get_property:371] [unilabos.ros.nodes.base_device_node]
26-07-30 [23:12:32,007] [DEBUG] 使用节点: '传感器状态_上位机[3].NO[9]', NodeId: ns=4;s=上位机通讯|传感器状态_上位机[3].NO[9] [use_node:345] [unilabos.utils.log.post_process]
26-07-30 [23:12:32,022] [TRACE] [/devices/szlab_mixer_pipetting_station] 【.get_property】获取同步属性: status [get_property:371] [unilabos.ros.nodes.base_device_node]
26-07-30 [23:12:32,169] [DEBUG] 使用节点: '传感器状态_上位机[3].NO[10]', NodeId: ns=4;s=上位机通讯|传感器状态_上位机[3].NO[10] [use_node:345] [unilabos.utils.log.post_process]
26-07-30 [23:12:32,330] [DEBUG] 使用节点: '传感器状态_上位机[3].NO[11]', NodeId: ns=4;s=上位机通讯|传感器状态_上位机[3].NO[11] [use_node:345] [unilabos.utils.log.post_process]
26-07-30 [23:12:32,493] [DEBUG] 使用节点: '传感器状态_上位机[3].NO[12]', NodeId: ns=4;s=上位机通讯|传感器状态_上位机[3].NO[12] [use_node:345] [unilabos.utils.log.post_process]
26-07-30 [23:12:32,655] [DEBUG] 使用节点: '传感器状态_上位机[3].NO[13]', NodeId: ns=4;s=上位机通讯|传感器状态_上位机[3].NO[13] [use_node:345] [unilabos.utils.log.post_process]
26-07-30 [23:12:32,818] [DEBUG] 使用节点: 'S06加工完成', NodeId: ns=4;s=上位机通讯|S06加工完成 [use_node:345] [unilabos.utils.log.post_process]
26-07-30 [23:12:32,824] [TRACE] [/devices/szlab_poly_plc] 【.get_property】获取同步属性: powder_container_occupied [get_property:371] [unilabos.ros.nodes.base_device_node]
26-07-30 [23:12:33,012] [TRACE] [/devices/szlab_s08_cap_station] 【.get_property】获取同步属性: last_s08_status [get_property:371] [unilabos.ros.nodes.base_device_node]
26-07-30 [23:12:33,349] [DEBUG] 使用节点: '传感器状态_上位机[3].NO[8]', NodeId: ns=4;s=上位机通讯|传感器状态_上位机[3].NO[8] [use_node:345] [unilabos.utils.log.post_process]
26-07-30 [23:12:33,511] [DEBUG] 使用节点: '传感器状态_上位机[3].NO[9]', NodeId: ns=4;s=上位机通讯|传感器状态_上位机[3].NO[9] [use_node:345] [unilabos.utils.log.post_process]
26-07-30 [23:12:33,673] [DEBUG] 使用节点: '传感器状态_上位机[3].NO[10]', NodeId: ns=4;s=上位机通讯|传感器状态_上位机[3].NO[10] [use_node:345] [unilabos.utils.log.post_process]
26-07-30 [23:12:33,835] [DEBUG] 使用节点: '传感器状态_上位机[3].NO[11]', NodeId: ns=4;s=上位机通讯|传感器状态_上位机[3].NO[11] [use_node:345] [unilabos.utils.log.post_process]
26-07-30 [23:12:33,996] [DEBUG] 使用节点: '传感器状态_上位机[3].NO[12]', NodeId: ns=4;s=上位机通讯|传感器状态_上位机[3].NO[12] [use_node:345] [unilabos.utils.log.post_process]
26-07-30 [23:12:34,158] [DEBUG] 使用节点: '传感器状态_上位机[3].NO[13]', NodeId: ns=4;s=上位机通讯|传感器状态_上位机[3].NO[13] [use_node:345] [unilabos.utils.log.post_process]
26-07-30 [23:12:34,320] [DEBUG] 使用节点: 'S06加工完成', NodeId: ns=4;s=上位机通讯|S06加工完成 [use_node:345] [unilabos.utils.log.post_process]
26-07-30 [23:12:34,326] [TRACE] [/devices/szlab_poly_plc] 【.get_property】获取同步属性: powder_container_occupied [get_property:371] [unilabos.ros.nodes.base_device_node]
26-07-30 [23:12:34,482] [DEBUG] 使用节点: '传感器状态_上位机[3].NO[8]', NodeId: ns=4;s=上位机通讯|传感器状态_上位机[3].NO[8] [use_node:345] [unilabos.utils.log.post_process]
26-07-30 [23:12:35,012] [TRACE] [/devices/szlab_s08_cap_station] 【.get_property】获取同步属性: last_s08_status [get_property:371] [unilabos.ros.nodes.base_device_node]
26-07-30 [23:12:35,015] [DEBUG] 使用节点: '传感器状态_上位机[3].NO[9]', NodeId: ns=4;s=上位机通讯|传感器状态_上位机[3].NO[9] [use_node:345] [unilabos.utils.log.post_process]
26-07-30 [23:12:35,178] [DEBUG] 使用节点: '传感器状态_上位机[3].NO[10]', NodeId: ns=4;s=上位机通讯|传感器状态_上位机[3].NO[10] [use_node:345] [unilabos.utils.log.post_process]
26-07-30 [23:12:35,339] [DEBUG] 使用节点: '传感器状态_上位机[3].NO[11]', NodeId: ns=4;s=上位机通讯|传感器状态_上位机[3].NO[11] [use_node:345] [unilabos.utils.log.post_process]
26-07-30 [23:12:35,501] [DEBUG] 使用节点: '传感器状态_上位机[3].NO[12]', NodeId: ns=4;s=上位机通讯|传感器状态_上位机[3].NO[12] [use_node:345] [unilabos.utils.log.post_process]
26-07-30 [23:12:35,664] [DEBUG] 使用节点: '传感器状态_上位机[3].NO[13]', NodeId: ns=4;s=上位机通讯|传感器状态_上位机[3].NO[13] [use_node:345] [unilabos.utils.log.post_process]
26-07-30 [23:12:35,826] [DEBUG] 使用节点: 'S06加工完成', NodeId: ns=4;s=上位机通讯|S06加工完成 [use_node:345] [unilabos.utils.log.post_process]
26-07-30 [23:12:35,832] [TRACE] [/devices/szlab_poly_plc] 【.get_property】获取同步属性: powder_container_occupied [get_property:371] [unilabos.ros.nodes.base_device_node]
26-07-30 [23:12:35,988] [DEBUG] 使用节点: '传感器状态_上位机[3].NO[8]', NodeId: ns=4;s=上位机通讯|传感器状态_上位机[3].NO[8] [use_node:345] [unilabos.utils.log.post_process]
26-07-30 [23:12:36,151] [DEBUG] 使用节点: '传感器状态_上位机[3].NO[9]', NodeId: ns=4;s=上位机通讯|传感器状态_上位机[3].NO[9] [use_node:345] [unilabos.utils.log.post_process]
26-07-30 [23:12:36,313] [DEBUG] 使用节点: '传感器状态_上位机[3].NO[10]', NodeId: ns=4;s=上位机通讯|传感器状态_上位机[3].NO[10] [use_node:345] [unilabos.utils.log.post_process]
26-07-30 [23:12:36,475] [DEBUG] 使用节点: '传感器状态_上位机[3].NO[11]', NodeId: ns=4;s=上位机通讯|传感器状态_上位机[3].NO[11] [use_node:345] [unilabos.utils.log.post_process]
26-07-30 [23:12:36,638] [DEBUG] 使用节点: '传感器状态_上位机[3].NO[12]', NodeId: ns=4;s=上位机通讯|传感器状态_上位机[3].NO[12] [use_node:345] [unilabos.utils.log.post_process]
26-07-30 [23:12:36,801] [DEBUG] 使用节点: '传感器状态_上位机[3].NO[13]', NodeId: ns=4;s=上位机通讯|传感器状态_上位机[3].NO[13] [use_node:345] [unilabos.utils.log.post_process]
26-07-30 [23:12:36,963] [DEBUG] 使用节点: 'S06加工完成', NodeId: ns=4;s=上位机通讯|S06加工完成 [use_node:345] [unilabos.utils.log.post_process]
26-07-30 [23:12:36,970] [TRACE] [/devices/szlab_poly_plc] 【.get_property】获取同步属性: powder_container_occupied [get_property:371] [unilabos.ros.nodes.base_device_node]
26-07-30 [23:12:36,973] [TRACE] [/devices/szlab_mixer_stirrer] 【.get_property】获取同步属性: status [get_property:371] [unilabos.ros.nodes.base_device_node]
26-07-30 [23:12:36,981] [TRACE] [/devices/szlab_mixer_photoshotting] 【.get_property】获取同步属性: last_photo_path [get_property:371] [unilabos.ros.nodes.base_device_node]
26-07-30 [23:12:36,983] [TRACE] [/devices/szlab_mixer_photoshotting] 【.get_property】获取同步属性: last_result [get_property:371] [unilabos.ros.nodes.base_device_node]
26-07-30 [23:12:36,986] [TRACE] [/devices/szlab_mixer_photoshotting] 【.get_property】获取同步属性: status [get_property:371] [unilabos.ros.nodes.base_device_node]
26-07-30 [23:12:36,992] [TRACE] [/devices/szlab_mixer_pump] 【.get_property】获取同步属性: status [get_property:371] [unilabos.ros.nodes.base_device_node]
26-07-30 [23:12:37,011] [TRACE] [/devices/szlab_s08_cap_station] 【.get_property】获取同步属性: last_s08_status [get_property:371] [unilabos.ros.nodes.base_device_node]
26-07-30 [23:12:37,022] [TRACE] [/devices/szlab_mixer_pipetting_station] 【.get_property】获取同步属性: status [get_property:371] [unilabos.ros.nodes.base_device_node]
26-07-30 [23:12:37,125] [DEBUG] 使用节点: '传感器状态_上位机[3].NO[8]', NodeId: ns=4;s=上位机通讯|传感器状态_上位机[3].NO[8] [use_node:345] [unilabos.utils.log.post_process]
26-07-30 [23:12:37,287] [DEBUG] 使用节点: '传感器状态_上位机[3].NO[9]', NodeId: ns=4;s=上位机通讯|传感器状态_上位机[3].NO[9] [use_node:345] [unilabos.utils.log.post_process]
26-07-30 [23:12:37,450] [DEBUG] 使用节点: '传感器状态_上位机[3].NO[10]', NodeId: ns=4;s=上位机通讯|传感器状态_上位机[3].NO[10] [use_node:345] [unilabos.utils.log.post_process]
26-07-30 [23:12:37,989] [DEBUG] 使用节点: '传感器状态_上位机[3].NO[11]', NodeId: ns=4;s=上位机通讯|传感器状态_上位机[3].NO[11] [use_node:345] [unilabos.utils.log.post_process]
26-07-30 [23:12:38,152] [DEBUG] 使用节点: '传感器状态_上位机[3].NO[12]', NodeId: ns=4;s=上位机通讯|传感器状态_上位机[3].NO[12] [use_node:345] [unilabos.utils.log.post_process]
26-07-30 [23:12:38,315] [DEBUG] 使用节点: '传感器状态_上位机[3].NO[13]', NodeId: ns=4;s=上位机通讯|传感器状态_上位机[3].NO[13] [use_node:345] [unilabos.utils.log.post_process]
26-07-30 [23:12:38,853] [DEBUG] 使用节点: 'S06加工完成', NodeId: ns=4;s=上位机通讯|S06加工完成 [use_node:345] [unilabos.utils.log.post_process]
26-07-30 [23:12:38,860] [TRACE] [/devices/szlab_poly_plc] 【.get_property】获取同步属性: powder_container_occupied [get_property:371] [unilabos.ros.nodes.base_device_node]
26-07-30 [23:12:39,012] [TRACE] [/devices/szlab_s08_cap_station] 【.get_property】获取同步属性: last_s08_status [get_property:371] [unilabos.ros.nodes.base_device_node]
26-07-30 [23:12:40,165] [DEBUG] 使用节点: '传感器状态_上位机[3].NO[8]', NodeId: ns=4;s=上位机通讯|传感器状态_上位机[3].NO[8] [use_node:345] [unilabos.utils.log.post_process]
26-07-30 [23:12:40,328] [DEBUG] 使用节点: '传感器状态_上位机[3].NO[9]', NodeId: ns=4;s=上位机通讯|传感器状态_上位机[3].NO[9] [use_node:345] [unilabos.utils.log.post_process]
26-07-30 [23:12:40,491] [DEBUG] 使用节点: '传感器状态_上位机[3].NO[10]', NodeId: ns=4;s=上位机通讯|传感器状态_上位机[3].NO[10] [use_node:345] [unilabos.utils.log.post_process]
26-07-30 [23:12:40,654] [DEBUG] 使用节点: '传感器状态_上位机[3].NO[11]', NodeId: ns=4;s=上位机通讯|传感器状态_上位机[3].NO[11] [use_node:345] [unilabos.utils.log.post_process]
26-07-30 [23:12:40,816] [DEBUG] 使用节点: '传感器状态_上位机[3].NO[12]', NodeId: ns=4;s=上位机通讯|传感器状态_上位机[3].NO[12] [use_node:345] [unilabos.utils.log.post_process]
26-07-30 [23:12:41,012] [TRACE] [/devices/szlab_s08_cap_station] 【.get_property】获取同步属性: last_s08_status [get_property:371] [unilabos.ros.nodes.base_device_node]
26-07-30 [23:12:41,350] [DEBUG] 使用节点: '传感器状态_上位机[3].NO[13]', NodeId: ns=4;s=上位机通讯|传感器状态_上位机[3].NO[13] [use_node:345] [unilabos.utils.log.post_process]
26-07-30 [23:12:41,512] [DEBUG] 使用节点: 'S06加工完成', NodeId: ns=4;s=上位机通讯|S06加工完成 [use_node:345] [unilabos.utils.log.post_process]
26-07-30 [23:12:41,519] [TRACE] [/devices/szlab_poly_plc] 【.get_property】获取同步属性: powder_container_occupied [get_property:371] [unilabos.ros.nodes.base_device_node]
26-07-30 [23:12:41,674] [DEBUG] 使用节点: '传感器状态_上位机[3].NO[8]', NodeId: ns=4;s=上位机通讯|传感器状态_上位机[3].NO[8] [use_node:345] [unilabos.utils.log.post_process]
26-07-30 [23:12:41,836] [DEBUG] 使用节点: '传感器状态_上位机[3].NO[9]', NodeId: ns=4;s=上位机通讯|传感器状态_上位机[3].NO[9] [use_node:345] [unilabos.utils.log.post_process]
26-07-30 [23:12:41,974] [TRACE] [/devices/szlab_mixer_stirrer] 【.get_property】获取同步属性: status [get_property:371] [unilabos.ros.nodes.base_device_node]
26-07-30 [23:12:41,981] [TRACE] [/devices/szlab_mixer_photoshotting] 【.get_property】获取同步属性: last_photo_path [get_property:371] [unilabos.ros.nodes.base_device_node]
26-07-30 [23:12:41,983] [TRACE] [/devices/szlab_mixer_photoshotting] 【.get_property】获取同步属性: last_result [get_property:371] [unilabos.ros.nodes.base_device_node]
26-07-30 [23:12:41,987] [TRACE] [/devices/szlab_mixer_photoshotting] 【.get_property】获取同步属性: status [get_property:371] [unilabos.ros.nodes.base_device_node]
26-07-30 [23:12:41,991] [TRACE] [/devices/szlab_mixer_pump] 【.get_property】获取同步属性: status [get_property:371] [unilabos.ros.nodes.base_device_node]
26-07-30 [23:12:41,999] [DEBUG] 使用节点: '传感器状态_上位机[3].NO[10]', NodeId: ns=4;s=上位机通讯|传感器状态_上位机[3].NO[10] [use_node:345] [unilabos.utils.log.post_process]
26-07-30 [23:12:42,023] [TRACE] [/devices/szlab_mixer_pipetting_station] 【.get_property】获取同步属性: status [get_property:371] [unilabos.ros.nodes.base_device_node]
26-07-30 [23:12:42,036] [TRACE] [/devices/host_node] [Host Node] Discovering devices in the network... [_discover_devices:472] [unilabos.ros.nodes.presets.host_node]
26-07-30 [23:12:42,036] [TRACE] [/devices/host_node] [Host Node] Total online devices: 9 [_discover_devices:525] [unilabos.ros.nodes.presets.host_node]
26-07-30 [23:12:42,161] [DEBUG] 使用节点: '传感器状态_上位机[3].NO[11]', NodeId: ns=4;s=上位机通讯|传感器状态_上位机[3].NO[11] [use_node:345] [unilabos.utils.log.post_process]
26-07-30 [23:12:42,694] [DEBUG] 使用节点: '传感器状态_上位机[3].NO[12]', NodeId: ns=4;s=上位机通讯|传感器状态_上位机[3].NO[12] [use_node:345] [unilabos.utils.log.post_process]
26-07-30 [23:12:42,856] [DEBUG] 使用节点: '传感器状态_上位机[3].NO[13]', NodeId: ns=4;s=上位机通讯|传感器状态_上位机[3].NO[13] [use_node:345] [unilabos.utils.log.post_process]
26-07-30 [23:12:43,012] [TRACE] [/devices/szlab_s08_cap_station] 【.get_property】获取同步属性: last_s08_status [get_property:371] [unilabos.ros.nodes.base_device_node]
26-07-30 [23:12:43,019] [DEBUG] 使用节点: 'S06加工完成', NodeId: ns=4;s=上位机通讯|S06加工完成 [use_node:345] [unilabos.utils.log.post_process]
26-07-30 [23:12:43,025] [TRACE] [/devices/szlab_poly_plc] 【.get_property】获取同步属性: powder_container_occupied [get_property:371] [unilabos.ros.nodes.base_device_node]
26-07-30 [23:12:43,183] [DEBUG] 使用节点: '传感器状态_上位机[3].NO[8]', NodeId: ns=4;s=上位机通讯|传感器状态_上位机[3].NO[8] [use_node:345] [unilabos.utils.log.post_process]
26-07-30 [23:12:43,346] [DEBUG] 使用节点: '传感器状态_上位机[3].NO[9]', NodeId: ns=4;s=上位机通讯|传感器状态_上位机[3].NO[9] [use_node:345] [unilabos.utils.log.post_process]
26-07-30 [23:12:43,878] [DEBUG] 使用节点: '传感器状态_上位机[3].NO[10]', NodeId: ns=4;s=上位机通讯|传感器状态_上位机[3].NO[10] [use_node:345] [unilabos.utils.log.post_process]
26-07-30 [23:12:44,040] [DEBUG] 使用节点: '传感器状态_上位机[3].NO[11]', NodeId: ns=4;s=上位机通讯|传感器状态_上位机[3].NO[11] [use_node:345] [unilabos.utils.log.post_process]
26-07-30 [23:12:44,202] [DEBUG] 使用节点: '传感器状态_上位机[3].NO[12]', NodeId: ns=4;s=上位机通讯|传感器状态_上位机[3].NO[12] [use_node:345] [unilabos.utils.log.post_process]
26-07-30 [23:12:44,364] [DEBUG] 使用节点: '传感器状态_上位机[3].NO[13]', NodeId: ns=4;s=上位机通讯|传感器状态_上位机[3].NO[13] [use_node:345] [unilabos.utils.log.post_process]
26-07-30 [23:12:44,902] [DEBUG] 使用节点: 'S06加工完成', NodeId: ns=4;s=上位机通讯|S06加工完成 [use_node:345] [unilabos.utils.log.post_process]
26-07-30 [23:12:44,909] [TRACE] [/devices/szlab_poly_plc] 【.get_property】获取同步属性: powder_container_occupied [get_property:371] [unilabos.ros.nodes.base_device_node]
26-07-30 [23:12:45,012] [TRACE] [/devices/szlab_s08_cap_station] 【.get_property】获取同步属性: last_s08_status [get_property:371] [unilabos.ros.nodes.base_device_node]
26-07-30 [23:12:45,063] [DEBUG] 使用节点: '传感器状态_上位机[3].NO[8]', NodeId: ns=4;s=上位机通讯|传感器状态_上位机[3].NO[8] [use_node:345] [unilabos.utils.log.post_process]
26-07-30 [23:12:45,224] [DEBUG] 使用节点: '传感器状态_上位机[3].NO[9]', NodeId: ns=4;s=上位机通讯|传感器状态_上位机[3].NO[9] [use_node:345] [unilabos.utils.log.post_process]
26-07-30 [23:12:45,385] [DEBUG] 使用节点: '传感器状态_上位机[3].NO[10]', NodeId: ns=4;s=上位机通讯|传感器状态_上位机[3].NO[10] [use_node:345] [unilabos.utils.log.post_process]
26-07-30 [23:12:45,546] [DEBUG] 使用节点: '传感器状态_上位机[3].NO[11]', NodeId: ns=4;s=上位机通讯|传感器状态_上位机[3].NO[11] [use_node:345] [unilabos.utils.log.post_process]
26-07-30 [23:12:45,708] [DEBUG] 使用节点: '传感器状态_上位机[3].NO[12]', NodeId: ns=4;s=上位机通讯|传感器状态_上位机[3].NO[12] [use_node:345] [unilabos.utils.log.post_process]
26-07-30 [23:12:45,870] [DEBUG] 使用节点: '传感器状态_上位机[3].NO[13]', NodeId: ns=4;s=上位机通讯|传感器状态_上位机[3].NO[13] [use_node:345] [unilabos.utils.log.post_process]
26-07-30 [23:12:46,031] [DEBUG] 使用节点: 'S06加工完成', NodeId: ns=4;s=上位机通讯|S06加工完成 [use_node:345] [unilabos.utils.log.post_process]
26-07-30 [23:12:46,038] [TRACE] [/devices/szlab_poly_plc] 【.get_property】获取同步属性: powder_container_occupied [get_property:371] [unilabos.ros.nodes.base_device_node]
26-07-30 [23:12:46,193] [DEBUG] 使用节点: '传感器状态_上位机[3].NO[8]', NodeId: ns=4;s=上位机通讯|传感器状态_上位机[3].NO[8] [use_node:345] [unilabos.utils.log.post_process]
26-07-30 [23:12:46,726] [DEBUG] 使用节点: '传感器状态_上位机[3].NO[9]', NodeId: ns=4;s=上位机通讯|传感器状态_上位机[3].NO[9] [use_node:345] [unilabos.utils.log.post_process]
26-07-30 [23:12:46,975] [TRACE] [/devices/szlab_mixer_stirrer] 【.get_property】获取同步属性: status [get_property:371] [unilabos.ros.nodes.base_device_node]
26-07-30 [23:12:46,984] [TRACE] [/devices/szlab_mixer_photoshotting] 【.get_property】获取同步属性: last_photo_path [get_property:371] [unilabos.ros.nodes.base_device_node]
26-07-30 [23:12:46,990] [TRACE] [/devices/szlab_mixer_photoshotting] 【.get_property】获取同步属性: last_result [get_property:371] [unilabos.ros.nodes.base_device_node]
26-07-30 [23:12:46,992] [TRACE] [/devices/szlab_mixer_pump] 【.get_property】获取同步属性: status [get_property:371] [unilabos.ros.nodes.base_device_node]
26-07-30 [23:12:46,996] [TRACE] [/devices/szlab_mixer_photoshotting] 【.get_property】获取同步属性: status [get_property:371] [unilabos.ros.nodes.base_device_node]
26-07-30 [23:12:47,013] [TRACE] [/devices/szlab_s08_cap_station] 【.get_property】获取同步属性: last_s08_status [get_property:371] [unilabos.ros.nodes.base_device_node]
26-07-30 [23:12:47,023] [TRACE] [/devices/szlab_mixer_pipetting_station] 【.get_property】获取同步属性: status [get_property:371] [unilabos.ros.nodes.base_device_node]
26-07-30 [23:12:47,278] [DEBUG] 使用节点: '传感器状态_上位机[3].NO[10]', NodeId: ns=4;s=上位机通讯|传感器状态_上位机[3].NO[10] [use_node:345] [unilabos.utils.log.post_process]
26-07-30 [23:12:48,198] [DEBUG] 使用节点: '传感器状态_上位机[3].NO[11]', NodeId: ns=4;s=上位机通讯|传感器状态_上位机[3].NO[11] [use_node:345] [unilabos.utils.log.post_process]
26-07-30 [23:12:48,361] [DEBUG] 使用节点: '传感器状态_上位机[3].NO[12]', NodeId: ns=4;s=上位机通讯|传感器状态_上位机[3].NO[12] [use_node:345] [unilabos.utils.log.post_process]
26-07-30 [23:12:48,522] [DEBUG] 使用节点: '传感器状态_上位机[3].NO[13]', NodeId: ns=4;s=上位机通讯|传感器状态_上位机[3].NO[13] [use_node:345] [unilabos.utils.log.post_process]
26-07-30 [23:12:48,686] [DEBUG] 使用节点: 'S06加工完成', NodeId: ns=4;s=上位机通讯|S06加工完成 [use_node:345] [unilabos.utils.log.post_process]
26-07-30 [23:12:48,693] [TRACE] [/devices/szlab_poly_plc] 【.get_property】获取同步属性: powder_container_occupied [get_property:371] [unilabos.ros.nodes.base_device_node]
26-07-30 [23:12:48,848] [DEBUG] 使用节点: '传感器状态_上位机[3].NO[8]', NodeId: ns=4;s=上位机通讯|传感器状态_上位机[3].NO[8] [use_node:345] [unilabos.utils.log.post_process]
26-07-30 [23:12:49,012] [TRACE] [/devices/szlab_s08_cap_station] 【.get_property】获取同步属性: last_s08_status [get_property:371] [unilabos.ros.nodes.base_device_node]
26-07-30 [23:12:49,382] [DEBUG] 使用节点: '传感器状态_上位机[3].NO[9]', NodeId: ns=4;s=上位机通讯|传感器状态_上位机[3].NO[9] [use_node:345] [unilabos.utils.log.post_process]
26-07-30 [23:12:49,938] [DEBUG] 使用节点: '传感器状态_上位机[3].NO[10]', NodeId: ns=4;s=上位机通讯|传感器状态_上位机[3].NO[10] [use_node:345] [unilabos.utils.log.post_process]
26-07-30 [23:12:50,469] [DEBUG] 使用节点: '传感器状态_上位机[3].NO[11]', NodeId: ns=4;s=上位机通讯|传感器状态_上位机[3].NO[11] [use_node:345] [unilabos.utils.log.post_process]
26-07-30 [23:12:50,632] [DEBUG] 使用节点: '传感器状态_上位机[3].NO[12]', NodeId: ns=4;s=上位机通讯|传感器状态_上位机[3].NO[12] [use_node:345] [unilabos.utils.log.post_process]
26-07-30 [23:12:51,012] [TRACE] [/devices/szlab_s08_cap_station] 【.get_property】获取同步属性: last_s08_status [get_property:371] [unilabos.ros.nodes.base_device_node]
26-07-30 [23:12:51,175] [DEBUG] 使用节点: '传感器状态_上位机[3].NO[13]', NodeId: ns=4;s=上位机通讯|传感器状态_上位机[3].NO[13] [use_node:345] [unilabos.utils.log.post_process]
26-07-30 [23:12:51,337] [DEBUG] 使用节点: 'S06加工完成', NodeId: ns=4;s=上位机通讯|S06加工完成 [use_node:345] [unilabos.utils.log.post_process]
26-07-30 [23:12:51,344] [TRACE] [/devices/szlab_poly_plc] 【.get_property】获取同步属性: powder_container_occupied [get_property:371] [unilabos.ros.nodes.base_device_node]
26-07-30 [23:12:51,500] [DEBUG] 使用节点: '传感器状态_上位机[3].NO[8]', NodeId: ns=4;s=上位机通讯|传感器状态_上位机[3].NO[8] [use_node:345] [unilabos.utils.log.post_process]
26-07-30 [23:12:51,974] [TRACE] [/devices/szlab_mixer_stirrer] 【.get_property】获取同步属性: status [get_property:371] [unilabos.ros.nodes.base_device_node]
26-07-30 [23:12:51,981] [TRACE] [/devices/szlab_mixer_photoshotting] 【.get_property】获取同步属性: last_photo_path [get_property:371] [unilabos.ros.nodes.base_device_node]
26-07-30 [23:12:51,983] [TRACE] [/devices/szlab_mixer_photoshotting] 【.get_property】获取同步属性: last_result [get_property:371] [unilabos.ros.nodes.base_device_node]
26-07-30 [23:12:51,987] [TRACE] [/devices/szlab_mixer_photoshotting] 【.get_property】获取同步属性: status [get_property:371] [unilabos.ros.nodes.base_device_node]
26-07-30 [23:12:51,991] [TRACE] [/devices/szlab_mixer_pump] 【.get_property】获取同步属性: status [get_property:371] [unilabos.ros.nodes.base_device_node]
26-07-30 [23:12:52,022] [TRACE] [/devices/szlab_mixer_pipetting_station] 【.get_property】获取同步属性: status [get_property:371] [unilabos.ros.nodes.base_device_node]
26-07-30 [23:12:52,038] [DEBUG] 使用节点: '传感器状态_上位机[3].NO[9]', NodeId: ns=4;s=上位机通讯|传感器状态_上位机[3].NO[9] [use_node:345] [unilabos.utils.log.post_process]
26-07-30 [23:12:52,199] [DEBUG] 使用节点: '传感器状态_上位机[3].NO[10]', NodeId: ns=4;s=上位机通讯|传感器状态_上位机[3].NO[10] [use_node:345] [unilabos.utils.log.post_process]
26-07-30 [23:12:52,360] [DEBUG] 使用节点: '传感器状态_上位机[3].NO[11]', NodeId: ns=4;s=上位机通讯|传感器状态_上位机[3].NO[11] [use_node:345] [unilabos.utils.log.post_process]
26-07-30 [23:12:52,522] [DEBUG] 使用节点: '传感器状态_上位机[3].NO[12]', NodeId: ns=4;s=上位机通讯|传感器状态_上位机[3].NO[12] [use_node:345] [unilabos.utils.log.post_process]
26-07-30 [23:12:52,683] [DEBUG] 使用节点: '传感器状态_上位机[3].NO[13]', NodeId: ns=4;s=上位机通讯|传感器状态_上位机[3].NO[13] [use_node:345] [unilabos.utils.log.post_process]
26-07-30 [23:12:52,845] [DEBUG] 使用节点: 'S06加工完成', NodeId: ns=4;s=上位机通讯|S06加工完成 [use_node:345] [unilabos.utils.log.post_process]
26-07-30 [23:12:52,852] [TRACE] [/devices/szlab_poly_plc] 【.get_property】获取同步属性: powder_container_occupied [get_property:371] [unilabos.ros.nodes.base_device_node]
26-07-30 [23:12:53,006] [DEBUG] 使用节点: '传感器状态_上位机[3].NO[8]', NodeId: ns=4;s=上位机通讯|传感器状态_上位机[3].NO[8] [use_node:345] [unilabos.utils.log.post_process]
26-07-30 [23:12:53,012] [TRACE] [/devices/szlab_s08_cap_station] 【.get_property】获取同步属性: last_s08_status [get_property:371] [unilabos.ros.nodes.base_device_node]
26-07-30 [23:12:53,167] [DEBUG] 使用节点: '传感器状态_上位机[3].NO[9]', NodeId: ns=4;s=上位机通讯|传感器状态_上位机[3].NO[9] [use_node:345] [unilabos.utils.log.post_process]
26-07-30 [23:12:53,328] [DEBUG] 使用节点: '传感器状态_上位机[3].NO[10]', NodeId: ns=4;s=上位机通讯|传感器状态_上位机[3].NO[10] [use_node:345] [unilabos.utils.log.post_process]
26-07-30 [23:12:53,489] [DEBUG] 使用节点: '传感器状态_上位机[3].NO[11]', NodeId: ns=4;s=上位机通讯|传感器状态_上位机[3].NO[11] [use_node:345] [unilabos.utils.log.post_process]
26-07-30 [23:12:53,650] [DEBUG] 使用节点: '传感器状态_上位机[3].NO[12]', NodeId: ns=4;s=上位机通讯|传感器状态_上位机[3].NO[12] [use_node:345] [unilabos.utils.log.post_process]
26-07-30 [23:12:53,811] [DEBUG] 使用节点: '传感器状态_上位机[3].NO[13]', NodeId: ns=4;s=上位机通讯|传感器状态_上位机[3].NO[13] [use_node:345] [unilabos.utils.log.post_process]
26-07-30 [23:12:53,972] [DEBUG] 使用节点: 'S06加工完成', NodeId: ns=4;s=上位机通讯|S06加工完成 [use_node:345] [unilabos.utils.log.post_process]
26-07-30 [23:12:53,980] [TRACE] [/devices/szlab_poly_plc] 【.get_property】获取同步属性: powder_container_occupied [get_property:371] [unilabos.ros.nodes.base_device_node]
26-07-30 [23:12:54,134] [DEBUG] 使用节点: '传感器状态_上位机[3].NO[8]', NodeId: ns=4;s=上位机通讯|传感器状态_上位机[3].NO[8] [use_node:345] [unilabos.utils.log.post_process]
26-07-30 [23:12:54,295] [DEBUG] 使用节点: '传感器状态_上位机[3].NO[9]', NodeId: ns=4;s=上位机通讯|传感器状态_上位机[3].NO[9] [use_node:345] [unilabos.utils.log.post_process]
26-07-30 [23:12:54,456] [DEBUG] 使用节点: '传感器状态_上位机[3].NO[10]', NodeId: ns=4;s=上位机通讯|传感器状态_上位机[3].NO[10] [use_node:345] [unilabos.utils.log.post_process]
26-07-30 [23:12:54,618] [DEBUG] 使用节点: '传感器状态_上位机[3].NO[11]', NodeId: ns=4;s=上位机通讯|传感器状态_上位机[3].NO[11] [use_node:345] [unilabos.utils.log.post_process]
26-07-30 [23:12:54,779] [DEBUG] 使用节点: '传感器状态_上位机[3].NO[12]', NodeId: ns=4;s=上位机通讯|传感器状态_上位机[3].NO[12] [use_node:345] [unilabos.utils.log.post_process]
26-07-30 [23:12:54,940] [DEBUG] 使用节点: '传感器状态_上位机[3].NO[13]', NodeId: ns=4;s=上位机通讯|传感器状态_上位机[3].NO[13] [use_node:345] [unilabos.utils.log.post_process]
26-07-30 [23:12:55,012] [TRACE] [/devices/szlab_s08_cap_station] 【.get_property】获取同步属性: last_s08_status [get_property:371] [unilabos.ros.nodes.base_device_node]
26-07-30 [23:12:55,102] [DEBUG] 使用节点: 'S06加工完成', NodeId: ns=4;s=上位机通讯|S06加工完成 [use_node:345] [unilabos.utils.log.post_process]
26-07-30 [23:12:55,109] [TRACE] [/devices/szlab_poly_plc] 【.get_property】获取同步属性: powder_container_occupied [get_property:371] [unilabos.ros.nodes.base_device_node]
26-07-30 [23:12:55,263] [DEBUG] 使用节点: '传感器状态_上位机[3].NO[8]', NodeId: ns=4;s=上位机通讯|传感器状态_上位机[3].NO[8] [use_node:345] [unilabos.utils.log.post_process]
26-07-30 [23:12:55,425] [DEBUG] 使用节点: '传感器状态_上位机[3].NO[9]', NodeId: ns=4;s=上位机通讯|传感器状态_上位机[3].NO[9] [use_node:345] [unilabos.utils.log.post_process]
26-07-30 [23:12:55,586] [DEBUG] 使用节点: '传感器状态_上位机[3].NO[10]', NodeId: ns=4;s=上位机通讯|传感器状态_上位机[3].NO[10] [use_node:345] [unilabos.utils.log.post_process]
26-07-30 [23:12:55,747] [DEBUG] 使用节点: '传感器状态_上位机[3].NO[11]', NodeId: ns=4;s=上位机通讯|传感器状态_上位机[3].NO[11] [use_node:345] [unilabos.utils.log.post_process]
26-07-30 [23:12:55,908] [DEBUG] 使用节点: '传感器状态_上位机[3].NO[12]', NodeId: ns=4;s=上位机通讯|传感器状态_上位机[3].NO[12] [use_node:345] [unilabos.utils.log.post_process]
26-07-30 [23:12:56,069] [DEBUG] 使用节点: '传感器状态_上位机[3].NO[13]', NodeId: ns=4;s=上位机通讯|传感器状态_上位机[3].NO[13] [use_node:345] [unilabos.utils.log.post_process]
26-07-30 [23:12:56,231] [DEBUG] 使用节点: 'S06加工完成', NodeId: ns=4;s=上位机通讯|S06加工完成 [use_node:345] [unilabos.utils.log.post_process]
26-07-30 [23:12:56,238] [TRACE] [/devices/szlab_poly_plc] 【.get_property】获取同步属性: powder_container_occupied [get_property:371] [unilabos.ros.nodes.base_device_node]
26-07-30 [23:12:56,392] [DEBUG] 使用节点: '传感器状态_上位机[3].NO[8]', NodeId: ns=4;s=上位机通讯|传感器状态_上位机[3].NO[8] [use_node:345] [unilabos.utils.log.post_process]
26-07-30 [23:12:56,553] [DEBUG] 使用节点: '传感器状态_上位机[3].NO[9]', NodeId: ns=4;s=上位机通讯|传感器状态_上位机[3].NO[9] [use_node:345] [unilabos.utils.log.post_process]
26-07-30 [23:12:56,714] [DEBUG] 使用节点: '传感器状态_上位机[3].NO[10]', NodeId: ns=4;s=上位机通讯|传感器状态_上位机[3].NO[10] [use_node:345] [unilabos.utils.log.post_process]
26-07-30 [23:12:56,876] [DEBUG] 使用节点: '传感器状态_上位机[3].NO[11]', NodeId: ns=4;s=上位机通讯|传感器状态_上位机[3].NO[11] [use_node:345] [unilabos.utils.log.post_process]
26-07-30 [23:12:56,974] [TRACE] [/devices/szlab_mixer_stirrer] 【.get_property】获取同步属性: status [get_property:371] [unilabos.ros.nodes.base_device_node]
26-07-30 [23:12:56,981] [TRACE] [/devices/szlab_mixer_photoshotting] 【.get_property】获取同步属性: last_photo_path [get_property:371] [unilabos.ros.nodes.base_device_node]
26-07-30 [23:12:56,983] [TRACE] [/devices/szlab_mixer_photoshotting] 【.get_property】获取同步属性: last_result [get_property:371] [unilabos.ros.nodes.base_device_node]
26-07-30 [23:12:56,987] [TRACE] [/devices/szlab_mixer_photoshotting] 【.get_property】获取同步属性: status [get_property:371] [unilabos.ros.nodes.base_device_node]
26-07-30 [23:12:56,991] [TRACE] [/devices/szlab_mixer_pump] 【.get_property】获取同步属性: status [get_property:371] [unilabos.ros.nodes.base_device_node]
26-07-30 [23:12:57,011] [TRACE] [/devices/szlab_s08_cap_station] 【.get_property】获取同步属性: last_s08_status [get_property:371] [unilabos.ros.nodes.base_device_node]
26-07-30 [23:12:57,022] [TRACE] [/devices/szlab_mixer_pipetting_station] 【.get_property】获取同步属性: status [get_property:371] [unilabos.ros.nodes.base_device_node]
26-07-30 [23:12:57,036] [TRACE] [/devices/host_node] [Host Node] Discovering devices in the network... [_discover_devices:472] [unilabos.ros.nodes.presets.host_node]
26-07-30 [23:12:57,036] [TRACE] [/devices/host_node] [Host Node] Total online devices: 9 [_discover_devices:525] [unilabos.ros.nodes.presets.host_node]
26-07-30 [23:12:57,038] [DEBUG] 使用节点: '传感器状态_上位机[3].NO[12]', NodeId: ns=4;s=上位机通讯|传感器状态_上位机[3].NO[12] [use_node:345] [unilabos.utils.log.post_process]
26-07-30 [23:12:57,200] [DEBUG] 使用节点: '传感器状态_上位机[3].NO[13]', NodeId: ns=4;s=上位机通讯|传感器状态_上位机[3].NO[13] [use_node:345] [unilabos.utils.log.post_process]
26-07-30 [23:12:57,361] [DEBUG] 使用节点: 'S06加工完成', NodeId: ns=4;s=上位机通讯|S06加工完成 [use_node:345] [unilabos.utils.log.post_process]
26-07-30 [23:12:57,368] [TRACE] [/devices/szlab_poly_plc] 【.get_property】获取同步属性: powder_container_occupied [get_property:371] [unilabos.ros.nodes.base_device_node]
26-07-30 [23:12:57,523] [DEBUG] 使用节点: '传感器状态_上位机[3].NO[8]', NodeId: ns=4;s=上位机通讯|传感器状态_上位机[3].NO[8] [use_node:345] [unilabos.utils.log.post_process]
26-07-30 [23:12:57,684] [DEBUG] 使用节点: '传感器状态_上位机[3].NO[9]', NodeId: ns=4;s=上位机通讯|传感器状态_上位机[3].NO[9] [use_node:345] [unilabos.utils.log.post_process]
26-07-30 [23:12:57,845] [DEBUG] 使用节点: '传感器状态_上位机[3].NO[10]', NodeId: ns=4;s=上位机通讯|传感器状态_上位机[3].NO[10] [use_node:345] [unilabos.utils.log.post_process]
26-07-30 [23:12:58,006] [DEBUG] 使用节点: '传感器状态_上位机[3].NO[11]', NodeId: ns=4;s=上位机通讯|传感器状态_上位机[3].NO[11] [use_node:345] [unilabos.utils.log.post_process]
26-07-30 [23:12:58,533] [DEBUG] 使用节点: '传感器状态_上位机[3].NO[12]', NodeId: ns=4;s=上位机通讯|传感器状态_上位机[3].NO[12] [use_node:345] [unilabos.utils.log.post_process]
26-07-30 [23:12:58,694] [DEBUG] 使用节点: '传感器状态_上位机[3].NO[13]', NodeId: ns=4;s=上位机通讯|传感器状态_上位机[3].NO[13] [use_node:345] [unilabos.utils.log.post_process]
26-07-30 [23:12:58,856] [DEBUG] 使用节点: 'S06加工完成', NodeId: ns=4;s=上位机通讯|S06加工完成 [use_node:345] [unilabos.utils.log.post_process]
26-07-30 [23:12:58,863] [TRACE] [/devices/szlab_poly_plc] 【.get_property】获取同步属性: powder_container_occupied [get_property:371] [unilabos.ros.nodes.base_device_node]
26-07-30 [23:12:59,012] [TRACE] [/devices/szlab_s08_cap_station] 【.get_property】获取同步属性: last_s08_status [get_property:371] [unilabos.ros.nodes.base_device_node]
26-07-30 [23:12:59,017] [DEBUG] 使用节点: '传感器状态_上位机[3].NO[8]', NodeId: ns=4;s=上位机通讯|传感器状态_上位机[3].NO[8] [use_node:345] [unilabos.utils.log.post_process]
26-07-30 [23:12:59,179] [DEBUG] 使用节点: '传感器状态_上位机[3].NO[9]', NodeId: ns=4;s=上位机通讯|传感器状态_上位机[3].NO[9] [use_node:345] [unilabos.utils.log.post_process]
26-07-30 [23:12:59,340] [DEBUG] 使用节点: '传感器状态_上位机[3].NO[10]', NodeId: ns=4;s=上位机通讯|传感器状态_上位机[3].NO[10] [use_node:345] [unilabos.utils.log.post_process]
26-07-30 [23:12:59,501] [DEBUG] 使用节点: '传感器状态_上位机[3].NO[11]', NodeId: ns=4;s=上位机通讯|传感器状态_上位机[3].NO[11] [use_node:345] [unilabos.utils.log.post_process]
26-07-30 [23:12:59,662] [DEBUG] 使用节点: '传感器状态_上位机[3].NO[12]', NodeId: ns=4;s=上位机通讯|传感器状态_上位机[3].NO[12] [use_node:345] [unilabos.utils.log.post_process]
26-07-30 [23:13:00,197] [DEBUG] 使用节点: '传感器状态_上位机[3].NO[13]', NodeId: ns=4;s=上位机通讯|传感器状态_上位机[3].NO[13] [use_node:345] [unilabos.utils.log.post_process]
26-07-30 [23:13:00,359] [DEBUG] 使用节点: 'S06加工完成', NodeId: ns=4;s=上位机通讯|S06加工完成 [use_node:345] [unilabos.utils.log.post_process]
26-07-30 [23:13:00,366] [TRACE] [/devices/szlab_poly_plc] 【.get_property】获取同步属性: powder_container_occupied [get_property:371] [unilabos.ros.nodes.base_device_node]
26-07-30 [23:13:00,520] [DEBUG] 使用节点: '传感器状态_上位机[3].NO[8]', NodeId: ns=4;s=上位机通讯|传感器状态_上位机[3].NO[8] [use_node:345] [unilabos.utils.log.post_process]
26-07-30 [23:13:01,012] [TRACE] [/devices/szlab_s08_cap_station] 【.get_property】获取同步属性: last_s08_status [get_property:371] [unilabos.ros.nodes.base_device_node]
26-07-30 [23:13:01,061] [DEBUG] 使用节点: '传感器状态_上位机[3].NO[9]', NodeId: ns=4;s=上位机通讯|传感器状态_上位机[3].NO[9] [use_node:345] [unilabos.utils.log.post_process]
26-07-30 [23:13:01,222] [DEBUG] 使用节点: '传感器状态_上位机[3].NO[10]', NodeId: ns=4;s=上位机通讯|传感器状态_上位机[3].NO[10] [use_node:345] [unilabos.utils.log.post_process]
26-07-30 [23:13:01,974] [TRACE] [/devices/szlab_mixer_stirrer] 【.get_property】获取同步属性: status [get_property:371] [unilabos.ros.nodes.base_device_node]
26-07-30 [23:13:01,981] [TRACE] [/devices/szlab_mixer_photoshotting] 【.get_property】获取同步属性: last_photo_path [get_property:371] [unilabos.ros.nodes.base_device_node]
26-07-30 [23:13:01,983] [TRACE] [/devices/szlab_mixer_photoshotting] 【.get_property】获取同步属性: last_result [get_property:371] [unilabos.ros.nodes.base_device_node]
26-07-30 [23:13:01,987] [TRACE] [/devices/szlab_mixer_photoshotting] 【.get_property】获取同步属性: status [get_property:371] [unilabos.ros.nodes.base_device_node]
26-07-30 [23:13:01,992] [TRACE] [/devices/szlab_mixer_pump] 【.get_property】获取同步属性: status [get_property:371] [unilabos.ros.nodes.base_device_node]
26-07-30 [23:13:02,022] [TRACE] [/devices/szlab_mixer_pipetting_station] 【.get_property】获取同步属性: status [get_property:371] [unilabos.ros.nodes.base_device_node]
26-07-30 [23:13:02,149] [DEBUG] 使用节点: '传感器状态_上位机[3].NO[11]', NodeId: ns=4;s=上位机通讯|传感器状态_上位机[3].NO[11] [use_node:345] [unilabos.utils.log.post_process]
26-07-30 [23:13:02,311] [DEBUG] 使用节点: '传感器状态_上位机[3].NO[12]', NodeId: ns=4;s=上位机通讯|传感器状态_上位机[3].NO[12] [use_node:345] [unilabos.utils.log.post_process]
26-07-30 [23:13:02,473] [DEBUG] 使用节点: '传感器状态_上位机[3].NO[13]', NodeId: ns=4;s=上位机通讯|传感器状态_上位机[3].NO[13] [use_node:345] [unilabos.utils.log.post_process]
26-07-30 [23:13:02,635] [DEBUG] 使用节点: 'S06加工完成', NodeId: ns=4;s=上位机通讯|S06加工完成 [use_node:345] [unilabos.utils.log.post_process]
26-07-30 [23:13:02,642] [TRACE] [/devices/szlab_poly_plc] 【.get_property】获取同步属性: powder_container_occupied [get_property:371] [unilabos.ros.nodes.base_device_node]
26-07-30 [23:13:02,796] [DEBUG] 使用节点: '传感器状态_上位机[3].NO[8]', NodeId: ns=4;s=上位机通讯|传感器状态_上位机[3].NO[8] [use_node:345] [unilabos.utils.log.post_process]
26-07-30 [23:13:02,957] [DEBUG] 使用节点: '传感器状态_上位机[3].NO[9]', NodeId: ns=4;s=上位机通讯|传感器状态_上位机[3].NO[9] [use_node:345] [unilabos.utils.log.post_process]
26-07-30 [23:13:03,012] [TRACE] [/devices/szlab_s08_cap_station] 【.get_property】获取同步属性: last_s08_status [get_property:371] [unilabos.ros.nodes.base_device_node]
26-07-30 [23:13:03,118] [DEBUG] 使用节点: '传感器状态_上位机[3].NO[10]', NodeId: ns=4;s=上位机通讯|传感器状态_上位机[3].NO[10] [use_node:345] [unilabos.utils.log.post_process]
26-07-30 [23:13:03,279] [DEBUG] 使用节点: '传感器状态_上位机[3].NO[11]', NodeId: ns=4;s=上位机通讯|传感器状态_上位机[3].NO[11] [use_node:345] [unilabos.utils.log.post_process]
26-07-30 [23:13:03,441] [DEBUG] 使用节点: '传感器状态_上位机[3].NO[12]', NodeId: ns=4;s=上位机通讯|传感器状态_上位机[3].NO[12] [use_node:345] [unilabos.utils.log.post_process]
26-07-30 [23:13:03,602] [DEBUG] 使用节点: '传感器状态_上位机[3].NO[13]', NodeId: ns=4;s=上位机通讯|传感器状态_上位机[3].NO[13] [use_node:345] [unilabos.utils.log.post_process]
26-07-30 [23:13:03,763] [DEBUG] 使用节点: 'S06加工完成', NodeId: ns=4;s=上位机通讯|S06加工完成 [use_node:345] [unilabos.utils.log.post_process]
26-07-30 [23:13:03,770] [TRACE] [/devices/szlab_poly_plc] 【.get_property】获取同步属性: powder_container_occupied [get_property:371] [unilabos.ros.nodes.base_device_node]
26-07-30 [23:13:04,677] [DEBUG] 使用节点: '传感器状态_上位机[3].NO[8]', NodeId: ns=4;s=上位机通讯|传感器状态_上位机[3].NO[8] [use_node:345] [unilabos.utils.log.post_process]
26-07-30 [23:13:04,838] [DEBUG] 使用节点: '传感器状态_上位机[3].NO[9]', NodeId: ns=4;s=上位机通讯|传感器状态_上位机[3].NO[9] [use_node:345] [unilabos.utils.log.post_process]
26-07-30 [23:13:04,999] [DEBUG] 使用节点: '传感器状态_上位机[3].NO[10]', NodeId: ns=4;s=上位机通讯|传感器状态_上位机[3].NO[10] [use_node:345] [unilabos.utils.log.post_process]
26-07-30 [23:13:05,012] [TRACE] [/devices/szlab_s08_cap_station] 【.get_property】获取同步属性: last_s08_status [get_property:371] [unilabos.ros.nodes.base_device_node]
26-07-30 [23:13:05,160] [DEBUG] 使用节点: '传感器状态_上位机[3].NO[11]', NodeId: ns=4;s=上位机通讯|传感器状态_上位机[3].NO[11] [use_node:345] [unilabos.utils.log.post_process]
26-07-30 [23:13:05,321] [DEBUG] 使用节点: '传感器状态_上位机[3].NO[12]', NodeId: ns=4;s=上位机通讯|传感器状态_上位机[3].NO[12] [use_node:345] [unilabos.utils.log.post_process]
26-07-30 [23:13:05,482] [DEBUG] 使用节点: '传感器状态_上位机[3].NO[13]', NodeId: ns=4;s=上位机通讯|传感器状态_上位机[3].NO[13] [use_node:345] [unilabos.utils.log.post_process]
26-07-30 [23:13:05,643] [DEBUG] 使用节点: 'S06加工完成', NodeId: ns=4;s=上位机通讯|S06加工完成 [use_node:345] [unilabos.utils.log.post_process]
26-07-30 [23:13:05,651] [TRACE] [/devices/szlab_poly_plc] 【.get_property】获取同步属性: powder_container_occupied [get_property:371] [unilabos.ros.nodes.base_device_node]
26-07-30 [23:13:05,804] [DEBUG] 使用节点: '传感器状态_上位机[3].NO[8]', NodeId: ns=4;s=上位机通讯|传感器状态_上位机[3].NO[8] [use_node:345] [unilabos.utils.log.post_process]
26-07-30 [23:13:05,965] [DEBUG] 使用节点: '传感器状态_上位机[3].NO[9]', NodeId: ns=4;s=上位机通讯|传感器状态_上位机[3].NO[9] [use_node:345] [unilabos.utils.log.post_process]
26-07-30 [23:13:06,501] [DEBUG] 使用节点: '传感器状态_上位机[3].NO[10]', NodeId: ns=4;s=上位机通讯|传感器状态_上位机[3].NO[10] [use_node:345] [unilabos.utils.log.post_process]
26-07-30 [23:13:06,662] [DEBUG] 使用节点: '传感器状态_上位机[3].NO[11]', NodeId: ns=4;s=上位机通讯|传感器状态_上位机[3].NO[11] [use_node:345] [unilabos.utils.log.post_process]
26-07-30 [23:13:06,823] [DEBUG] 使用节点: '传感器状态_上位机[3].NO[12]', NodeId: ns=4;s=上位机通讯|传感器状态_上位机[3].NO[12] [use_node:345] [unilabos.utils.log.post_process]
26-07-30 [23:13:06,974] [TRACE] [/devices/szlab_mixer_stirrer] 【.get_property】获取同步属性: status [get_property:371] [unilabos.ros.nodes.base_device_node]
26-07-30 [23:13:06,982] [TRACE] [/devices/szlab_mixer_photoshotting] 【.get_property】获取同步属性: last_photo_path [get_property:371] [unilabos.ros.nodes.base_device_node]
26-07-30 [23:13:06,984] [TRACE] [/devices/szlab_mixer_photoshotting] 【.get_property】获取同步属性: status [get_property:371] [unilabos.ros.nodes.base_device_node]
26-07-30 [23:13:06,986] [TRACE] [/devices/szlab_mixer_photoshotting] 【.get_property】获取同步属性: last_result [get_property:371] [unilabos.ros.nodes.base_device_node]
26-07-30 [23:13:06,988] [DEBUG] 使用节点: '传感器状态_上位机[3].NO[13]', NodeId: ns=4;s=上位机通讯|传感器状态_上位机[3].NO[13] [use_node:345] [unilabos.utils.log.post_process]
26-07-30 [23:13:06,991] [TRACE] [/devices/szlab_mixer_pump] 【.get_property】获取同步属性: status [get_property:371] [unilabos.ros.nodes.base_device_node]
26-07-30 [23:13:07,012] [TRACE] [/devices/szlab_s08_cap_station] 【.get_property】获取同步属性: last_s08_status [get_property:371] [unilabos.ros.nodes.base_device_node]
26-07-30 [23:13:07,022] [TRACE] [/devices/szlab_mixer_pipetting_station] 【.get_property】获取同步属性: status [get_property:371] [unilabos.ros.nodes.base_device_node]
26-07-30 [23:13:07,150] [DEBUG] 使用节点: 'S06加工完成', NodeId: ns=4;s=上位机通讯|S06加工完成 [use_node:345] [unilabos.utils.log.post_process]
26-07-30 [23:13:07,158] [TRACE] [/devices/szlab_poly_plc] 【.get_property】获取同步属性: powder_container_occupied [get_property:371] [unilabos.ros.nodes.base_device_node]
26-07-30 [23:13:07,312] [DEBUG] 使用节点: '传感器状态_上位机[3].NO[8]', NodeId: ns=4;s=上位机通讯|传感器状态_上位机[3].NO[8] [use_node:345] [unilabos.utils.log.post_process]
26-07-30 [23:13:07,849] [DEBUG] 使用节点: '传感器状态_上位机[3].NO[9]', NodeId: ns=4;s=上位机通讯|传感器状态_上位机[3].NO[9] [use_node:345] [unilabos.utils.log.post_process]
26-07-30 [23:13:08,010] [DEBUG] 使用节点: '传感器状态_上位机[3].NO[10]', NodeId: ns=4;s=上位机通讯|传感器状态_上位机[3].NO[10] [use_node:345] [unilabos.utils.log.post_process]
26-07-30 [23:13:08,172] [DEBUG] 使用节点: '传感器状态_上位机[3].NO[11]', NodeId: ns=4;s=上位机通讯|传感器状态_上位机[3].NO[11] [use_node:345] [unilabos.utils.log.post_process]
26-07-30 [23:13:08,333] [DEBUG] 使用节点: '传感器状态_上位机[3].NO[12]', NodeId: ns=4;s=上位机通讯|传感器状态_上位机[3].NO[12] [use_node:345] [unilabos.utils.log.post_process]
26-07-30 [23:13:08,494] [DEBUG] 使用节点: '传感器状态_上位机[3].NO[13]', NodeId: ns=4;s=上位机通讯|传感器状态_上位机[3].NO[13] [use_node:345] [unilabos.utils.log.post_process]
26-07-30 [23:13:08,656] [DEBUG] 使用节点: 'S06加工完成', NodeId: ns=4;s=上位机通讯|S06加工完成 [use_node:345] [unilabos.utils.log.post_process]
26-07-30 [23:13:08,663] [TRACE] [/devices/szlab_poly_plc] 【.get_property】获取同步属性: powder_container_occupied [get_property:371] [unilabos.ros.nodes.base_device_node]
26-07-30 [23:13:08,817] [DEBUG] 使用节点: '传感器状态_上位机[3].NO[8]', NodeId: ns=4;s=上位机通讯|传感器状态_上位机[3].NO[8] [use_node:345] [unilabos.utils.log.post_process]
26-07-30 [23:13:08,978] [DEBUG] 使用节点: '传感器状态_上位机[3].NO[9]', NodeId: ns=4;s=上位机通讯|传感器状态_上位机[3].NO[9] [use_node:345] [unilabos.utils.log.post_process]
26-07-30 [23:13:09,013] [TRACE] [/devices/szlab_s08_cap_station] 【.get_property】获取同步属性: last_s08_status [get_property:371] [unilabos.ros.nodes.base_device_node]
26-07-30 [23:13:09,139] [DEBUG] 使用节点: '传感器状态_上位机[3].NO[10]', NodeId: ns=4;s=上位机通讯|传感器状态_上位机[3].NO[10] [use_node:345] [unilabos.utils.log.post_process]
26-07-30 [23:13:09,300] [DEBUG] 使用节点: '传感器状态_上位机[3].NO[11]', NodeId: ns=4;s=上位机通讯|传感器状态_上位机[3].NO[11] [use_node:345] [unilabos.utils.log.post_process]
26-07-30 [23:13:09,461] [DEBUG] 使用节点: '传感器状态_上位机[3].NO[12]', NodeId: ns=4;s=上位机通讯|传感器状态_上位机[3].NO[12] [use_node:345] [unilabos.utils.log.post_process]
26-07-30 [23:13:09,623] [DEBUG] 使用节点: '传感器状态_上位机[3].NO[13]', NodeId: ns=4;s=上位机通讯|传感器状态_上位机[3].NO[13] [use_node:345] [unilabos.utils.log.post_process]
26-07-30 [23:13:09,784] [DEBUG] 使用节点: 'S06加工完成', NodeId: ns=4;s=上位机通讯|S06加工完成 [use_node:345] [unilabos.utils.log.post_process]
26-07-30 [23:13:09,791] [TRACE] [/devices/szlab_poly_plc] 【.get_property】获取同步属性: powder_container_occupied [get_property:371] [unilabos.ros.nodes.base_device_node]
26-07-30 [23:13:09,945] [DEBUG] 使用节点: '传感器状态_上位机[3].NO[8]', NodeId: ns=4;s=上位机通讯|传感器状态_上位机[3].NO[8] [use_node:345] [unilabos.utils.log.post_process]
26-07-30 [23:13:10,106] [DEBUG] 使用节点: '传感器状态_上位机[3].NO[9]', NodeId: ns=4;s=上位机通讯|传感器状态_上位机[3].NO[9] [use_node:345] [unilabos.utils.log.post_process]
26-07-30 [23:13:10,267] [DEBUG] 使用节点: '传感器状态_上位机[3].NO[10]', NodeId: ns=4;s=上位机通讯|传感器状态_上位机[3].NO[10] [use_node:345] [unilabos.utils.log.post_process]
26-07-30 [23:13:10,428] [DEBUG] 使用节点: '传感器状态_上位机[3].NO[11]', NodeId: ns=4;s=上位机通讯|传感器状态_上位机[3].NO[11] [use_node:345] [unilabos.utils.log.post_process]
26-07-30 [23:13:10,590] [DEBUG] 使用节点: '传感器状态_上位机[3].NO[12]', NodeId: ns=4;s=上位机通讯|传感器状态_上位机[3].NO[12] [use_node:345] [unilabos.utils.log.post_process]
26-07-30 [23:13:11,012] [TRACE] [/devices/szlab_s08_cap_station] 【.get_property】获取同步属性: last_s08_status [get_property:371] [unilabos.ros.nodes.base_device_node]
26-07-30 [23:13:11,141] [DEBUG] 使用节点: '传感器状态_上位机[3].NO[13]', NodeId: ns=4;s=上位机通讯|传感器状态_上位机[3].NO[13] [use_node:345] [unilabos.utils.log.post_process]
26-07-30 [23:13:11,693] [DEBUG] 使用节点: 'S06加工完成', NodeId: ns=4;s=上位机通讯|S06加工完成 [use_node:345] [unilabos.utils.log.post_process]
26-07-30 [23:13:11,702] [TRACE] [/devices/szlab_poly_plc] 【.get_property】获取同步属性: powder_container_occupied [get_property:371] [unilabos.ros.nodes.base_device_node]
26-07-30 [23:13:11,854] [DEBUG] 使用节点: '传感器状态_上位机[3].NO[8]', NodeId: ns=4;s=上位机通讯|传感器状态_上位机[3].NO[8] [use_node:345] [unilabos.utils.log.post_process]
26-07-30 [23:13:11,974] [TRACE] [/devices/szlab_mixer_stirrer] 【.get_property】获取同步属性: status [get_property:371] [unilabos.ros.nodes.base_device_node]
26-07-30 [23:13:11,982] [TRACE] [/devices/szlab_mixer_photoshotting] 【.get_property】获取同步属性: last_photo_path [get_property:371] [unilabos.ros.nodes.base_device_node]
26-07-30 [23:13:11,984] [TRACE] [/devices/szlab_mixer_photoshotting] 【.get_property】获取同步属性: last_result [get_property:371] [unilabos.ros.nodes.base_device_node]
26-07-30 [23:13:11,987] [TRACE] [/devices/szlab_mixer_photoshotting] 【.get_property】获取同步属性: status [get_property:371] [unilabos.ros.nodes.base_device_node]
26-07-30 [23:13:11,992] [TRACE] [/devices/szlab_mixer_pump] 【.get_property】获取同步属性: status [get_property:371] [unilabos.ros.nodes.base_device_node]
26-07-30 [23:13:12,022] [TRACE] [/devices/szlab_mixer_pipetting_station] 【.get_property】获取同步属性: status [get_property:371] [unilabos.ros.nodes.base_device_node]
26-07-30 [23:13:12,036] [TRACE] [/devices/host_node] [Host Node] Discovering devices in the network... [_discover_devices:472] [unilabos.ros.nodes.presets.host_node]
26-07-30 [23:13:12,036] [TRACE] [/devices/host_node] [Host Node] Total online devices: 9 [_discover_devices:525] [unilabos.ros.nodes.presets.host_node]
26-07-30 [23:13:12,389] [DEBUG] 使用节点: '传感器状态_上位机[3].NO[9]', NodeId: ns=4;s=上位机通讯|传感器状态_上位机[3].NO[9] [use_node:345] [unilabos.utils.log.post_process]
26-07-30 [23:13:12,550] [DEBUG] 使用节点: '传感器状态_上位机[3].NO[10]', NodeId: ns=4;s=上位机通讯|传感器状态_上位机[3].NO[10] [use_node:345] [unilabos.utils.log.post_process]
26-07-30 [23:13:12,712] [DEBUG] 使用节点: '传感器状态_上位机[3].NO[11]', NodeId: ns=4;s=上位机通讯|传感器状态_上位机[3].NO[11] [use_node:345] [unilabos.utils.log.post_process]
26-07-30 [23:13:12,873] [DEBUG] 使用节点: '传感器状态_上位机[3].NO[12]', NodeId: ns=4;s=上位机通讯|传感器状态_上位机[3].NO[12] [use_node:345] [unilabos.utils.log.post_process]
26-07-30 [23:13:13,012] [TRACE] [/devices/szlab_s08_cap_station] 【.get_property】获取同步属性: last_s08_status [get_property:371] [unilabos.ros.nodes.base_device_node]
26-07-30 [23:13:13,035] [DEBUG] 使用节点: '传感器状态_上位机[3].NO[13]', NodeId: ns=4;s=上位机通讯|传感器状态_上位机[3].NO[13] [use_node:345] [unilabos.utils.log.post_process]
26-07-30 [23:13:13,573] [DEBUG] 使用节点: 'S06加工完成', NodeId: ns=4;s=上位机通讯|S06加工完成 [use_node:345] [unilabos.utils.log.post_process]
26-07-30 [23:13:13,581] [TRACE] [/devices/szlab_poly_plc] 【.get_property】获取同步属性: powder_container_occupied [get_property:371] [unilabos.ros.nodes.base_device_node]
26-07-30 [23:13:13,734] [DEBUG] 使用节点: '传感器状态_上位机[3].NO[8]', NodeId: ns=4;s=上位机通讯|传感器状态_上位机[3].NO[8] [use_node:345] [unilabos.utils.log.post_process]
26-07-30 [23:13:13,895] [DEBUG] 使用节点: '传感器状态_上位机[3].NO[9]', NodeId: ns=4;s=上位机通讯|传感器状态_上位机[3].NO[9] [use_node:345] [unilabos.utils.log.post_process]
26-07-30 [23:13:14,056] [DEBUG] 使用节点: '传感器状态_上位机[3].NO[10]', NodeId: ns=4;s=上位机通讯|传感器状态_上位机[3].NO[10] [use_node:345] [unilabos.utils.log.post_process]
26-07-30 [23:13:14,217] [DEBUG] 使用节点: '传感器状态_上位机[3].NO[11]', NodeId: ns=4;s=上位机通讯|传感器状态_上位机[3].NO[11] [use_node:345] [unilabos.utils.log.post_process]
26-07-30 [23:13:14,378] [DEBUG] 使用节点: '传感器状态_上位机[3].NO[12]', NodeId: ns=4;s=上位机通讯|传感器状态_上位机[3].NO[12] [use_node:345] [unilabos.utils.log.post_process]
26-07-30 [23:13:14,539] [DEBUG] 使用节点: '传感器状态_上位机[3].NO[13]', NodeId: ns=4;s=上位机通讯|传感器状态_上位机[3].NO[13] [use_node:345] [unilabos.utils.log.post_process]
26-07-30 [23:13:14,701] [DEBUG] 使用节点: 'S06加工完成', NodeId: ns=4;s=上位机通讯|S06加工完成 [use_node:345] [unilabos.utils.log.post_process]
26-07-30 [23:13:14,708] [TRACE] [/devices/szlab_poly_plc] 【.get_property】获取同步属性: powder_container_occupied [get_property:371] [unilabos.ros.nodes.base_device_node]
26-07-30 [23:13:14,862] [DEBUG] 使用节点: '传感器状态_上位机[3].NO[8]', NodeId: ns=4;s=上位机通讯|传感器状态_上位机[3].NO[8] [use_node:345] [unilabos.utils.log.post_process]
26-07-30 [23:13:15,012] [TRACE] [/devices/szlab_s08_cap_station] 【.get_property】获取同步属性: last_s08_status [get_property:371] [unilabos.ros.nodes.base_device_node]
26-07-30 [23:13:15,023] [DEBUG] 使用节点: '传感器状态_上位机[3].NO[9]', NodeId: ns=4;s=上位机通讯|传感器状态_上位机[3].NO[9] [use_node:345] [unilabos.utils.log.post_process]
26-07-30 [23:13:15,184] [DEBUG] 使用节点: '传感器状态_上位机[3].NO[10]', NodeId: ns=4;s=上位机通讯|传感器状态_上位机[3].NO[10] [use_node:345] [unilabos.utils.log.post_process]
26-07-30 [23:13:15,345] [DEBUG] 使用节点: '传感器状态_上位机[3].NO[11]', NodeId: ns=4;s=上位机通讯|传感器状态_上位机[3].NO[11] [use_node:345] [unilabos.utils.log.post_process]
26-07-30 [23:13:15,506] [DEBUG] 使用节点: '传感器状态_上位机[3].NO[12]', NodeId: ns=4;s=上位机通讯|传感器状态_上位机[3].NO[12] [use_node:345] [unilabos.utils.log.post_process]
26-07-30 [23:13:15,667] [DEBUG] 使用节点: '传感器状态_上位机[3].NO[13]', NodeId: ns=4;s=上位机通讯|传感器状态_上位机[3].NO[13] [use_node:345] [unilabos.utils.log.post_process]
26-07-30 [23:13:15,828] [DEBUG] 使用节点: 'S06加工完成', NodeId: ns=4;s=上位机通讯|S06加工完成 [use_node:345] [unilabos.utils.log.post_process]
26-07-30 [23:13:15,836] [TRACE] [/devices/szlab_poly_plc] 【.get_property】获取同步属性: powder_container_occupied [get_property:371] [unilabos.ros.nodes.base_device_node]
26-07-30 [23:13:15,990] [DEBUG] 使用节点: '传感器状态_上位机[3].NO[8]', NodeId: ns=4;s=上位机通讯|传感器状态_上位机[3].NO[8] [use_node:345] [unilabos.utils.log.post_process]
26-07-30 [23:13:16,517] [DEBUG] 使用节点: '传感器状态_上位机[3].NO[9]', NodeId: ns=4;s=上位机通讯|传感器状态_上位机[3].NO[9] [use_node:345] [unilabos.utils.log.post_process]
26-07-30 [23:13:16,678] [DEBUG] 使用节点: '传感器状态_上位机[3].NO[10]', NodeId: ns=4;s=上位机通讯|传感器状态_上位机[3].NO[10] [use_node:345] [unilabos.utils.log.post_process]
26-07-30 [23:13:16,975] [TRACE] [/devices/szlab_mixer_stirrer] 【.get_property】获取同步属性: status [get_property:371] [unilabos.ros.nodes.base_device_node]
26-07-30 [23:13:16,982] [TRACE] [/devices/szlab_mixer_photoshotting] 【.get_property】获取同步属性: last_photo_path [get_property:371] [unilabos.ros.nodes.base_device_node]
26-07-30 [23:13:16,986] [TRACE] [/devices/szlab_mixer_photoshotting] 【.get_property】获取同步属性: last_result [get_property:371] [unilabos.ros.nodes.base_device_node]
26-07-30 [23:13:16,991] [TRACE] [/devices/szlab_mixer_photoshotting] 【.get_property】获取同步属性: status [get_property:371] [unilabos.ros.nodes.base_device_node]
26-07-30 [23:13:16,994] [TRACE] [/devices/szlab_mixer_pump] 【.get_property】获取同步属性: status [get_property:371] [unilabos.ros.nodes.base_device_node]
26-07-30 [23:13:17,013] [TRACE] [/devices/szlab_s08_cap_station] 【.get_property】获取同步属性: last_s08_status [get_property:371] [unilabos.ros.nodes.base_device_node]
26-07-30 [23:13:17,023] [TRACE] [/devices/szlab_mixer_pipetting_station] 【.get_property】获取同步属性: status [get_property:371] [unilabos.ros.nodes.base_device_node]
26-07-30 [23:13:18,341] [DEBUG] 使用节点: '传感器状态_上位机[3].NO[11]', NodeId: ns=4;s=上位机通讯|传感器状态_上位机[3].NO[11] [use_node:345] [unilabos.utils.log.post_process]
26-07-30 [23:13:18,502] [DEBUG] 使用节点: '传感器状态_上位机[3].NO[12]', NodeId: ns=4;s=上位机通讯|传感器状态_上位机[3].NO[12] [use_node:345] [unilabos.utils.log.post_process]
26-07-30 [23:13:18,663] [DEBUG] 使用节点: '传感器状态_上位机[3].NO[13]', NodeId: ns=4;s=上位机通讯|传感器状态_上位机[3].NO[13] [use_node:345] [unilabos.utils.log.post_process]
26-07-30 [23:13:19,012] [TRACE] [/devices/szlab_s08_cap_station] 【.get_property】获取同步属性: last_s08_status [get_property:371] [unilabos.ros.nodes.base_device_node]
26-07-30 [23:13:19,205] [DEBUG] 使用节点: 'S06加工完成', NodeId: ns=4;s=上位机通讯|S06加工完成 [use_node:345] [unilabos.utils.log.post_process]
26-07-30 [23:13:19,213] [TRACE] [/devices/szlab_poly_plc] 【.get_property】获取同步属性: powder_container_occupied [get_property:371] [unilabos.ros.nodes.base_device_node]
26-07-30 [23:13:19,366] [DEBUG] 使用节点: '传感器状态_上位机[3].NO[8]', NodeId: ns=4;s=上位机通讯|传感器状态_上位机[3].NO[8] [use_node:345] [unilabos.utils.log.post_process]
26-07-30 [23:13:19,527] [DEBUG] 使用节点: '传感器状态_上位机[3].NO[9]', NodeId: ns=4;s=上位机通讯|传感器状态_上位机[3].NO[9] [use_node:345] [unilabos.utils.log.post_process]
26-07-30 [23:13:19,689] [DEBUG] 使用节点: '传感器状态_上位机[3].NO[10]', NodeId: ns=4;s=上位机通讯|传感器状态_上位机[3].NO[10] [use_node:345] [unilabos.utils.log.post_process]
26-07-30 [23:13:19,850] [DEBUG] 使用节点: '传感器状态_上位机[3].NO[11]', NodeId: ns=4;s=上位机通讯|传感器状态_上位机[3].NO[11] [use_node:345] [unilabos.utils.log.post_process]
26-07-30 [23:13:20,011] [DEBUG] 使用节点: '传感器状态_上位机[3].NO[12]', NodeId: ns=4;s=上位机通讯|传感器状态_上位机[3].NO[12] [use_node:345] [unilabos.utils.log.post_process]
26-07-30 [23:13:20,172] [DEBUG] 使用节点: '传感器状态_上位机[3].NO[13]', NodeId: ns=4;s=上位机通讯|传感器状态_上位机[3].NO[13] [use_node:345] [unilabos.utils.log.post_process]
26-07-30 [23:13:20,334] [DEBUG] 使用节点: 'S06加工完成', NodeId: ns=4;s=上位机通讯|S06加工完成 [use_node:345] [unilabos.utils.log.post_process]
26-07-30 [23:13:20,342] [TRACE] [/devices/szlab_poly_plc] 【.get_property】获取同步属性: powder_container_occupied [get_property:371] [unilabos.ros.nodes.base_device_node]
26-07-30 [23:13:20,495] [DEBUG] 使用节点: '传感器状态_上位机[3].NO[8]', NodeId: ns=4;s=上位机通讯|传感器状态_上位机[3].NO[8] [use_node:345] [unilabos.utils.log.post_process]
26-07-30 [23:13:20,656] [DEBUG] 使用节点: '传感器状态_上位机[3].NO[9]', NodeId: ns=4;s=上位机通讯|传感器状态_上位机[3].NO[9] [use_node:345] [unilabos.utils.log.post_process]
26-07-30 [23:13:21,012] [TRACE] [/devices/szlab_s08_cap_station] 【.get_property】获取同步属性: last_s08_status [get_property:371] [unilabos.ros.nodes.base_device_node]
26-07-30 [23:13:21,189] [DEBUG] 使用节点: '传感器状态_上位机[3].NO[10]', NodeId: ns=4;s=上位机通讯|传感器状态_上位机[3].NO[10] [use_node:345] [unilabos.utils.log.post_process]
26-07-30 [23:13:21,350] [DEBUG] 使用节点: '传感器状态_上位机[3].NO[11]', NodeId: ns=4;s=上位机通讯|传感器状态_上位机[3].NO[11] [use_node:345] [unilabos.utils.log.post_process]
26-07-30 [23:13:21,511] [DEBUG] 使用节点: '传感器状态_上位机[3].NO[12]', NodeId: ns=4;s=上位机通讯|传感器状态_上位机[3].NO[12] [use_node:345] [unilabos.utils.log.post_process]
26-07-30 [23:13:21,672] [DEBUG] 使用节点: '传感器状态_上位机[3].NO[13]', NodeId: ns=4;s=上位机通讯|传感器状态_上位机[3].NO[13] [use_node:345] [unilabos.utils.log.post_process]
26-07-30 [23:13:21,974] [TRACE] [/devices/szlab_mixer_stirrer] 【.get_property】获取同步属性: status [get_property:371] [unilabos.ros.nodes.base_device_node]
26-07-30 [23:13:21,982] [TRACE] [/devices/szlab_mixer_photoshotting] 【.get_property】获取同步属性: last_photo_path [get_property:371] [unilabos.ros.nodes.base_device_node]
26-07-30 [23:13:21,984] [TRACE] [/devices/szlab_mixer_photoshotting] 【.get_property】获取同步属性: last_result [get_property:371] [unilabos.ros.nodes.base_device_node]
26-07-30 [23:13:21,988] [TRACE] [/devices/szlab_mixer_photoshotting] 【.get_property】获取同步属性: status [get_property:371] [unilabos.ros.nodes.base_device_node]
26-07-30 [23:13:21,992] [TRACE] [/devices/szlab_mixer_pump] 【.get_property】获取同步属性: status [get_property:371] [unilabos.ros.nodes.base_device_node]
26-07-30 [23:13:22,023] [TRACE] [/devices/szlab_mixer_pipetting_station] 【.get_property】获取同步属性: status [get_property:371] [unilabos.ros.nodes.base_device_node]
26-07-30 [23:13:22,213] [DEBUG] 使用节点: 'S06加工完成', NodeId: ns=4;s=上位机通讯|S06加工完成 [use_node:345] [unilabos.utils.log.post_process]
26-07-30 [23:13:22,221] [TRACE] [/devices/szlab_poly_plc] 【.get_property】获取同步属性: powder_container_occupied [get_property:371] [unilabos.ros.nodes.base_device_node]
26-07-30 [23:13:22,374] [DEBUG] 使用节点: '传感器状态_上位机[3].NO[8]', NodeId: ns=4;s=上位机通讯|传感器状态_上位机[3].NO[8] [use_node:345] [unilabos.utils.log.post_process]
26-07-30 [23:13:22,535] [DEBUG] 使用节点: '传感器状态_上位机[3].NO[9]', NodeId: ns=4;s=上位机通讯|传感器状态_上位机[3].NO[9] [use_node:345] [unilabos.utils.log.post_process]
26-07-30 [23:13:22,696] [DEBUG] 使用节点: '传感器状态_上位机[3].NO[10]', NodeId: ns=4;s=上位机通讯|传感器状态_上位机[3].NO[10] [use_node:345] [unilabos.utils.log.post_process]
26-07-30 [23:13:22,857] [DEBUG] 使用节点: '传感器状态_上位机[3].NO[11]', NodeId: ns=4;s=上位机通讯|传感器状态_上位机[3].NO[11] [use_node:345] [unilabos.utils.log.post_process]
26-07-30 [23:13:23,012] [TRACE] [/devices/szlab_s08_cap_station] 【.get_property】获取同步属性: last_s08_status [get_property:371] [unilabos.ros.nodes.base_device_node]
26-07-30 [23:13:23,781] [DEBUG] 使用节点: '传感器状态_上位机[3].NO[12]', NodeId: ns=4;s=上位机通讯|传感器状态_上位机[3].NO[12] [use_node:345] [unilabos.utils.log.post_process]
26-07-30 [23:13:23,942] [DEBUG] 使用节点: '传感器状态_上位机[3].NO[13]', NodeId: ns=4;s=上位机通讯|传感器状态_上位机[3].NO[13] [use_node:345] [unilabos.utils.log.post_process]
26-07-30 [23:13:24,103] [DEBUG] 使用节点: 'S06加工完成', NodeId: ns=4;s=上位机通讯|S06加工完成 [use_node:345] [unilabos.utils.log.post_process]
26-07-30 [23:13:24,111] [TRACE] [/devices/szlab_poly_plc] 【.get_property】获取同步属性: powder_container_occupied [get_property:371] [unilabos.ros.nodes.base_device_node]
26-07-30 [23:13:24,264] [DEBUG] 使用节点: '传感器状态_上位机[3].NO[8]', NodeId: ns=4;s=上位机通讯|传感器状态_上位机[3].NO[8] [use_node:345] [unilabos.utils.log.post_process]
26-07-30 [23:13:24,425] [DEBUG] 使用节点: '传感器状态_上位机[3].NO[9]', NodeId: ns=4;s=上位机通讯|传感器状态_上位机[3].NO[9] [use_node:345] [unilabos.utils.log.post_process]
26-07-30 [23:13:24,965] [DEBUG] 使用节点: '传感器状态_上位机[3].NO[10]', NodeId: ns=4;s=上位机通讯|传感器状态_上位机[3].NO[10] [use_node:345] [unilabos.utils.log.post_process]
26-07-30 [23:13:25,012] [TRACE] [/devices/szlab_s08_cap_station] 【.get_property】获取同步属性: last_s08_status [get_property:371] [unilabos.ros.nodes.base_device_node]
26-07-30 [23:13:25,126] [DEBUG] 使用节点: '传感器状态_上位机[3].NO[11]', NodeId: ns=4;s=上位机通讯|传感器状态_上位机[3].NO[11] [use_node:345] [unilabos.utils.log.post_process]
26-07-30 [23:13:26,053] [DEBUG] 使用节点: '传感器状态_上位机[3].NO[12]', NodeId: ns=4;s=上位机通讯|传感器状态_上位机[3].NO[12] [use_node:345] [unilabos.utils.log.post_process]
26-07-30 [23:13:26,215] [DEBUG] 使用节点: '传感器状态_上位机[3].NO[13]', NodeId: ns=4;s=上位机通讯|传感器状态_上位机[3].NO[13] [use_node:345] [unilabos.utils.log.post_process]
26-07-30 [23:13:26,377] [DEBUG] 使用节点: 'S06加工完成', NodeId: ns=4;s=上位机通讯|S06加工完成 [use_node:345] [unilabos.utils.log.post_process]
26-07-30 [23:13:26,385] [TRACE] [/devices/szlab_poly_plc] 【.get_property】获取同步属性: powder_container_occupied [get_property:371] [unilabos.ros.nodes.base_device_node]
26-07-30 [23:13:26,917] [DEBUG] 使用节点: '传感器状态_上位机[3].NO[8]', NodeId: ns=4;s=上位机通讯|传感器状态_上位机[3].NO[8] [use_node:345] [unilabos.utils.log.post_process]
26-07-30 [23:13:26,974] [TRACE] [/devices/szlab_mixer_stirrer] 【.get_property】获取同步属性: status [get_property:371] [unilabos.ros.nodes.base_device_node]
26-07-30 [23:13:26,982] [TRACE] [/devices/szlab_mixer_photoshotting] 【.get_property】获取同步属性: last_photo_path [get_property:371] [unilabos.ros.nodes.base_device_node]
26-07-30 [23:13:26,984] [TRACE] [/devices/szlab_mixer_photoshotting] 【.get_property】获取同步属性: last_result [get_property:371] [unilabos.ros.nodes.base_device_node]
26-07-30 [23:13:26,988] [TRACE] [/devices/szlab_mixer_photoshotting] 【.get_property】获取同步属性: status [get_property:371] [unilabos.ros.nodes.base_device_node]
26-07-30 [23:13:26,992] [TRACE] [/devices/szlab_mixer_pump] 【.get_property】获取同步属性: status [get_property:371] [unilabos.ros.nodes.base_device_node]
26-07-30 [23:13:27,012] [TRACE] [/devices/szlab_s08_cap_station] 【.get_property】获取同步属性: last_s08_status [get_property:371] [unilabos.ros.nodes.base_device_node]
26-07-30 [23:13:27,022] [TRACE] [/devices/szlab_mixer_pipetting_station] 【.get_property】获取同步属性: status [get_property:371] [unilabos.ros.nodes.base_device_node]
26-07-30 [23:13:27,036] [TRACE] [/devices/host_node] [Host Node] Discovering devices in the network... [_discover_devices:472] [unilabos.ros.nodes.presets.host_node]
26-07-30 [23:13:27,036] [TRACE] [/devices/host_node] [Host Node] Total online devices: 9 [_discover_devices:525] [unilabos.ros.nodes.presets.host_node]
26-07-30 [23:13:27,078] [DEBUG] 使用节点: '传感器状态_上位机[3].NO[9]', NodeId: ns=4;s=上位机通讯|传感器状态_上位机[3].NO[9] [use_node:345] [unilabos.utils.log.post_process]
26-07-30 [23:13:27,239] [DEBUG] 使用节点: '传感器状态_上位机[3].NO[10]', NodeId: ns=4;s=上位机通讯|传感器状态_上位机[3].NO[10] [use_node:345] [unilabos.utils.log.post_process]
26-07-30 [23:13:27,781] [DEBUG] 使用节点: '传感器状态_上位机[3].NO[11]', NodeId: ns=4;s=上位机通讯|传感器状态_上位机[3].NO[11] [use_node:345] [unilabos.utils.log.post_process]
26-07-30 [23:13:27,942] [DEBUG] 使用节点: '传感器状态_上位机[3].NO[12]', NodeId: ns=4;s=上位机通讯|传感器状态_上位机[3].NO[12] [use_node:345] [unilabos.utils.log.post_process]
26-07-30 [23:13:28,103] [DEBUG] 使用节点: '传感器状态_上位机[3].NO[13]', NodeId: ns=4;s=上位机通讯|传感器状态_上位机[3].NO[13] [use_node:345] [unilabos.utils.log.post_process]
26-07-30 [23:13:28,264] [DEBUG] 使用节点: 'S06加工完成', NodeId: ns=4;s=上位机通讯|S06加工完成 [use_node:345] [unilabos.utils.log.post_process]
26-07-30 [23:13:28,271] [TRACE] [/devices/szlab_poly_plc] 【.get_property】获取同步属性: powder_container_occupied [get_property:371] [unilabos.ros.nodes.base_device_node]
26-07-30 [23:13:28,425] [DEBUG] 使用节点: '传感器状态_上位机[3].NO[8]', NodeId: ns=4;s=上位机通讯|传感器状态_上位机[3].NO[8] [use_node:345] [unilabos.utils.log.post_process]
26-07-30 [23:13:28,586] [DEBUG] 使用节点: '传感器状态_上位机[3].NO[9]', NodeId: ns=4;s=上位机通讯|传感器状态_上位机[3].NO[9] [use_node:345] [unilabos.utils.log.post_process]
26-07-30 [23:13:28,747] [DEBUG] 使用节点: '传感器状态_上位机[3].NO[10]', NodeId: ns=4;s=上位机通讯|传感器状态_上位机[3].NO[10] [use_node:345] [unilabos.utils.log.post_process]
26-07-30 [23:13:28,908] [DEBUG] 使用节点: '传感器状态_上位机[3].NO[11]', NodeId: ns=4;s=上位机通讯|传感器状态_上位机[3].NO[11] [use_node:345] [unilabos.utils.log.post_process]
26-07-30 [23:13:29,012] [TRACE] [/devices/szlab_s08_cap_station] 【.get_property】获取同步属性: last_s08_status [get_property:371] [unilabos.ros.nodes.base_device_node]
26-07-30 [23:13:29,069] [DEBUG] 使用节点: '传感器状态_上位机[3].NO[12]', NodeId: ns=4;s=上位机通讯|传感器状态_上位机[3].NO[12] [use_node:345] [unilabos.utils.log.post_process]
26-07-30 [23:13:29,230] [DEBUG] 使用节点: '传感器状态_上位机[3].NO[13]', NodeId: ns=4;s=上位机通讯|传感器状态_上位机[3].NO[13] [use_node:345] [unilabos.utils.log.post_process]
26-07-30 [23:13:29,392] [DEBUG] 使用节点: 'S06加工完成', NodeId: ns=4;s=上位机通讯|S06加工完成 [use_node:345] [unilabos.utils.log.post_process]
26-07-30 [23:13:29,400] [TRACE] [/devices/szlab_poly_plc] 【.get_property】获取同步属性: powder_container_occupied [get_property:371] [unilabos.ros.nodes.base_device_node]
26-07-30 [23:13:29,553] [DEBUG] 使用节点: '传感器状态_上位机[3].NO[8]', NodeId: ns=4;s=上位机通讯|传感器状态_上位机[3].NO[8] [use_node:345] [unilabos.utils.log.post_process]
26-07-30 [23:13:30,086] [DEBUG] 使用节点: '传感器状态_上位机[3].NO[9]', NodeId: ns=4;s=上位机通讯|传感器状态_上位机[3].NO[9] [use_node:345] [unilabos.utils.log.post_process]
26-07-30 [23:13:30,247] [DEBUG] 使用节点: '传感器状态_上位机[3].NO[10]', NodeId: ns=4;s=上位机通讯|传感器状态_上位机[3].NO[10] [use_node:345] [unilabos.utils.log.post_process]
26-07-30 [23:13:30,408] [DEBUG] 使用节点: '传感器状态_上位机[3].NO[11]', NodeId: ns=4;s=上位机通讯|传感器状态_上位机[3].NO[11] [use_node:345] [unilabos.utils.log.post_process]
26-07-30 [23:13:31,012] [TRACE] [/devices/szlab_s08_cap_station] 【.get_property】获取同步属性: last_s08_status [get_property:371] [unilabos.ros.nodes.base_device_node]
26-07-30 [23:13:31,974] [TRACE] [/devices/szlab_mixer_stirrer] 【.get_property】获取同步属性: status [get_property:371] [unilabos.ros.nodes.base_device_node]
26-07-30 [23:13:31,982] [TRACE] [/devices/szlab_mixer_photoshotting] 【.get_property】获取同步属性: last_photo_path [get_property:371] [unilabos.ros.nodes.base_device_node]
26-07-30 [23:13:31,984] [TRACE] [/devices/szlab_mixer_photoshotting] 【.get_property】获取同步属性: last_result [get_property:371] [unilabos.ros.nodes.base_device_node]
26-07-30 [23:13:31,988] [TRACE] [/devices/szlab_mixer_photoshotting] 【.get_property】获取同步属性: status [get_property:371] [unilabos.ros.nodes.base_device_node]
26-07-30 [23:13:31,992] [TRACE] [/devices/szlab_mixer_pump] 【.get_property】获取同步属性: status [get_property:371] [unilabos.ros.nodes.base_device_node]
26-07-30 [23:13:32,023] [TRACE] [/devices/szlab_mixer_pipetting_station] 【.get_property】获取同步属性: status [get_property:371] [unilabos.ros.nodes.base_device_node]
26-07-30 [23:13:32,069] [DEBUG] 使用节点: '传感器状态_上位机[3].NO[12]', NodeId: ns=4;s=上位机通讯|传感器状态_上位机[3].NO[12] [use_node:345] [unilabos.utils.log.post_process]
26-07-30 [23:13:32,230] [DEBUG] 使用节点: '传感器状态_上位机[3].NO[13]', NodeId: ns=4;s=上位机通讯|传感器状态_上位机[3].NO[13] [use_node:345] [unilabos.utils.log.post_process]
26-07-30 [23:13:32,391] [DEBUG] 使用节点: 'S06加工完成', NodeId: ns=4;s=上位机通讯|S06加工完成 [use_node:345] [unilabos.utils.log.post_process]
26-07-30 [23:13:32,399] [TRACE] [/devices/szlab_poly_plc] 【.get_property】获取同步属性: powder_container_occupied [get_property:371] [unilabos.ros.nodes.base_device_node]
26-07-30 [23:13:32,552] [DEBUG] 使用节点: '传感器状态_上位机[3].NO[8]', NodeId: ns=4;s=上位机通讯|传感器状态_上位机[3].NO[8] [use_node:345] [unilabos.utils.log.post_process]
26-07-30 [23:13:32,714] [DEBUG] 使用节点: '传感器状态_上位机[3].NO[9]', NodeId: ns=4;s=上位机通讯|传感器状态_上位机[3].NO[9] [use_node:345] [unilabos.utils.log.post_process]
26-07-30 [23:13:33,012] [TRACE] [/devices/szlab_s08_cap_station] 【.get_property】获取同步属性: last_s08_status [get_property:371] [unilabos.ros.nodes.base_device_node]
26-07-30 [23:13:33,253] [DEBUG] 使用节点: '传感器状态_上位机[3].NO[10]', NodeId: ns=4;s=上位机通讯|传感器状态_上位机[3].NO[10] [use_node:345] [unilabos.utils.log.post_process]
26-07-30 [23:13:33,415] [DEBUG] 使用节点: '传感器状态_上位机[3].NO[11]', NodeId: ns=4;s=上位机通讯|传感器状态_上位机[3].NO[11] [use_node:345] [unilabos.utils.log.post_process]
26-07-30 [23:13:33,576] [DEBUG] 使用节点: '传感器状态_上位机[3].NO[12]', NodeId: ns=4;s=上位机通讯|传感器状态_上位机[3].NO[12] [use_node:345] [unilabos.utils.log.post_process]
26-07-30 [23:13:33,737] [DEBUG] 使用节点: '传感器状态_上位机[3].NO[13]', NodeId: ns=4;s=上位机通讯|传感器状态_上位机[3].NO[13] [use_node:345] [unilabos.utils.log.post_process]
26-07-30 [23:13:33,898] [DEBUG] 使用节点: 'S06加工完成', NodeId: ns=4;s=上位机通讯|S06加工完成 [use_node:345] [unilabos.utils.log.post_process]
26-07-30 [23:13:33,906] [TRACE] [/devices/szlab_poly_plc] 【.get_property】获取同步属性: powder_container_occupied [get_property:371] [unilabos.ros.nodes.base_device_node]
26-07-30 [23:13:34,059] [DEBUG] 使用节点: '传感器状态_上位机[3].NO[8]', NodeId: ns=4;s=上位机通讯|传感器状态_上位机[3].NO[8] [use_node:345] [unilabos.utils.log.post_process]
26-07-30 [23:13:35,012] [TRACE] [/devices/szlab_s08_cap_station] 【.get_property】获取同步属性: last_s08_status [get_property:371] [unilabos.ros.nodes.base_device_node]
26-07-30 [23:13:35,717] [DEBUG] 使用节点: '传感器状态_上位机[3].NO[9]', NodeId: ns=4;s=上位机通讯|传感器状态_上位机[3].NO[9] [use_node:345] [unilabos.utils.log.post_process]
26-07-30 [23:13:35,878] [DEBUG] 使用节点: '传感器状态_上位机[3].NO[10]', NodeId: ns=4;s=上位机通讯|传感器状态_上位机[3].NO[10] [use_node:345] [unilabos.utils.log.post_process]
26-07-30 [23:13:36,039] [DEBUG] 使用节点: '传感器状态_上位机[3].NO[11]', NodeId: ns=4;s=上位机通讯|传感器状态_上位机[3].NO[11] [use_node:345] [unilabos.utils.log.post_process]
26-07-30 [23:13:36,201] [DEBUG] 使用节点: '传感器状态_上位机[3].NO[12]', NodeId: ns=4;s=上位机通讯|传感器状态_上位机[3].NO[12] [use_node:345] [unilabos.utils.log.post_process]
26-07-30 [23:13:36,741] [DEBUG] 使用节点: '传感器状态_上位机[3].NO[13]', NodeId: ns=4;s=上位机通讯|传感器状态_上位机[3].NO[13] [use_node:345] [unilabos.utils.log.post_process]
26-07-30 [23:13:36,974] [TRACE] [/devices/szlab_mixer_stirrer] 【.get_property】获取同步属性: status [get_property:371] [unilabos.ros.nodes.base_device_node]
26-07-30 [23:13:36,982] [TRACE] [/devices/szlab_mixer_photoshotting] 【.get_property】获取同步属性: last_photo_path [get_property:371] [unilabos.ros.nodes.base_device_node]
26-07-30 [23:13:36,984] [TRACE] [/devices/szlab_mixer_photoshotting] 【.get_property】获取同步属性: status [get_property:371] [unilabos.ros.nodes.base_device_node]
26-07-30 [23:13:36,986] [TRACE] [/devices/szlab_mixer_photoshotting] 【.get_property】获取同步属性: last_result [get_property:371] [unilabos.ros.nodes.base_device_node]
26-07-30 [23:13:36,992] [TRACE] [/devices/szlab_mixer_pump] 【.get_property】获取同步属性: status [get_property:371] [unilabos.ros.nodes.base_device_node]
26-07-30 [23:13:37,012] [TRACE] [/devices/szlab_s08_cap_station] 【.get_property】获取同步属性: last_s08_status [get_property:371] [unilabos.ros.nodes.base_device_node]
26-07-30 [23:13:37,022] [TRACE] [/devices/szlab_mixer_pipetting_station] 【.get_property】获取同步属性: status [get_property:371] [unilabos.ros.nodes.base_device_node]
26-07-30 [23:13:37,293] [DEBUG] 使用节点: 'S06加工完成', NodeId: ns=4;s=上位机通讯|S06加工完成 [use_node:345] [unilabos.utils.log.post_process]
26-07-30 [23:13:37,301] [TRACE] [/devices/szlab_poly_plc] 【.get_property】获取同步属性: powder_container_occupied [get_property:371] [unilabos.ros.nodes.base_device_node]
26-07-30 [23:13:37,455] [DEBUG] 使用节点: '传感器状态_上位机[3].NO[8]', NodeId: ns=4;s=上位机通讯|传感器状态_上位机[3].NO[8] [use_node:345] [unilabos.utils.log.post_process]
26-07-30 [23:13:37,616] [DEBUG] 使用节点: '传感器状态_上位机[3].NO[9]', NodeId: ns=4;s=上位机通讯|传感器状态_上位机[3].NO[9] [use_node:345] [unilabos.utils.log.post_process]
26-07-30 [23:13:37,777] [DEBUG] 使用节点: '传感器状态_上位机[3].NO[10]', NodeId: ns=4;s=上位机通讯|传感器状态_上位机[3].NO[10] [use_node:345] [unilabos.utils.log.post_process]
26-07-30 [23:13:38,309] [DEBUG] 使用节点: '传感器状态_上位机[3].NO[11]', NodeId: ns=4;s=上位机通讯|传感器状态_上位机[3].NO[11] [use_node:345] [unilabos.utils.log.post_process]
26-07-30 [23:13:38,470] [DEBUG] 使用节点: '传感器状态_上位机[3].NO[12]', NodeId: ns=4;s=上位机通讯|传感器状态_上位机[3].NO[12] [use_node:345] [unilabos.utils.log.post_process]
26-07-30 [23:13:38,631] [DEBUG] 使用节点: '传感器状态_上位机[3].NO[13]', NodeId: ns=4;s=上位机通讯|传感器状态_上位机[3].NO[13] [use_node:345] [unilabos.utils.log.post_process]
26-07-30 [23:13:38,792] [DEBUG] 使用节点: 'S06加工完成', NodeId: ns=4;s=上位机通讯|S06加工完成 [use_node:345] [unilabos.utils.log.post_process]
26-07-30 [23:13:38,800] [TRACE] [/devices/szlab_poly_plc] 【.get_property】获取同步属性: powder_container_occupied [get_property:371] [unilabos.ros.nodes.base_device_node]
26-07-30 [23:13:38,953] [DEBUG] 使用节点: '传感器状态_上位机[3].NO[8]', NodeId: ns=4;s=上位机通讯|传感器状态_上位机[3].NO[8] [use_node:345] [unilabos.utils.log.post_process]
26-07-30 [23:13:39,012] [TRACE] [/devices/szlab_s08_cap_station] 【.get_property】获取同步属性: last_s08_status [get_property:371] [unilabos.ros.nodes.base_device_node]
26-07-30 [23:13:39,115] [DEBUG] 使用节点: '传感器状态_上位机[3].NO[9]', NodeId: ns=4;s=上位机通讯|传感器状态_上位机[3].NO[9] [use_node:345] [unilabos.utils.log.post_process]
26-07-30 [23:13:39,276] [DEBUG] 使用节点: '传感器状态_上位机[3].NO[10]', NodeId: ns=4;s=上位机通讯|传感器状态_上位机[3].NO[10] [use_node:345] [unilabos.utils.log.post_process]
26-07-30 [23:13:39,438] [DEBUG] 使用节点: '传感器状态_上位机[3].NO[11]', NodeId: ns=4;s=上位机通讯|传感器状态_上位机[3].NO[11] [use_node:345] [unilabos.utils.log.post_process]
26-07-30 [23:13:39,973] [DEBUG] 使用节点: '传感器状态_上位机[3].NO[12]', NodeId: ns=4;s=上位机通讯|传感器状态_上位机[3].NO[12] [use_node:345] [unilabos.utils.log.post_process]
26-07-30 [23:13:40,134] [DEBUG] 使用节点: '传感器状态_上位机[3].NO[13]', NodeId: ns=4;s=上位机通讯|传感器状态_上位机[3].NO[13] [use_node:345] [unilabos.utils.log.post_process]
26-07-30 [23:13:40,296] [DEBUG] 使用节点: 'S06加工完成', NodeId: ns=4;s=上位机通讯|S06加工完成 [use_node:345] [unilabos.utils.log.post_process]
26-07-30 [23:13:40,304] [TRACE] [/devices/szlab_poly_plc] 【.get_property】获取同步属性: powder_container_occupied [get_property:371] [unilabos.ros.nodes.base_device_node]
26-07-30 [23:13:40,457] [DEBUG] 使用节点: '传感器状态_上位机[3].NO[8]', NodeId: ns=4;s=上位机通讯|传感器状态_上位机[3].NO[8] [use_node:345] [unilabos.utils.log.post_process]
26-07-30 [23:13:40,619] [DEBUG] 使用节点: '传感器状态_上位机[3].NO[9]', NodeId: ns=4;s=上位机通讯|传感器状态_上位机[3].NO[9] [use_node:345] [unilabos.utils.log.post_process]
26-07-30 [23:13:40,780] [DEBUG] 使用节点: '传感器状态_上位机[3].NO[10]', NodeId: ns=4;s=上位机通讯|传感器状态_上位机[3].NO[10] [use_node:345] [unilabos.utils.log.post_process]
26-07-30 [23:13:40,941] [DEBUG] 使用节点: '传感器状态_上位机[3].NO[11]', NodeId: ns=4;s=上位机通讯|传感器状态_上位机[3].NO[11] [use_node:345] [unilabos.utils.log.post_process]
26-07-30 [23:13:41,012] [TRACE] [/devices/szlab_s08_cap_station] 【.get_property】获取同步属性: last_s08_status [get_property:371] [unilabos.ros.nodes.base_device_node]
26-07-30 [23:13:41,477] [DEBUG] 使用节点: '传感器状态_上位机[3].NO[12]', NodeId: ns=4;s=上位机通讯|传感器状态_上位机[3].NO[12] [use_node:345] [unilabos.utils.log.post_process]
26-07-30 [23:13:41,638] [DEBUG] 使用节点: '传感器状态_上位机[3].NO[13]', NodeId: ns=4;s=上位机通讯|传感器状态_上位机[3].NO[13] [use_node:345] [unilabos.utils.log.post_process]
26-07-30 [23:13:41,799] [DEBUG] 使用节点: 'S06加工完成', NodeId: ns=4;s=上位机通讯|S06加工完成 [use_node:345] [unilabos.utils.log.post_process]
26-07-30 [23:13:41,807] [TRACE] [/devices/szlab_poly_plc] 【.get_property】获取同步属性: powder_container_occupied [get_property:371] [unilabos.ros.nodes.base_device_node]
26-07-30 [23:13:41,961] [DEBUG] 使用节点: '传感器状态_上位机[3].NO[8]', NodeId: ns=4;s=上位机通讯|传感器状态_上位机[3].NO[8] [use_node:345] [unilabos.utils.log.post_process]
26-07-30 [23:13:41,974] [TRACE] [/devices/szlab_mixer_stirrer] 【.get_property】获取同步属性: status [get_property:371] [unilabos.ros.nodes.base_device_node]
26-07-30 [23:13:41,982] [TRACE] [/devices/szlab_mixer_photoshotting] 【.get_property】获取同步属性: last_photo_path [get_property:371] [unilabos.ros.nodes.base_device_node]
26-07-30 [23:13:41,984] [TRACE] [/devices/szlab_mixer_photoshotting] 【.get_property】获取同步属性: last_result [get_property:371] [unilabos.ros.nodes.base_device_node]
26-07-30 [23:13:41,988] [TRACE] [/devices/szlab_mixer_photoshotting] 【.get_property】获取同步属性: status [get_property:371] [unilabos.ros.nodes.base_device_node]
26-07-30 [23:13:41,991] [TRACE] [/devices/szlab_mixer_pump] 【.get_property】获取同步属性: status [get_property:371] [unilabos.ros.nodes.base_device_node]
26-07-30 [23:13:42,023] [TRACE] [/devices/szlab_mixer_pipetting_station] 【.get_property】获取同步属性: status [get_property:371] [unilabos.ros.nodes.base_device_node]
26-07-30 [23:13:42,036] [TRACE] [/devices/host_node] [Host Node] Discovering devices in the network... [_discover_devices:472] [unilabos.ros.nodes.presets.host_node]
26-07-30 [23:13:42,036] [TRACE] [/devices/host_node] [Host Node] Total online devices: 9 [_discover_devices:525] [unilabos.ros.nodes.presets.host_node]
26-07-30 [23:13:42,121] [DEBUG] 使用节点: '传感器状态_上位机[3].NO[9]', NodeId: ns=4;s=上位机通讯|传感器状态_上位机[3].NO[9] [use_node:345] [unilabos.utils.log.post_process]
26-07-30 [23:13:42,282] [DEBUG] 使用节点: '传感器状态_上位机[3].NO[10]', NodeId: ns=4;s=上位机通讯|传感器状态_上位机[3].NO[10] [use_node:345] [unilabos.utils.log.post_process]
26-07-30 [23:13:42,443] [DEBUG] 使用节点: '传感器状态_上位机[3].NO[11]', NodeId: ns=4;s=上位机通讯|传感器状态_上位机[3].NO[11] [use_node:345] [unilabos.utils.log.post_process]
26-07-30 [23:13:42,605] [DEBUG] 使用节点: '传感器状态_上位机[3].NO[12]', NodeId: ns=4;s=上位机通讯|传感器状态_上位机[3].NO[12] [use_node:345] [unilabos.utils.log.post_process]
26-07-30 [23:13:42,766] [DEBUG] 使用节点: '传感器状态_上位机[3].NO[13]', NodeId: ns=4;s=上位机通讯|传感器状态_上位机[3].NO[13] [use_node:345] [unilabos.utils.log.post_process]
26-07-30 [23:13:43,012] [TRACE] [/devices/szlab_s08_cap_station] 【.get_property】获取同步属性: last_s08_status [get_property:371] [unilabos.ros.nodes.base_device_node]
26-07-30 [23:13:43,301] [DEBUG] 使用节点: 'S06加工完成', NodeId: ns=4;s=上位机通讯|S06加工完成 [use_node:345] [unilabos.utils.log.post_process]
26-07-30 [23:13:43,309] [TRACE] [/devices/szlab_poly_plc] 【.get_property】获取同步属性: powder_container_occupied [get_property:371] [unilabos.ros.nodes.base_device_node]
26-07-30 [23:13:43,462] [DEBUG] 使用节点: '传感器状态_上位机[3].NO[8]', NodeId: ns=4;s=上位机通讯|传感器状态_上位机[3].NO[8] [use_node:345] [unilabos.utils.log.post_process]
26-07-30 [23:13:43,623] [DEBUG] 使用节点: '传感器状态_上位机[3].NO[9]', NodeId: ns=4;s=上位机通讯|传感器状态_上位机[3].NO[9] [use_node:345] [unilabos.utils.log.post_process]
26-07-30 [23:13:43,784] [DEBUG] 使用节点: '传感器状态_上位机[3].NO[10]', NodeId: ns=4;s=上位机通讯|传感器状态_上位机[3].NO[10] [use_node:345] [unilabos.utils.log.post_process]
26-07-30 [23:13:43,945] [DEBUG] 使用节点: '传感器状态_上位机[3].NO[11]', NodeId: ns=4;s=上位机通讯|传感器状态_上位机[3].NO[11] [use_node:345] [unilabos.utils.log.post_process]
26-07-30 [23:13:44,106] [DEBUG] 使用节点: '传感器状态_上位机[3].NO[12]', NodeId: ns=4;s=上位机通讯|传感器状态_上位机[3].NO[12] [use_node:345] [unilabos.utils.log.post_process]
26-07-30 [23:13:44,268] [DEBUG] 使用节点: '传感器状态_上位机[3].NO[13]', NodeId: ns=4;s=上位机通讯|传感器状态_上位机[3].NO[13] [use_node:345] [unilabos.utils.log.post_process]
26-07-30 [23:13:44,429] [DEBUG] 使用节点: 'S06加工完成', NodeId: ns=4;s=上位机通讯|S06加工完成 [use_node:345] [unilabos.utils.log.post_process]
26-07-30 [23:13:44,437] [TRACE] [/devices/szlab_poly_plc] 【.get_property】获取同步属性: powder_container_occupied [get_property:371] [unilabos.ros.nodes.base_device_node]
26-07-30 [23:13:44,591] [DEBUG] 使用节点: '传感器状态_上位机[3].NO[8]', NodeId: ns=4;s=上位机通讯|传感器状态_上位机[3].NO[8] [use_node:345] [unilabos.utils.log.post_process]
26-07-30 [23:13:44,752] [DEBUG] 使用节点: '传感器状态_上位机[3].NO[9]', NodeId: ns=4;s=上位机通讯|传感器状态_上位机[3].NO[9] [use_node:345] [unilabos.utils.log.post_process]
26-07-30 [23:13:44,913] [DEBUG] 使用节点: '传感器状态_上位机[3].NO[10]', NodeId: ns=4;s=上位机通讯|传感器状态_上位机[3].NO[10] [use_node:345] [unilabos.utils.log.post_process]
26-07-30 [23:13:45,012] [TRACE] [/devices/szlab_s08_cap_station] 【.get_property】获取同步属性: last_s08_status [get_property:371] [unilabos.ros.nodes.base_device_node]
26-07-30 [23:13:45,074] [DEBUG] 使用节点: '传感器状态_上位机[3].NO[11]', NodeId: ns=4;s=上位机通讯|传感器状态_上位机[3].NO[11] [use_node:345] [unilabos.utils.log.post_process]
26-07-30 [23:13:45,235] [DEBUG] 使用节点: '传感器状态_上位机[3].NO[12]', NodeId: ns=4;s=上位机通讯|传感器状态_上位机[3].NO[12] [use_node:345] [unilabos.utils.log.post_process]
26-07-30 [23:13:45,396] [DEBUG] 使用节点: '传感器状态_上位机[3].NO[13]', NodeId: ns=4;s=上位机通讯|传感器状态_上位机[3].NO[13] [use_node:345] [unilabos.utils.log.post_process]
26-07-30 [23:13:45,557] [DEBUG] 使用节点: 'S06加工完成', NodeId: ns=4;s=上位机通讯|S06加工完成 [use_node:345] [unilabos.utils.log.post_process]
26-07-30 [23:13:45,565] [TRACE] [/devices/szlab_poly_plc] 【.get_property】获取同步属性: powder_container_occupied [get_property:371] [unilabos.ros.nodes.base_device_node]
26-07-30 [23:13:45,719] [DEBUG] 使用节点: '传感器状态_上位机[3].NO[8]', NodeId: ns=4;s=上位机通讯|传感器状态_上位机[3].NO[8] [use_node:345] [unilabos.utils.log.post_process]
26-07-30 [23:13:45,887] [DEBUG] 使用节点: '传感器状态_上位机[3].NO[9]', NodeId: ns=4;s=上位机通讯|传感器状态_上位机[3].NO[9] [use_node:345] [unilabos.utils.log.post_process]
26-07-30 [23:13:46,049] [DEBUG] 使用节点: '传感器状态_上位机[3].NO[10]', NodeId: ns=4;s=上位机通讯|传感器状态_上位机[3].NO[10] [use_node:345] [unilabos.utils.log.post_process]
26-07-30 [23:13:46,214] [DEBUG] 使用节点: '传感器状态_上位机[3].NO[11]', NodeId: ns=4;s=上位机通讯|传感器状态_上位机[3].NO[11] [use_node:345] [unilabos.utils.log.post_process]
26-07-30 [23:13:46,375] [DEBUG] 使用节点: '传感器状态_上位机[3].NO[12]', NodeId: ns=4;s=上位机通讯|传感器状态_上位机[3].NO[12] [use_node:345] [unilabos.utils.log.post_process]
26-07-30 [23:13:46,536] [DEBUG] 使用节点: '传感器状态_上位机[3].NO[13]', NodeId: ns=4;s=上位机通讯|传感器状态_上位机[3].NO[13] [use_node:345] [unilabos.utils.log.post_process]
26-07-30 [23:13:46,697] [DEBUG] 使用节点: 'S06加工完成', NodeId: ns=4;s=上位机通讯|S06加工完成 [use_node:345] [unilabos.utils.log.post_process]
26-07-30 [23:13:46,705] [TRACE] [/devices/szlab_poly_plc] 【.get_property】获取同步属性: powder_container_occupied [get_property:371] [unilabos.ros.nodes.base_device_node]
26-07-30 [23:13:46,858] [DEBUG] 使用节点: '传感器状态_上位机[3].NO[8]', NodeId: ns=4;s=上位机通讯|传感器状态_上位机[3].NO[8] [use_node:345] [unilabos.utils.log.post_process]
26-07-30 [23:13:46,974] [TRACE] [/devices/szlab_mixer_stirrer] 【.get_property】获取同步属性: status [get_property:371] [unilabos.ros.nodes.base_device_node]
26-07-30 [23:13:46,982] [TRACE] [/devices/szlab_mixer_photoshotting] 【.get_property】获取同步属性: last_photo_path [get_property:371] [unilabos.ros.nodes.base_device_node]
26-07-30 [23:13:46,984] [TRACE] [/devices/szlab_mixer_photoshotting] 【.get_property】获取同步属性: last_result [get_property:371] [unilabos.ros.nodes.base_device_node]
26-07-30 [23:13:46,988] [TRACE] [/devices/szlab_mixer_photoshotting] 【.get_property】获取同步属性: status [get_property:371] [unilabos.ros.nodes.base_device_node]
26-07-30 [23:13:46,992] [TRACE] [/devices/szlab_mixer_pump] 【.get_property】获取同步属性: status [get_property:371] [unilabos.ros.nodes.base_device_node]
26-07-30 [23:13:47,012] [TRACE] [/devices/szlab_s08_cap_station] 【.get_property】获取同步属性: last_s08_status [get_property:371] [unilabos.ros.nodes.base_device_node]
26-07-30 [23:13:47,019] [DEBUG] 使用节点: '传感器状态_上位机[3].NO[9]', NodeId: ns=4;s=上位机通讯|传感器状态_上位机[3].NO[9] [use_node:345] [unilabos.utils.log.post_process]
26-07-30 [23:13:47,022] [TRACE] [/devices/szlab_mixer_pipetting_station] 【.get_property】获取同步属性: status [get_property:371] [unilabos.ros.nodes.base_device_node]
26-07-30 [23:13:47,180] [DEBUG] 使用节点: '传感器状态_上位机[3].NO[10]', NodeId: ns=4;s=上位机通讯|传感器状态_上位机[3].NO[10] [use_node:345] [unilabos.utils.log.post_process]
26-07-30 [23:13:47,341] [DEBUG] 使用节点: '传感器状态_上位机[3].NO[11]', NodeId: ns=4;s=上位机通讯|传感器状态_上位机[3].NO[11] [use_node:345] [unilabos.utils.log.post_process]
26-07-30 [23:13:47,877] [DEBUG] 使用节点: '传感器状态_上位机[3].NO[12]', NodeId: ns=4;s=上位机通讯|传感器状态_上位机[3].NO[12] [use_node:345] [unilabos.utils.log.post_process]
26-07-30 [23:13:48,038] [DEBUG] 使用节点: '传感器状态_上位机[3].NO[13]', NodeId: ns=4;s=上位机通讯|传感器状态_上位机[3].NO[13] [use_node:345] [unilabos.utils.log.post_process]
26-07-30 [23:13:48,199] [DEBUG] 使用节点: 'S06加工完成', NodeId: ns=4;s=上位机通讯|S06加工完成 [use_node:345] [unilabos.utils.log.post_process]
26-07-30 [23:13:48,207] [TRACE] [/devices/szlab_poly_plc] 【.get_property】获取同步属性: powder_container_occupied [get_property:371] [unilabos.ros.nodes.base_device_node]
26-07-30 [23:13:48,360] [DEBUG] 使用节点: '传感器状态_上位机[3].NO[8]', NodeId: ns=4;s=上位机通讯|传感器状态_上位机[3].NO[8] [use_node:345] [unilabos.utils.log.post_process]
26-07-30 [23:13:48,522] [DEBUG] 使用节点: '传感器状态_上位机[3].NO[9]', NodeId: ns=4;s=上位机通讯|传感器状态_上位机[3].NO[9] [use_node:345] [unilabos.utils.log.post_process]
26-07-30 [23:13:48,683] [DEBUG] 使用节点: '传感器状态_上位机[3].NO[10]', NodeId: ns=4;s=上位机通讯|传感器状态_上位机[3].NO[10] [use_node:345] [unilabos.utils.log.post_process]
26-07-30 [23:13:48,844] [DEBUG] 使用节点: '传感器状态_上位机[3].NO[11]', NodeId: ns=4;s=上位机通讯|传感器状态_上位机[3].NO[11] [use_node:345] [unilabos.utils.log.post_process]
26-07-30 [23:13:49,005] [DEBUG] 使用节点: '传感器状态_上位机[3].NO[12]', NodeId: ns=4;s=上位机通讯|传感器状态_上位机[3].NO[12] [use_node:345] [unilabos.utils.log.post_process]
26-07-30 [23:13:49,012] [TRACE] [/devices/szlab_s08_cap_station] 【.get_property】获取同步属性: last_s08_status [get_property:371] [unilabos.ros.nodes.base_device_node]
26-07-30 [23:13:49,166] [DEBUG] 使用节点: '传感器状态_上位机[3].NO[13]', NodeId: ns=4;s=上位机通讯|传感器状态_上位机[3].NO[13] [use_node:345] [unilabos.utils.log.post_process]
26-07-30 [23:13:49,328] [DEBUG] 使用节点: 'S06加工完成', NodeId: ns=4;s=上位机通讯|S06加工完成 [use_node:345] [unilabos.utils.log.post_process]
26-07-30 [23:13:49,336] [TRACE] [/devices/szlab_poly_plc] 【.get_property】获取同步属性: powder_container_occupied [get_property:371] [unilabos.ros.nodes.base_device_node]
26-07-30 [23:13:49,489] [DEBUG] 使用节点: '传感器状态_上位机[3].NO[8]', NodeId: ns=4;s=上位机通讯|传感器状态_上位机[3].NO[8] [use_node:345] [unilabos.utils.log.post_process]
26-07-30 [23:13:49,650] [DEBUG] 使用节点: '传感器状态_上位机[3].NO[9]', NodeId: ns=4;s=上位机通讯|传感器状态_上位机[3].NO[9] [use_node:345] [unilabos.utils.log.post_process]
26-07-30 [23:13:49,811] [DEBUG] 使用节点: '传感器状态_上位机[3].NO[10]', NodeId: ns=4;s=上位机通讯|传感器状态_上位机[3].NO[10] [use_node:345] [unilabos.utils.log.post_process]
26-07-30 [23:13:49,972] [DEBUG] 使用节点: '传感器状态_上位机[3].NO[11]', NodeId: ns=4;s=上位机通讯|传感器状态_上位机[3].NO[11] [use_node:345] [unilabos.utils.log.post_process]
26-07-30 [23:13:50,133] [DEBUG] 使用节点: '传感器状态_上位机[3].NO[12]', NodeId: ns=4;s=上位机通讯|传感器状态_上位机[3].NO[12] [use_node:345] [unilabos.utils.log.post_process]
26-07-30 [23:13:50,661] [DEBUG] 使用节点: '传感器状态_上位机[3].NO[13]', NodeId: ns=4;s=上位机通讯|传感器状态_上位机[3].NO[13] [use_node:345] [unilabos.utils.log.post_process]
26-07-30 [23:13:50,822] [DEBUG] 使用节点: 'S06加工完成', NodeId: ns=4;s=上位机通讯|S06加工完成 [use_node:345] [unilabos.utils.log.post_process]
26-07-30 [23:13:50,830] [TRACE] [/devices/szlab_poly_plc] 【.get_property】获取同步属性: powder_container_occupied [get_property:371] [unilabos.ros.nodes.base_device_node]
26-07-30 [23:13:50,984] [DEBUG] 使用节点: '传感器状态_上位机[3].NO[8]', NodeId: ns=4;s=上位机通讯|传感器状态_上位机[3].NO[8] [use_node:345] [unilabos.utils.log.post_process]
26-07-30 [23:13:51,012] [TRACE] [/devices/szlab_s08_cap_station] 【.get_property】获取同步属性: last_s08_status [get_property:371] [unilabos.ros.nodes.base_device_node]
26-07-30 [23:13:51,145] [DEBUG] 使用节点: '传感器状态_上位机[3].NO[9]', NodeId: ns=4;s=上位机通讯|传感器状态_上位机[3].NO[9] [use_node:345] [unilabos.utils.log.post_process]
26-07-30 [23:13:51,306] [DEBUG] 使用节点: '传感器状态_上位机[3].NO[10]', NodeId: ns=4;s=上位机通讯|传感器状态_上位机[3].NO[10] [use_node:345] [unilabos.utils.log.post_process]
26-07-30 [23:13:51,845] [DEBUG] 使用节点: '传感器状态_上位机[3].NO[11]', NodeId: ns=4;s=上位机通讯|传感器状态_上位机[3].NO[11] [use_node:345] [unilabos.utils.log.post_process]
26-07-30 [23:13:51,974] [TRACE] [/devices/szlab_mixer_stirrer] 【.get_property】获取同步属性: status [get_property:371] [unilabos.ros.nodes.base_device_node]
26-07-30 [23:13:51,982] [TRACE] [/devices/szlab_mixer_photoshotting] 【.get_property】获取同步属性: last_photo_path [get_property:371] [unilabos.ros.nodes.base_device_node]
26-07-30 [23:13:51,984] [TRACE] [/devices/szlab_mixer_photoshotting] 【.get_property】获取同步属性: last_result [get_property:371] [unilabos.ros.nodes.base_device_node]
26-07-30 [23:13:51,988] [TRACE] [/devices/szlab_mixer_photoshotting] 【.get_property】获取同步属性: status [get_property:371] [unilabos.ros.nodes.base_device_node]
26-07-30 [23:13:51,992] [TRACE] [/devices/szlab_mixer_pump] 【.get_property】获取同步属性: status [get_property:371] [unilabos.ros.nodes.base_device_node]
26-07-30 [23:13:52,006] [DEBUG] 使用节点: '传感器状态_上位机[3].NO[12]', NodeId: ns=4;s=上位机通讯|传感器状态_上位机[3].NO[12] [use_node:345] [unilabos.utils.log.post_process]
26-07-30 [23:13:52,023] [TRACE] [/devices/szlab_mixer_pipetting_station] 【.get_property】获取同步属性: status [get_property:371] [unilabos.ros.nodes.base_device_node]
26-07-30 [23:13:52,167] [DEBUG] 使用节点: '传感器状态_上位机[3].NO[13]', NodeId: ns=4;s=上位机通讯|传感器状态_上位机[3].NO[13] [use_node:345] [unilabos.utils.log.post_process]
26-07-30 [23:13:52,329] [DEBUG] 使用节点: 'S06加工完成', NodeId: ns=4;s=上位机通讯|S06加工完成 [use_node:345] [unilabos.utils.log.post_process]
26-07-30 [23:13:52,337] [TRACE] [/devices/szlab_poly_plc] 【.get_property】获取同步属性: powder_container_occupied [get_property:371] [unilabos.ros.nodes.base_device_node]
26-07-30 [23:13:52,869] [DEBUG] 使用节点: '传感器状态_上位机[3].NO[8]', NodeId: ns=4;s=上位机通讯|传感器状态_上位机[3].NO[8] [use_node:345] [unilabos.utils.log.post_process]
26-07-30 [23:13:53,012] [TRACE] [/devices/szlab_s08_cap_station] 【.get_property】获取同步属性: last_s08_status [get_property:371] [unilabos.ros.nodes.base_device_node]
26-07-30 [23:13:54,181] [DEBUG] 使用节点: '传感器状态_上位机[3].NO[9]', NodeId: ns=4;s=上位机通讯|传感器状态_上位机[3].NO[9] [use_node:345] [unilabos.utils.log.post_process]
26-07-30 [23:13:54,342] [DEBUG] 使用节点: '传感器状态_上位机[3].NO[10]', NodeId: ns=4;s=上位机通讯|传感器状态_上位机[3].NO[10] [use_node:345] [unilabos.utils.log.post_process]
26-07-30 [23:13:54,503] [DEBUG] 使用节点: '传感器状态_上位机[3].NO[11]', NodeId: ns=4;s=上位机通讯|传感器状态_上位机[3].NO[11] [use_node:345] [unilabos.utils.log.post_process]
26-07-30 [23:13:54,664] [DEBUG] 使用节点: '传感器状态_上位机[3].NO[12]', NodeId: ns=4;s=上位机通讯|传感器状态_上位机[3].NO[12] [use_node:345] [unilabos.utils.log.post_process]
26-07-30 [23:13:54,825] [DEBUG] 使用节点: '传感器状态_上位机[3].NO[13]', NodeId: ns=4;s=上位机通讯|传感器状态_上位机[3].NO[13] [use_node:345] [unilabos.utils.log.post_process]
26-07-30 [23:13:54,986] [DEBUG] 使用节点: 'S06加工完成', NodeId: ns=4;s=上位机通讯|S06加工完成 [use_node:345] [unilabos.utils.log.post_process]
26-07-30 [23:13:54,994] [TRACE] [/devices/szlab_poly_plc] 【.get_property】获取同步属性: powder_container_occupied [get_property:371] [unilabos.ros.nodes.base_device_node]
26-07-30 [23:13:55,012] [TRACE] [/devices/szlab_s08_cap_station] 【.get_property】获取同步属性: last_s08_status [get_property:371] [unilabos.ros.nodes.base_device_node]
26-07-30 [23:13:55,150] [DEBUG] 使用节点: '传感器状态_上位机[3].NO[8]', NodeId: ns=4;s=上位机通讯|传感器状态_上位机[3].NO[8] [use_node:345] [unilabos.utils.log.post_process]
26-07-30 [23:13:55,310] [DEBUG] 使用节点: '传感器状态_上位机[3].NO[9]', NodeId: ns=4;s=上位机通讯|传感器状态_上位机[3].NO[9] [use_node:345] [unilabos.utils.log.post_process]
26-07-30 [23:13:55,471] [DEBUG] 使用节点: '传感器状态_上位机[3].NO[10]', NodeId: ns=4;s=上位机通讯|传感器状态_上位机[3].NO[10] [use_node:345] [unilabos.utils.log.post_process]
26-07-30 [23:13:55,633] [DEBUG] 使用节点: '传感器状态_上位机[3].NO[11]', NodeId: ns=4;s=上位机通讯|传感器状态_上位机[3].NO[11] [use_node:345] [unilabos.utils.log.post_process]
26-07-30 [23:13:55,794] [DEBUG] 使用节点: '传感器状态_上位机[3].NO[12]', NodeId: ns=4;s=上位机通讯|传感器状态_上位机[3].NO[12] [use_node:345] [unilabos.utils.log.post_process]
26-07-30 [23:13:55,955] [DEBUG] 使用节点: '传感器状态_上位机[3].NO[13]', NodeId: ns=4;s=上位机通讯|传感器状态_上位机[3].NO[13] [use_node:345] [unilabos.utils.log.post_process]
26-07-30 [23:13:56,116] [DEBUG] 使用节点: 'S06加工完成', NodeId: ns=4;s=上位机通讯|S06加工完成 [use_node:345] [unilabos.utils.log.post_process]
26-07-30 [23:13:56,124] [TRACE] [/devices/szlab_poly_plc] 【.get_property】获取同步属性: powder_container_occupied [get_property:371] [unilabos.ros.nodes.base_device_node]
26-07-30 [23:13:56,277] [DEBUG] 使用节点: '传感器状态_上位机[3].NO[8]', NodeId: ns=4;s=上位机通讯|传感器状态_上位机[3].NO[8] [use_node:345] [unilabos.utils.log.post_process]
26-07-30 [23:13:56,438] [DEBUG] 使用节点: '传感器状态_上位机[3].NO[9]', NodeId: ns=4;s=上位机通讯|传感器状态_上位机[3].NO[9] [use_node:345] [unilabos.utils.log.post_process]
26-07-30 [23:13:56,599] [DEBUG] 使用节点: '传感器状态_上位机[3].NO[10]', NodeId: ns=4;s=上位机通讯|传感器状态_上位机[3].NO[10] [use_node:345] [unilabos.utils.log.post_process]
26-07-30 [23:13:56,760] [DEBUG] 使用节点: '传感器状态_上位机[3].NO[11]', NodeId: ns=4;s=上位机通讯|传感器状态_上位机[3].NO[11] [use_node:345] [unilabos.utils.log.post_process]
26-07-30 [23:13:56,921] [DEBUG] 使用节点: '传感器状态_上位机[3].NO[12]', NodeId: ns=4;s=上位机通讯|传感器状态_上位机[3].NO[12] [use_node:345] [unilabos.utils.log.post_process]
26-07-30 [23:13:56,974] [TRACE] [/devices/szlab_mixer_stirrer] 【.get_property】获取同步属性: status [get_property:371] [unilabos.ros.nodes.base_device_node]
26-07-30 [23:13:56,982] [TRACE] [/devices/szlab_mixer_photoshotting] 【.get_property】获取同步属性: last_photo_path [get_property:371] [unilabos.ros.nodes.base_device_node]
26-07-30 [23:13:56,984] [TRACE] [/devices/szlab_mixer_photoshotting] 【.get_property】获取同步属性: last_result [get_property:371] [unilabos.ros.nodes.base_device_node]
26-07-30 [23:13:56,988] [TRACE] [/devices/szlab_mixer_photoshotting] 【.get_property】获取同步属性: status [get_property:371] [unilabos.ros.nodes.base_device_node]
26-07-30 [23:13:56,992] [TRACE] [/devices/szlab_mixer_pump] 【.get_property】获取同步属性: status [get_property:371] [unilabos.ros.nodes.base_device_node]
26-07-30 [23:13:57,012] [TRACE] [/devices/szlab_s08_cap_station] 【.get_property】获取同步属性: last_s08_status [get_property:371] [unilabos.ros.nodes.base_device_node]
26-07-30 [23:13:57,023] [TRACE] [/devices/szlab_mixer_pipetting_station] 【.get_property】获取同步属性: status [get_property:371] [unilabos.ros.nodes.base_device_node]
26-07-30 [23:13:57,036] [TRACE] [/devices/host_node] [Host Node] Discovering devices in the network... [_discover_devices:472] [unilabos.ros.nodes.presets.host_node]
26-07-30 [23:13:57,036] [TRACE] [/devices/host_node] [Host Node] Total online devices: 9 [_discover_devices:525] [unilabos.ros.nodes.presets.host_node]
26-07-30 [23:13:57,082] [DEBUG] 使用节点: '传感器状态_上位机[3].NO[13]', NodeId: ns=4;s=上位机通讯|传感器状态_上位机[3].NO[13] [use_node:345] [unilabos.utils.log.post_process]
26-07-30 [23:13:57,244] [DEBUG] 使用节点: 'S06加工完成', NodeId: ns=4;s=上位机通讯|S06加工完成 [use_node:345] [unilabos.utils.log.post_process]
26-07-30 [23:13:57,252] [TRACE] [/devices/szlab_poly_plc] 【.get_property】获取同步属性: powder_container_occupied [get_property:371] [unilabos.ros.nodes.base_device_node]
26-07-30 [23:13:57,411] [DEBUG] 使用节点: '传感器状态_上位机[3].NO[8]', NodeId: ns=4;s=上位机通讯|传感器状态_上位机[3].NO[8] [use_node:345] [unilabos.utils.log.post_process]
26-07-30 [23:13:57,573] [DEBUG] 使用节点: '传感器状态_上位机[3].NO[9]', NodeId: ns=4;s=上位机通讯|传感器状态_上位机[3].NO[9] [use_node:345] [unilabos.utils.log.post_process]
26-07-30 [23:13:57,734] [DEBUG] 使用节点: '传感器状态_上位机[3].NO[10]', NodeId: ns=4;s=上位机通讯|传感器状态_上位机[3].NO[10] [use_node:345] [unilabos.utils.log.post_process]
26-07-30 [23:13:57,895] [DEBUG] 使用节点: '传感器状态_上位机[3].NO[11]', NodeId: ns=4;s=上位机通讯|传感器状态_上位机[3].NO[11] [use_node:345] [unilabos.utils.log.post_process]
26-07-30 [23:13:58,056] [DEBUG] 使用节点: '传感器状态_上位机[3].NO[12]', NodeId: ns=4;s=上位机通讯|传感器状态_上位机[3].NO[12] [use_node:345] [unilabos.utils.log.post_process]
26-07-30 [23:13:58,217] [DEBUG] 使用节点: '传感器状态_上位机[3].NO[13]', NodeId: ns=4;s=上位机通讯|传感器状态_上位机[3].NO[13] [use_node:345] [unilabos.utils.log.post_process]
26-07-30 [23:13:58,379] [DEBUG] 使用节点: 'S06加工完成', NodeId: ns=4;s=上位机通讯|S06加工完成 [use_node:345] [unilabos.utils.log.post_process]
26-07-30 [23:13:58,387] [TRACE] [/devices/szlab_poly_plc] 【.get_property】获取同步属性: powder_container_occupied [get_property:371] [unilabos.ros.nodes.base_device_node]
26-07-30 [23:13:58,921] [DEBUG] 使用节点: '传感器状态_上位机[3].NO[8]', NodeId: ns=4;s=上位机通讯|传感器状态_上位机[3].NO[8] [use_node:345] [unilabos.utils.log.post_process]
26-07-30 [23:13:59,012] [TRACE] [/devices/szlab_s08_cap_station] 【.get_property】获取同步属性: last_s08_status [get_property:371] [unilabos.ros.nodes.base_device_node]
26-07-30 [23:13:59,082] [DEBUG] 使用节点: '传感器状态_上位机[3].NO[9]', NodeId: ns=4;s=上位机通讯|传感器状态_上位机[3].NO[9] [use_node:345] [unilabos.utils.log.post_process]
26-07-30 [23:13:59,243] [DEBUG] 使用节点: '传感器状态_上位机[3].NO[10]', NodeId: ns=4;s=上位机通讯|传感器状态_上位机[3].NO[10] [use_node:345] [unilabos.utils.log.post_process]
26-07-30 [23:13:59,404] [DEBUG] 使用节点: '传感器状态_上位机[3].NO[11]', NodeId: ns=4;s=上位机通讯|传感器状态_上位机[3].NO[11] [use_node:345] [unilabos.utils.log.post_process]
26-07-30 [23:13:59,566] [DEBUG] 使用节点: '传感器状态_上位机[3].NO[12]', NodeId: ns=4;s=上位机通讯|传感器状态_上位机[3].NO[12] [use_node:345] [unilabos.utils.log.post_process]
26-07-30 [23:13:59,727] [DEBUG] 使用节点: '传感器状态_上位机[3].NO[13]', NodeId: ns=4;s=上位机通讯|传感器状态_上位机[3].NO[13] [use_node:345] [unilabos.utils.log.post_process]
26-07-30 [23:13:59,888] [DEBUG] 使用节点: 'S06加工完成', NodeId: ns=4;s=上位机通讯|S06加工完成 [use_node:345] [unilabos.utils.log.post_process]
26-07-30 [23:13:59,896] [TRACE] [/devices/szlab_poly_plc] 【.get_property】获取同步属性: powder_container_occupied [get_property:371] [unilabos.ros.nodes.base_device_node]
26-07-30 [23:14:00,421] [DEBUG] 使用节点: '传感器状态_上位机[3].NO[8]', NodeId: ns=4;s=上位机通讯|传感器状态_上位机[3].NO[8] [use_node:345] [unilabos.utils.log.post_process]
26-07-30 [23:14:00,582] [DEBUG] 使用节点: '传感器状态_上位机[3].NO[9]', NodeId: ns=4;s=上位机通讯|传感器状态_上位机[3].NO[9] [use_node:345] [unilabos.utils.log.post_process]
26-07-30 [23:14:00,743] [DEBUG] 使用节点: '传感器状态_上位机[3].NO[10]', NodeId: ns=4;s=上位机通讯|传感器状态_上位机[3].NO[10] [use_node:345] [unilabos.utils.log.post_process]
26-07-30 [23:14:00,904] [DEBUG] 使用节点: '传感器状态_上位机[3].NO[11]', NodeId: ns=4;s=上位机通讯|传感器状态_上位机[3].NO[11] [use_node:345] [unilabos.utils.log.post_process]
26-07-30 [23:14:01,012] [TRACE] [/devices/szlab_s08_cap_station] 【.get_property】获取同步属性: last_s08_status [get_property:371] [unilabos.ros.nodes.base_device_node]
26-07-30 [23:14:01,065] [DEBUG] 使用节点: '传感器状态_上位机[3].NO[12]', NodeId: ns=4;s=上位机通讯|传感器状态_上位机[3].NO[12] [use_node:345] [unilabos.utils.log.post_process]
26-07-30 [23:14:01,226] [DEBUG] 使用节点: '传感器状态_上位机[3].NO[13]', NodeId: ns=4;s=上位机通讯|传感器状态_上位机[3].NO[13] [use_node:345] [unilabos.utils.log.post_process]
26-07-30 [23:14:01,388] [DEBUG] 使用节点: 'S06加工完成', NodeId: ns=4;s=上位机通讯|S06加工完成 [use_node:345] [unilabos.utils.log.post_process]
26-07-30 [23:14:01,395] [TRACE] [/devices/szlab_poly_plc] 【.get_property】获取同步属性: powder_container_occupied [get_property:371] [unilabos.ros.nodes.base_device_node]
26-07-30 [23:14:01,549] [DEBUG] 使用节点: '传感器状态_上位机[3].NO[8]', NodeId: ns=4;s=上位机通讯|传感器状态_上位机[3].NO[8] [use_node:345] [unilabos.utils.log.post_process]
26-07-30 [23:14:01,710] [DEBUG] 使用节点: '传感器状态_上位机[3].NO[9]', NodeId: ns=4;s=上位机通讯|传感器状态_上位机[3].NO[9] [use_node:345] [unilabos.utils.log.post_process]
26-07-30 [23:14:01,871] [DEBUG] 使用节点: '传感器状态_上位机[3].NO[10]', NodeId: ns=4;s=上位机通讯|传感器状态_上位机[3].NO[10] [use_node:345] [unilabos.utils.log.post_process]
26-07-30 [23:14:01,974] [TRACE] [/devices/szlab_mixer_stirrer] 【.get_property】获取同步属性: status [get_property:371] [unilabos.ros.nodes.base_device_node]
26-07-30 [23:14:01,982] [TRACE] [/devices/szlab_mixer_photoshotting] 【.get_property】获取同步属性: last_photo_path [get_property:371] [unilabos.ros.nodes.base_device_node]
26-07-30 [23:14:01,984] [TRACE] [/devices/szlab_mixer_photoshotting] 【.get_property】获取同步属性: last_result [get_property:371] [unilabos.ros.nodes.base_device_node]
26-07-30 [23:14:01,989] [TRACE] [/devices/szlab_mixer_photoshotting] 【.get_property】获取同步属性: status [get_property:371] [unilabos.ros.nodes.base_device_node]
26-07-30 [23:14:01,992] [TRACE] [/devices/szlab_mixer_pump] 【.get_property】获取同步属性: status [get_property:371] [unilabos.ros.nodes.base_device_node]
26-07-30 [23:14:02,023] [TRACE] [/devices/szlab_mixer_pipetting_station] 【.get_property】获取同步属性: status [get_property:371] [unilabos.ros.nodes.base_device_node]
26-07-30 [23:14:02,032] [DEBUG] 使用节点: '传感器状态_上位机[3].NO[11]', NodeId: ns=4;s=上位机通讯|传感器状态_上位机[3].NO[11] [use_node:345] [unilabos.utils.log.post_process]
26-07-30 [23:14:02,193] [DEBUG] 使用节点: '传感器状态_上位机[3].NO[12]', NodeId: ns=4;s=上位机通讯|传感器状态_上位机[3].NO[12] [use_node:345] [unilabos.utils.log.post_process]
26-07-30 [23:14:02,354] [DEBUG] 使用节点: '传感器状态_上位机[3].NO[13]', NodeId: ns=4;s=上位机通讯|传感器状态_上位机[3].NO[13] [use_node:345] [unilabos.utils.log.post_process]
26-07-30 [23:14:02,885] [DEBUG] 使用节点: 'S06加工完成', NodeId: ns=4;s=上位机通讯|S06加工完成 [use_node:345] [unilabos.utils.log.post_process]
26-07-30 [23:14:02,893] [TRACE] [/devices/szlab_poly_plc] 【.get_property】获取同步属性: powder_container_occupied [get_property:371] [unilabos.ros.nodes.base_device_node]
26-07-30 [23:14:03,012] [TRACE] [/devices/szlab_s08_cap_station] 【.get_property】获取同步属性: last_s08_status [get_property:371] [unilabos.ros.nodes.base_device_node]
26-07-30 [23:14:03,046] [DEBUG] 使用节点: '传感器状态_上位机[3].NO[8]', NodeId: ns=4;s=上位机通讯|传感器状态_上位机[3].NO[8] [use_node:345] [unilabos.utils.log.post_process]
26-07-30 [23:14:03,207] [DEBUG] 使用节点: '传感器状态_上位机[3].NO[9]', NodeId: ns=4;s=上位机通讯|传感器状态_上位机[3].NO[9] [use_node:345] [unilabos.utils.log.post_process]
26-07-30 [23:14:03,367] [DEBUG] 使用节点: '传感器状态_上位机[3].NO[10]', NodeId: ns=4;s=上位机通讯|传感器状态_上位机[3].NO[10] [use_node:345] [unilabos.utils.log.post_process]
26-07-30 [23:14:03,529] [DEBUG] 使用节点: '传感器状态_上位机[3].NO[11]', NodeId: ns=4;s=上位机通讯|传感器状态_上位机[3].NO[11] [use_node:345] [unilabos.utils.log.post_process]
26-07-30 [23:14:03,690] [DEBUG] 使用节点: '传感器状态_上位机[3].NO[12]', NodeId: ns=4;s=上位机通讯|传感器状态_上位机[3].NO[12] [use_node:345] [unilabos.utils.log.post_process]
26-07-30 [23:14:04,229] [DEBUG] 使用节点: '传感器状态_上位机[3].NO[13]', NodeId: ns=4;s=上位机通讯|传感器状态_上位机[3].NO[13] [use_node:345] [unilabos.utils.log.post_process]
26-07-30 [23:14:04,390] [DEBUG] 使用节点: 'S06加工完成', NodeId: ns=4;s=上位机通讯|S06加工完成 [use_node:345] [unilabos.utils.log.post_process]
26-07-30 [23:14:04,398] [TRACE] [/devices/szlab_poly_plc] 【.get_property】获取同步属性: powder_container_occupied [get_property:371] [unilabos.ros.nodes.base_device_node]
26-07-30 [23:14:04,551] [DEBUG] 使用节点: '传感器状态_上位机[3].NO[8]', NodeId: ns=4;s=上位机通讯|传感器状态_上位机[3].NO[8] [use_node:345] [unilabos.utils.log.post_process]
26-07-30 [23:14:04,712] [DEBUG] 使用节点: '传感器状态_上位机[3].NO[9]', NodeId: ns=4;s=上位机通讯|传感器状态_上位机[3].NO[9] [use_node:345] [unilabos.utils.log.post_process]
26-07-30 [23:14:05,012] [TRACE] [/devices/szlab_s08_cap_station] 【.get_property】获取同步属性: last_s08_status [get_property:371] [unilabos.ros.nodes.base_device_node]
26-07-30 [23:14:05,637] [DEBUG] 使用节点: '传感器状态_上位机[3].NO[10]', NodeId: ns=4;s=上位机通讯|传感器状态_上位机[3].NO[10] [use_node:345] [unilabos.utils.log.post_process]
26-07-30 [23:14:05,799] [DEBUG] 使用节点: '传感器状态_上位机[3].NO[11]', NodeId: ns=4;s=上位机通讯|传感器状态_上位机[3].NO[11] [use_node:345] [unilabos.utils.log.post_process]
26-07-30 [23:14:05,960] [DEBUG] 使用节点: '传感器状态_上位机[3].NO[12]', NodeId: ns=4;s=上位机通讯|传感器状态_上位机[3].NO[12] [use_node:345] [unilabos.utils.log.post_process]
26-07-30 [23:14:06,122] [DEBUG] 使用节点: '传感器状态_上位机[3].NO[13]', NodeId: ns=4;s=上位机通讯|传感器状态_上位机[3].NO[13] [use_node:345] [unilabos.utils.log.post_process]
26-07-30 [23:14:06,283] [DEBUG] 使用节点: 'S06加工完成', NodeId: ns=4;s=上位机通讯|S06加工完成 [use_node:345] [unilabos.utils.log.post_process]
26-07-30 [23:14:06,291] [TRACE] [/devices/szlab_poly_plc] 【.get_property】获取同步属性: powder_container_occupied [get_property:371] [unilabos.ros.nodes.base_device_node]
26-07-30 [23:14:06,821] [DEBUG] 使用节点: '传感器状态_上位机[3].NO[8]', NodeId: ns=4;s=上位机通讯|传感器状态_上位机[3].NO[8] [use_node:345] [unilabos.utils.log.post_process]
26-07-30 [23:14:06,974] [TRACE] [/devices/szlab_mixer_stirrer] 【.get_property】获取同步属性: status [get_property:371] [unilabos.ros.nodes.base_device_node]
26-07-30 [23:14:06,982] [TRACE] [/devices/szlab_mixer_photoshotting] 【.get_property】获取同步属性: last_photo_path [get_property:371] [unilabos.ros.nodes.base_device_node]
26-07-30 [23:14:06,984] [TRACE] [/devices/szlab_mixer_photoshotting] 【.get_property】获取同步属性: last_result [get_property:371] [unilabos.ros.nodes.base_device_node]
26-07-30 [23:14:06,986] [DEBUG] 使用节点: '传感器状态_上位机[3].NO[9]', NodeId: ns=4;s=上位机通讯|传感器状态_上位机[3].NO[9] [use_node:345] [unilabos.utils.log.post_process]
26-07-30 [23:14:06,989] [TRACE] [/devices/szlab_mixer_photoshotting] 【.get_property】获取同步属性: status [get_property:371] [unilabos.ros.nodes.base_device_node]
26-07-30 [23:14:06,993] [TRACE] [/devices/szlab_mixer_pump] 【.get_property】获取同步属性: status [get_property:371] [unilabos.ros.nodes.base_device_node]
26-07-30 [23:14:07,012] [TRACE] [/devices/szlab_s08_cap_station] 【.get_property】获取同步属性: last_s08_status [get_property:371] [unilabos.ros.nodes.base_device_node]
26-07-30 [23:14:07,023] [TRACE] [/devices/szlab_mixer_pipetting_station] 【.get_property】获取同步属性: status [get_property:371] [unilabos.ros.nodes.base_device_node]
26-07-30 [23:14:07,148] [DEBUG] 使用节点: '传感器状态_上位机[3].NO[10]', NodeId: ns=4;s=上位机通讯|传感器状态_上位机[3].NO[10] [use_node:345] [unilabos.utils.log.post_process]
26-07-30 [23:14:07,310] [DEBUG] 使用节点: '传感器状态_上位机[3].NO[11]', NodeId: ns=4;s=上位机通讯|传感器状态_上位机[3].NO[11] [use_node:345] [unilabos.utils.log.post_process]
26-07-30 [23:14:07,471] [DEBUG] 使用节点: '传感器状态_上位机[3].NO[12]', NodeId: ns=4;s=上位机通讯|传感器状态_上位机[3].NO[12] [use_node:345] [unilabos.utils.log.post_process]
26-07-30 [23:14:07,633] [DEBUG] 使用节点: '传感器状态_上位机[3].NO[13]', NodeId: ns=4;s=上位机通讯|传感器状态_上位机[3].NO[13] [use_node:345] [unilabos.utils.log.post_process]
26-07-30 [23:14:07,795] [DEBUG] 使用节点: 'S06加工完成', NodeId: ns=4;s=上位机通讯|S06加工完成 [use_node:345] [unilabos.utils.log.post_process]
26-07-30 [23:14:07,803] [TRACE] [/devices/szlab_poly_plc] 【.get_property】获取同步属性: powder_container_occupied [get_property:371] [unilabos.ros.nodes.base_device_node]
26-07-30 [23:14:07,956] [DEBUG] 使用节点: '传感器状态_上位机[3].NO[8]', NodeId: ns=4;s=上位机通讯|传感器状态_上位机[3].NO[8] [use_node:345] [unilabos.utils.log.post_process]
26-07-30 [23:14:08,485] [DEBUG] 使用节点: '传感器状态_上位机[3].NO[9]', NodeId: ns=4;s=上位机通讯|传感器状态_上位机[3].NO[9] [use_node:345] [unilabos.utils.log.post_process]
26-07-30 [23:14:08,646] [DEBUG] 使用节点: '传感器状态_上位机[3].NO[10]', NodeId: ns=4;s=上位机通讯|传感器状态_上位机[3].NO[10] [use_node:345] [unilabos.utils.log.post_process]
26-07-30 [23:14:08,808] [DEBUG] 使用节点: '传感器状态_上位机[3].NO[11]', NodeId: ns=4;s=上位机通讯|传感器状态_上位机[3].NO[11] [use_node:345] [unilabos.utils.log.post_process]
26-07-30 [23:14:08,969] [DEBUG] 使用节点: '传感器状态_上位机[3].NO[12]', NodeId: ns=4;s=上位机通讯|传感器状态_上位机[3].NO[12] [use_node:345] [unilabos.utils.log.post_process]
26-07-30 [23:14:09,012] [TRACE] [/devices/szlab_s08_cap_station] 【.get_property】获取同步属性: last_s08_status [get_property:371] [unilabos.ros.nodes.base_device_node]
26-07-30 [23:14:09,130] [DEBUG] 使用节点: '传感器状态_上位机[3].NO[13]', NodeId: ns=4;s=上位机通讯|传感器状态_上位机[3].NO[13] [use_node:345] [unilabos.utils.log.post_process]
26-07-30 [23:14:09,669] [DEBUG] 使用节点: 'S06加工完成', NodeId: ns=4;s=上位机通讯|S06加工完成 [use_node:345] [unilabos.utils.log.post_process]
26-07-30 [23:14:09,677] [TRACE] [/devices/szlab_poly_plc] 【.get_property】获取同步属性: powder_container_occupied [get_property:371] [unilabos.ros.nodes.base_device_node]
26-07-30 [23:14:09,830] [DEBUG] 使用节点: '传感器状态_上位机[3].NO[8]', NodeId: ns=4;s=上位机通讯|传感器状态_上位机[3].NO[8] [use_node:345] [unilabos.utils.log.post_process]
26-07-30 [23:14:09,991] [DEBUG] 使用节点: '传感器状态_上位机[3].NO[9]', NodeId: ns=4;s=上位机通讯|传感器状态_上位机[3].NO[9] [use_node:345] [unilabos.utils.log.post_process]
26-07-30 [23:14:10,152] [DEBUG] 使用节点: '传感器状态_上位机[3].NO[10]', NodeId: ns=4;s=上位机通讯|传感器状态_上位机[3].NO[10] [use_node:345] [unilabos.utils.log.post_process]
26-07-30 [23:14:10,314] [DEBUG] 使用节点: '传感器状态_上位机[3].NO[11]', NodeId: ns=4;s=上位机通讯|传感器状态_上位机[3].NO[11] [use_node:345] [unilabos.utils.log.post_process]
26-07-30 [23:14:10,475] [DEBUG] 使用节点: '传感器状态_上位机[3].NO[12]', NodeId: ns=4;s=上位机通讯|传感器状态_上位机[3].NO[12] [use_node:345] [unilabos.utils.log.post_process]
26-07-30 [23:14:10,636] [DEBUG] 使用节点: '传感器状态_上位机[3].NO[13]', NodeId: ns=4;s=上位机通讯|传感器状态_上位机[3].NO[13] [use_node:345] [unilabos.utils.log.post_process]
26-07-30 [23:14:10,798] [DEBUG] 使用节点: 'S06加工完成', NodeId: ns=4;s=上位机通讯|S06加工完成 [use_node:345] [unilabos.utils.log.post_process]
26-07-30 [23:14:10,806] [TRACE] [/devices/szlab_poly_plc] 【.get_property】获取同步属性: powder_container_occupied [get_property:371] [unilabos.ros.nodes.base_device_node]
26-07-30 [23:14:10,959] [DEBUG] 使用节点: '传感器状态_上位机[3].NO[8]', NodeId: ns=4;s=上位机通讯|传感器状态_上位机[3].NO[8] [use_node:345] [unilabos.utils.log.post_process]
26-07-30 [23:14:11,012] [TRACE] [/devices/szlab_s08_cap_station] 【.get_property】获取同步属性: last_s08_status [get_property:371] [unilabos.ros.nodes.base_device_node]
26-07-30 [23:14:11,120] [DEBUG] 使用节点: '传感器状态_上位机[3].NO[9]', NodeId: ns=4;s=上位机通讯|传感器状态_上位机[3].NO[9] [use_node:345] [unilabos.utils.log.post_process]
26-07-30 [23:14:11,974] [TRACE] [/devices/szlab_mixer_stirrer] 【.get_property】获取同步属性: status [get_property:371] [unilabos.ros.nodes.base_device_node]
26-07-30 [23:14:11,982] [TRACE] [/devices/szlab_mixer_photoshotting] 【.get_property】获取同步属性: last_photo_path [get_property:371] [unilabos.ros.nodes.base_device_node]
26-07-30 [23:14:11,984] [TRACE] [/devices/szlab_mixer_photoshotting] 【.get_property】获取同步属性: last_result [get_property:371] [unilabos.ros.nodes.base_device_node]
26-07-30 [23:14:11,990] [TRACE] [/devices/szlab_mixer_photoshotting] 【.get_property】获取同步属性: status [get_property:371] [unilabos.ros.nodes.base_device_node]
26-07-30 [23:14:11,992] [TRACE] [/devices/szlab_mixer_pump] 【.get_property】获取同步属性: status [get_property:371] [unilabos.ros.nodes.base_device_node]
26-07-30 [23:14:12,023] [TRACE] [/devices/szlab_mixer_pipetting_station] 【.get_property】获取同步属性: status [get_property:371] [unilabos.ros.nodes.base_device_node]
26-07-30 [23:14:12,036] [TRACE] [/devices/host_node] [Host Node] Discovering devices in the network... [_discover_devices:472] [unilabos.ros.nodes.presets.host_node]
26-07-30 [23:14:12,036] [TRACE] [/devices/host_node] [Host Node] Total online devices: 9 [_discover_devices:525] [unilabos.ros.nodes.presets.host_node]
26-07-30 [23:14:12,038] [DEBUG] 使用节点: '传感器状态_上位机[3].NO[10]', NodeId: ns=4;s=上位机通讯|传感器状态_上位机[3].NO[10] [use_node:345] [unilabos.utils.log.post_process]
26-07-30 [23:14:12,201] [DEBUG] 使用节点: '传感器状态_上位机[3].NO[11]', NodeId: ns=4;s=上位机通讯|传感器状态_上位机[3].NO[11] [use_node:345] [unilabos.utils.log.post_process]
26-07-30 [23:14:12,362] [DEBUG] 使用节点: '传感器状态_上位机[3].NO[12]', NodeId: ns=4;s=上位机通讯|传感器状态_上位机[3].NO[12] [use_node:345] [unilabos.utils.log.post_process]
26-07-30 [23:14:12,523] [DEBUG] 使用节点: '传感器状态_上位机[3].NO[13]', NodeId: ns=4;s=上位机通讯|传感器状态_上位机[3].NO[13] [use_node:345] [unilabos.utils.log.post_process]
26-07-30 [23:14:12,685] [DEBUG] 使用节点: 'S06加工完成', NodeId: ns=4;s=上位机通讯|S06加工完成 [use_node:345] [unilabos.utils.log.post_process]
26-07-30 [23:14:12,693] [TRACE] [/devices/szlab_poly_plc] 【.get_property】获取同步属性: powder_container_occupied [get_property:371] [unilabos.ros.nodes.base_device_node]
26-07-30 [23:14:12,847] [DEBUG] 使用节点: '传感器状态_上位机[3].NO[8]', NodeId: ns=4;s=上位机通讯|传感器状态_上位机[3].NO[8] [use_node:345] [unilabos.utils.log.post_process]
26-07-30 [23:14:13,008] [DEBUG] 使用节点: '传感器状态_上位机[3].NO[9]', NodeId: ns=4;s=上位机通讯|传感器状态_上位机[3].NO[9] [use_node:345] [unilabos.utils.log.post_process]
26-07-30 [23:14:13,012] [TRACE] [/devices/szlab_s08_cap_station] 【.get_property】获取同步属性: last_s08_status [get_property:371] [unilabos.ros.nodes.base_device_node]
26-07-30 [23:14:13,169] [DEBUG] 使用节点: '传感器状态_上位机[3].NO[10]', NodeId: ns=4;s=上位机通讯|传感器状态_上位机[3].NO[10] [use_node:345] [unilabos.utils.log.post_process]
26-07-30 [23:14:13,330] [DEBUG] 使用节点: '传感器状态_上位机[3].NO[11]', NodeId: ns=4;s=上位机通讯|传感器状态_上位机[3].NO[11] [use_node:345] [unilabos.utils.log.post_process]
26-07-30 [23:14:13,491] [DEBUG] 使用节点: '传感器状态_上位机[3].NO[12]', NodeId: ns=4;s=上位机通讯|传感器状态_上位机[3].NO[12] [use_node:345] [unilabos.utils.log.post_process]
26-07-30 [23:14:14,021] [DEBUG] 使用节点: '传感器状态_上位机[3].NO[13]', NodeId: ns=4;s=上位机通讯|传感器状态_上位机[3].NO[13] [use_node:345] [unilabos.utils.log.post_process]
26-07-30 [23:14:14,182] [DEBUG] 使用节点: 'S06加工完成', NodeId: ns=4;s=上位机通讯|S06加工完成 [use_node:345] [unilabos.utils.log.post_process]
26-07-30 [23:14:14,190] [TRACE] [/devices/szlab_poly_plc] 【.get_property】获取同步属性: powder_container_occupied [get_property:371] [unilabos.ros.nodes.base_device_node]
26-07-30 [23:14:14,343] [DEBUG] 使用节点: '传感器状态_上位机[3].NO[8]', NodeId: ns=4;s=上位机通讯|传感器状态_上位机[3].NO[8] [use_node:345] [unilabos.utils.log.post_process]
26-07-30 [23:14:14,504] [DEBUG] 使用节点: '传感器状态_上位机[3].NO[9]', NodeId: ns=4;s=上位机通讯|传感器状态_上位机[3].NO[9] [use_node:345] [unilabos.utils.log.post_process]
26-07-30 [23:14:15,014] [TRACE] [/devices/szlab_s08_cap_station] 【.get_property】获取同步属性: last_s08_status [get_property:371] [unilabos.ros.nodes.base_device_node]
26-07-30 [23:14:15,045] [DEBUG] 使用节点: '传感器状态_上位机[3].NO[10]', NodeId: ns=4;s=上位机通讯|传感器状态_上位机[3].NO[10] [use_node:345] [unilabos.utils.log.post_process]
26-07-30 [23:14:15,597] [DEBUG] 使用节点: '传感器状态_上位机[3].NO[11]', NodeId: ns=4;s=上位机通讯|传感器状态_上位机[3].NO[11] [use_node:345] [unilabos.utils.log.post_process]
26-07-30 [23:14:15,758] [DEBUG] 使用节点: '传感器状态_上位机[3].NO[12]', NodeId: ns=4;s=上位机通讯|传感器状态_上位机[3].NO[12] [use_node:345] [unilabos.utils.log.post_process]
26-07-30 [23:14:16,293] [DEBUG] 使用节点: '传感器状态_上位机[3].NO[13]', NodeId: ns=4;s=上位机通讯|传感器状态_上位机[3].NO[13] [use_node:345] [unilabos.utils.log.post_process]
26-07-30 [23:14:16,454] [DEBUG] 使用节点: 'S06加工完成', NodeId: ns=4;s=上位机通讯|S06加工完成 [use_node:345] [unilabos.utils.log.post_process]
26-07-30 [23:14:16,462] [TRACE] [/devices/szlab_poly_plc] 【.get_property】获取同步属性: powder_container_occupied [get_property:371] [unilabos.ros.nodes.base_device_node]
26-07-30 [23:14:16,615] [DEBUG] 使用节点: '传感器状态_上位机[3].NO[8]', NodeId: ns=4;s=上位机通讯|传感器状态_上位机[3].NO[8] [use_node:345] [unilabos.utils.log.post_process]
26-07-30 [23:14:16,777] [DEBUG] 使用节点: '传感器状态_上位机[3].NO[9]', NodeId: ns=4;s=上位机通讯|传感器状态_上位机[3].NO[9] [use_node:345] [unilabos.utils.log.post_process]
26-07-30 [23:14:16,938] [DEBUG] 使用节点: '传感器状态_上位机[3].NO[10]', NodeId: ns=4;s=上位机通讯|传感器状态_上位机[3].NO[10] [use_node:345] [unilabos.utils.log.post_process]
26-07-30 [23:14:16,974] [TRACE] [/devices/szlab_mixer_stirrer] 【.get_property】获取同步属性: status [get_property:371] [unilabos.ros.nodes.base_device_node]
26-07-30 [23:14:16,982] [TRACE] [/devices/szlab_mixer_photoshotting] 【.get_property】获取同步属性: last_photo_path [get_property:371] [unilabos.ros.nodes.base_device_node]
26-07-30 [23:14:16,984] [TRACE] [/devices/szlab_mixer_photoshotting] 【.get_property】获取同步属性: last_result [get_property:371] [unilabos.ros.nodes.base_device_node]
26-07-30 [23:14:16,989] [TRACE] [/devices/szlab_mixer_photoshotting] 【.get_property】获取同步属性: status [get_property:371] [unilabos.ros.nodes.base_device_node]
26-07-30 [23:14:16,993] [TRACE] [/devices/szlab_mixer_pump] 【.get_property】获取同步属性: status [get_property:371] [unilabos.ros.nodes.base_device_node]
26-07-30 [23:14:17,012] [TRACE] [/devices/szlab_s08_cap_station] 【.get_property】获取同步属性: last_s08_status [get_property:371] [unilabos.ros.nodes.base_device_node]
26-07-30 [23:14:17,023] [TRACE] [/devices/szlab_mixer_pipetting_station] 【.get_property】获取同步属性: status [get_property:371] [unilabos.ros.nodes.base_device_node]
26-07-30 [23:14:17,477] [DEBUG] 使用节点: '传感器状态_上位机[3].NO[11]', NodeId: ns=4;s=上位机通讯|传感器状态_上位机[3].NO[11] [use_node:345] [unilabos.utils.log.post_process]
26-07-30 [23:14:17,639] [DEBUG] 使用节点: '传感器状态_上位机[3].NO[12]', NodeId: ns=4;s=上位机通讯|传感器状态_上位机[3].NO[12] [use_node:345] [unilabos.utils.log.post_process]
26-07-30 [23:14:17,800] [DEBUG] 使用节点: '传感器状态_上位机[3].NO[13]', NodeId: ns=4;s=上位机通讯|传感器状态_上位机[3].NO[13] [use_node:345] [unilabos.utils.log.post_process]
26-07-30 [23:14:17,961] [DEBUG] 使用节点: 'S06加工完成', NodeId: ns=4;s=上位机通讯|S06加工完成 [use_node:345] [unilabos.utils.log.post_process]
26-07-30 [23:14:17,969] [TRACE] [/devices/szlab_poly_plc] 【.get_property】获取同步属性: powder_container_occupied [get_property:371] [unilabos.ros.nodes.base_device_node]
26-07-30 [23:14:18,122] [DEBUG] 使用节点: '传感器状态_上位机[3].NO[8]', NodeId: ns=4;s=上位机通讯|传感器状态_上位机[3].NO[8] [use_node:345] [unilabos.utils.log.post_process]
26-07-30 [23:14:18,283] [DEBUG] 使用节点: '传感器状态_上位机[3].NO[9]', NodeId: ns=4;s=上位机通讯|传感器状态_上位机[3].NO[9] [use_node:345] [unilabos.utils.log.post_process]
26-07-30 [23:14:18,444] [DEBUG] 使用节点: '传感器状态_上位机[3].NO[10]', NodeId: ns=4;s=上位机通讯|传感器状态_上位机[3].NO[10] [use_node:345] [unilabos.utils.log.post_process]
26-07-30 [23:14:18,981] [DEBUG] 使用节点: '传感器状态_上位机[3].NO[11]', NodeId: ns=4;s=上位机通讯|传感器状态_上位机[3].NO[11] [use_node:345] [unilabos.utils.log.post_process]
26-07-30 [23:14:19,012] [TRACE] [/devices/szlab_s08_cap_station] 【.get_property】获取同步属性: last_s08_status [get_property:371] [unilabos.ros.nodes.base_device_node]
26-07-30 [23:14:19,142] [DEBUG] 使用节点: '传感器状态_上位机[3].NO[12]', NodeId: ns=4;s=上位机通讯|传感器状态_上位机[3].NO[12] [use_node:345] [unilabos.utils.log.post_process]
26-07-30 [23:14:19,303] [DEBUG] 使用节点: '传感器状态_上位机[3].NO[13]', NodeId: ns=4;s=上位机通讯|传感器状态_上位机[3].NO[13] [use_node:345] [unilabos.utils.log.post_process]
26-07-30 [23:14:19,464] [DEBUG] 使用节点: 'S06加工完成', NodeId: ns=4;s=上位机通讯|S06加工完成 [use_node:345] [unilabos.utils.log.post_process]
26-07-30 [23:14:19,472] [TRACE] [/devices/szlab_poly_plc] 【.get_property】获取同步属性: powder_container_occupied [get_property:371] [unilabos.ros.nodes.base_device_node]
26-07-30 [23:14:19,625] [DEBUG] 使用节点: '传感器状态_上位机[3].NO[8]', NodeId: ns=4;s=上位机通讯|传感器状态_上位机[3].NO[8] [use_node:345] [unilabos.utils.log.post_process]
26-07-30 [23:14:20,549] [DEBUG] 使用节点: '传感器状态_上位机[3].NO[9]', NodeId: ns=4;s=上位机通讯|传感器状态_上位机[3].NO[9] [use_node:345] [unilabos.utils.log.post_process]
26-07-30 [23:14:20,710] [DEBUG] 使用节点: '传感器状态_上位机[3].NO[10]', NodeId: ns=4;s=上位机通讯|传感器状态_上位机[3].NO[10] [use_node:345] [unilabos.utils.log.post_process]
26-07-30 [23:14:20,871] [DEBUG] 使用节点: '传感器状态_上位机[3].NO[11]', NodeId: ns=4;s=上位机通讯|传感器状态_上位机[3].NO[11] [use_node:345] [unilabos.utils.log.post_process]
26-07-30 [23:14:21,012] [TRACE] [/devices/szlab_s08_cap_station] 【.get_property】获取同步属性: last_s08_status [get_property:371] [unilabos.ros.nodes.base_device_node]
26-07-30 [23:14:21,031] [DEBUG] 使用节点: '传感器状态_上位机[3].NO[12]', NodeId: ns=4;s=上位机通讯|传感器状态_上位机[3].NO[12] [use_node:345] [unilabos.utils.log.post_process]
26-07-30 [23:14:21,192] [DEBUG] 使用节点: '传感器状态_上位机[3].NO[13]', NodeId: ns=4;s=上位机通讯|传感器状态_上位机[3].NO[13] [use_node:345] [unilabos.utils.log.post_process]
26-07-30 [23:14:21,353] [DEBUG] 使用节点: 'S06加工完成', NodeId: ns=4;s=上位机通讯|S06加工完成 [use_node:345] [unilabos.utils.log.post_process]
26-07-30 [23:14:21,361] [TRACE] [/devices/szlab_poly_plc] 【.get_property】获取同步属性: powder_container_occupied [get_property:371] [unilabos.ros.nodes.base_device_node]
26-07-30 [23:14:21,515] [DEBUG] 使用节点: '传感器状态_上位机[3].NO[8]', NodeId: ns=4;s=上位机通讯|传感器状态_上位机[3].NO[8] [use_node:345] [unilabos.utils.log.post_process]
26-07-30 [23:14:21,974] [TRACE] [/devices/szlab_mixer_stirrer] 【.get_property】获取同步属性: status [get_property:371] [unilabos.ros.nodes.base_device_node]
26-07-30 [23:14:21,982] [TRACE] [/devices/szlab_mixer_photoshotting] 【.get_property】获取同步属性: last_photo_path [get_property:371] [unilabos.ros.nodes.base_device_node]
26-07-30 [23:14:21,984] [TRACE] [/devices/szlab_mixer_photoshotting] 【.get_property】获取同步属性: last_result [get_property:371] [unilabos.ros.nodes.base_device_node]
26-07-30 [23:14:21,989] [TRACE] [/devices/szlab_mixer_photoshotting] 【.get_property】获取同步属性: status [get_property:371] [unilabos.ros.nodes.base_device_node]
26-07-30 [23:14:21,993] [TRACE] [/devices/szlab_mixer_pump] 【.get_property】获取同步属性: status [get_property:371] [unilabos.ros.nodes.base_device_node]
26-07-30 [23:14:22,023] [TRACE] [/devices/szlab_mixer_pipetting_station] 【.get_property】获取同步属性: status [get_property:371] [unilabos.ros.nodes.base_device_node]
26-07-30 [23:14:22,053] [DEBUG] 使用节点: '传感器状态_上位机[3].NO[9]', NodeId: ns=4;s=上位机通讯|传感器状态_上位机[3].NO[9] [use_node:345] [unilabos.utils.log.post_process]
26-07-30 [23:14:22,214] [DEBUG] 使用节点: '传感器状态_上位机[3].NO[10]', NodeId: ns=4;s=上位机通讯|传感器状态_上位机[3].NO[10] [use_node:345] [unilabos.utils.log.post_process]
26-07-30 [23:14:22,757] [DEBUG] 使用节点: '传感器状态_上位机[3].NO[11]', NodeId: ns=4;s=上位机通讯|传感器状态_上位机[3].NO[11] [use_node:345] [unilabos.utils.log.post_process]
26-07-30 [23:14:22,918] [DEBUG] 使用节点: '传感器状态_上位机[3].NO[12]', NodeId: ns=4;s=上位机通讯|传感器状态_上位机[3].NO[12] [use_node:345] [unilabos.utils.log.post_process]
26-07-30 [23:14:23,012] [TRACE] [/devices/szlab_s08_cap_station] 【.get_property】获取同步属性: last_s08_status [get_property:371] [unilabos.ros.nodes.base_device_node]
26-07-30 [23:14:23,079] [DEBUG] 使用节点: '传感器状态_上位机[3].NO[13]', NodeId: ns=4;s=上位机通讯|传感器状态_上位机[3].NO[13] [use_node:345] [unilabos.utils.log.post_process]
26-07-30 [23:14:23,241] [DEBUG] 使用节点: 'S06加工完成', NodeId: ns=4;s=上位机通讯|S06加工完成 [use_node:345] [unilabos.utils.log.post_process]
26-07-30 [23:14:23,249] [TRACE] [/devices/szlab_poly_plc] 【.get_property】获取同步属性: powder_container_occupied [get_property:371] [unilabos.ros.nodes.base_device_node]
26-07-30 [23:14:23,402] [DEBUG] 使用节点: '传感器状态_上位机[3].NO[8]', NodeId: ns=4;s=上位机通讯|传感器状态_上位机[3].NO[8] [use_node:345] [unilabos.utils.log.post_process]
26-07-30 [23:14:23,563] [DEBUG] 使用节点: '传感器状态_上位机[3].NO[9]', NodeId: ns=4;s=上位机通讯|传感器状态_上位机[3].NO[9] [use_node:345] [unilabos.utils.log.post_process]
26-07-30 [23:14:23,724] [DEBUG] 使用节点: '传感器状态_上位机[3].NO[10]', NodeId: ns=4;s=上位机通讯|传感器状态_上位机[3].NO[10] [use_node:345] [unilabos.utils.log.post_process]
26-07-30 [23:14:23,886] [DEBUG] 使用节点: '传感器状态_上位机[3].NO[11]', NodeId: ns=4;s=上位机通讯|传感器状态_上位机[3].NO[11] [use_node:345] [unilabos.utils.log.post_process]
26-07-30 [23:14:24,047] [DEBUG] 使用节点: '传感器状态_上位机[3].NO[12]', NodeId: ns=4;s=上位机通讯|传感器状态_上位机[3].NO[12] [use_node:345] [unilabos.utils.log.post_process]
26-07-30 [23:14:24,208] [DEBUG] 使用节点: '传感器状态_上位机[3].NO[13]', NodeId: ns=4;s=上位机通讯|传感器状态_上位机[3].NO[13] [use_node:345] [unilabos.utils.log.post_process]
26-07-30 [23:14:24,369] [DEBUG] 使用节点: 'S06加工完成', NodeId: ns=4;s=上位机通讯|S06加工完成 [use_node:345] [unilabos.utils.log.post_process]
26-07-30 [23:14:24,378] [TRACE] [/devices/szlab_poly_plc] 【.get_property】获取同步属性: powder_container_occupied [get_property:371] [unilabos.ros.nodes.base_device_node]
26-07-30 [23:14:24,531] [DEBUG] 使用节点: '传感器状态_上位机[3].NO[8]', NodeId: ns=4;s=上位机通讯|传感器状态_上位机[3].NO[8] [use_node:345] [unilabos.utils.log.post_process]
26-07-30 [23:14:24,693] [DEBUG] 使用节点: '传感器状态_上位机[3].NO[9]', NodeId: ns=4;s=上位机通讯|传感器状态_上位机[3].NO[9] [use_node:345] [unilabos.utils.log.post_process]
26-07-30 [23:14:24,854] [DEBUG] 使用节点: '传感器状态_上位机[3].NO[10]', NodeId: ns=4;s=上位机通讯|传感器状态_上位机[3].NO[10] [use_node:345] [unilabos.utils.log.post_process]
26-07-30 [23:14:25,012] [TRACE] [/devices/szlab_s08_cap_station] 【.get_property】获取同步属性: last_s08_status [get_property:371] [unilabos.ros.nodes.base_device_node]
26-07-30 [23:14:25,016] [DEBUG] 使用节点: '传感器状态_上位机[3].NO[11]', NodeId: ns=4;s=上位机通讯|传感器状态_上位机[3].NO[11] [use_node:345] [unilabos.utils.log.post_process]
26-07-30 [23:14:25,178] [DEBUG] 使用节点: '传感器状态_上位机[3].NO[12]', NodeId: ns=4;s=上位机通讯|传感器状态_上位机[3].NO[12] [use_node:345] [unilabos.utils.log.post_process]
26-07-30 [23:14:25,339] [DEBUG] 使用节点: '传感器状态_上位机[3].NO[13]', NodeId: ns=4;s=上位机通讯|传感器状态_上位机[3].NO[13] [use_node:345] [unilabos.utils.log.post_process]
26-07-30 [23:14:25,502] [DEBUG] 使用节点: 'S06加工完成', NodeId: ns=4;s=上位机通讯|S06加工完成 [use_node:345] [unilabos.utils.log.post_process]
26-07-30 [23:14:25,510] [TRACE] [/devices/szlab_poly_plc] 【.get_property】获取同步属性: powder_container_occupied [get_property:371] [unilabos.ros.nodes.base_device_node]
26-07-30 [23:14:25,665] [DEBUG] 使用节点: '传感器状态_上位机[3].NO[8]', NodeId: ns=4;s=上位机通讯|传感器状态_上位机[3].NO[8] [use_node:345] [unilabos.utils.log.post_process]
26-07-30 [23:14:26,213] [DEBUG] 使用节点: '传感器状态_上位机[3].NO[9]', NodeId: ns=4;s=上位机通讯|传感器状态_上位机[3].NO[9] [use_node:345] [unilabos.utils.log.post_process]
26-07-30 [23:14:26,374] [DEBUG] 使用节点: '传感器状态_上位机[3].NO[10]', NodeId: ns=4;s=上位机通讯|传感器状态_上位机[3].NO[10] [use_node:345] [unilabos.utils.log.post_process]
26-07-30 [23:14:26,535] [DEBUG] 使用节点: '传感器状态_上位机[3].NO[11]', NodeId: ns=4;s=上位机通讯|传感器状态_上位机[3].NO[11] [use_node:345] [unilabos.utils.log.post_process]
26-07-30 [23:14:26,975] [TRACE] [/devices/szlab_mixer_stirrer] 【.get_property】获取同步属性: status [get_property:371] [unilabos.ros.nodes.base_device_node]
26-07-30 [23:14:26,982] [TRACE] [/devices/szlab_mixer_photoshotting] 【.get_property】获取同步属性: last_photo_path [get_property:371] [unilabos.ros.nodes.base_device_node]
26-07-30 [23:14:26,985] [TRACE] [/devices/szlab_mixer_photoshotting] 【.get_property】获取同步属性: last_result [get_property:371] [unilabos.ros.nodes.base_device_node]
26-07-30 [23:14:26,989] [TRACE] [/devices/szlab_mixer_photoshotting] 【.get_property】获取同步属性: status [get_property:371] [unilabos.ros.nodes.base_device_node]
26-07-30 [23:14:26,991] [TRACE] [/devices/szlab_mixer_pump] 【.get_property】获取同步属性: status [get_property:371] [unilabos.ros.nodes.base_device_node]
26-07-30 [23:14:27,012] [TRACE] [/devices/szlab_s08_cap_station] 【.get_property】获取同步属性: last_s08_status [get_property:371] [unilabos.ros.nodes.base_device_node]
26-07-30 [23:14:27,023] [TRACE] [/devices/szlab_mixer_pipetting_station] 【.get_property】获取同步属性: status [get_property:371] [unilabos.ros.nodes.base_device_node]
26-07-30 [23:14:27,036] [TRACE] [/devices/host_node] [Host Node] Discovering devices in the network... [_discover_devices:472] [unilabos.ros.nodes.presets.host_node]
26-07-30 [23:14:27,036] [TRACE] [/devices/host_node] [Host Node] Total online devices: 9 [_discover_devices:525] [unilabos.ros.nodes.presets.host_node]
26-07-30 [23:14:27,077] [DEBUG] 使用节点: '传感器状态_上位机[3].NO[12]', NodeId: ns=4;s=上位机通讯|传感器状态_上位机[3].NO[12] [use_node:345] [unilabos.utils.log.post_process]
26-07-30 [23:14:27,239] [DEBUG] 使用节点: '传感器状态_上位机[3].NO[13]', NodeId: ns=4;s=上位机通讯|传感器状态_上位机[3].NO[13] [use_node:345] [unilabos.utils.log.post_process]
26-07-30 [23:14:27,781] [DEBUG] 使用节点: 'S06加工完成', NodeId: ns=4;s=上位机通讯|S06加工完成 [use_node:345] [unilabos.utils.log.post_process]
26-07-30 [23:14:27,789] [TRACE] [/devices/szlab_poly_plc] 【.get_property】获取同步属性: powder_container_occupied [get_property:371] [unilabos.ros.nodes.base_device_node]
26-07-30 [23:14:29,012] [TRACE] [/devices/szlab_s08_cap_station] 【.get_property】获取同步属性: last_s08_status [get_property:371] [unilabos.ros.nodes.base_device_node]
26-07-30 [23:14:29,093] [DEBUG] 使用节点: '传感器状态_上位机[3].NO[8]', NodeId: ns=4;s=上位机通讯|传感器状态_上位机[3].NO[8] [use_node:345] [unilabos.utils.log.post_process]
26-07-30 [23:14:29,254] [DEBUG] 使用节点: '传感器状态_上位机[3].NO[9]', NodeId: ns=4;s=上位机通讯|传感器状态_上位机[3].NO[9] [use_node:345] [unilabos.utils.log.post_process]
26-07-30 [23:14:29,416] [DEBUG] 使用节点: '传感器状态_上位机[3].NO[10]', NodeId: ns=4;s=上位机通讯|传感器状态_上位机[3].NO[10] [use_node:345] [unilabos.utils.log.post_process]
26-07-30 [23:14:29,577] [DEBUG] 使用节点: '传感器状态_上位机[3].NO[11]', NodeId: ns=4;s=上位机通讯|传感器状态_上位机[3].NO[11] [use_node:345] [unilabos.utils.log.post_process]
26-07-30 [23:14:29,738] [DEBUG] 使用节点: '传感器状态_上位机[3].NO[12]', NodeId: ns=4;s=上位机通讯|传感器状态_上位机[3].NO[12] [use_node:345] [unilabos.utils.log.post_process]
26-07-30 [23:14:29,900] [DEBUG] 使用节点: '传感器状态_上位机[3].NO[13]', NodeId: ns=4;s=上位机通讯|传感器状态_上位机[3].NO[13] [use_node:345] [unilabos.utils.log.post_process]
26-07-30 [23:14:30,061] [DEBUG] 使用节点: 'S06加工完成', NodeId: ns=4;s=上位机通讯|S06加工完成 [use_node:345] [unilabos.utils.log.post_process]
26-07-30 [23:14:30,072] [TRACE] [/devices/szlab_poly_plc] 【.get_property】获取同步属性: powder_container_occupied [get_property:371] [unilabos.ros.nodes.base_device_node]
26-07-30 [23:14:30,222] [DEBUG] 使用节点: '传感器状态_上位机[3].NO[8]', NodeId: ns=4;s=上位机通讯|传感器状态_上位机[3].NO[8] [use_node:345] [unilabos.utils.log.post_process]
26-07-30 [23:14:30,385] [DEBUG] 使用节点: '传感器状态_上位机[3].NO[9]', NodeId: ns=4;s=上位机通讯|传感器状态_上位机[3].NO[9] [use_node:345] [unilabos.utils.log.post_process]
26-07-30 [23:14:30,546] [DEBUG] 使用节点: '传感器状态_上位机[3].NO[10]', NodeId: ns=4;s=上位机通讯|传感器状态_上位机[3].NO[10] [use_node:345] [unilabos.utils.log.post_process]
26-07-30 [23:14:31,012] [TRACE] [/devices/szlab_s08_cap_station] 【.get_property】获取同步属性: last_s08_status [get_property:371] [unilabos.ros.nodes.base_device_node]
26-07-30 [23:14:31,078] [DEBUG] 使用节点: '传感器状态_上位机[3].NO[11]', NodeId: ns=4;s=上位机通讯|传感器状态_上位机[3].NO[11] [use_node:345] [unilabos.utils.log.post_process]
26-07-30 [23:14:31,240] [DEBUG] 使用节点: '传感器状态_上位机[3].NO[12]', NodeId: ns=4;s=上位机通讯|传感器状态_上位机[3].NO[12] [use_node:345] [unilabos.utils.log.post_process]
26-07-30 [23:14:31,402] [DEBUG] 使用节点: '传感器状态_上位机[3].NO[13]', NodeId: ns=4;s=上位机通讯|传感器状态_上位机[3].NO[13] [use_node:345] [unilabos.utils.log.post_process]
26-07-30 [23:14:31,563] [DEBUG] 使用节点: 'S06加工完成', NodeId: ns=4;s=上位机通讯|S06加工完成 [use_node:345] [unilabos.utils.log.post_process]
26-07-30 [23:14:31,571] [TRACE] [/devices/szlab_poly_plc] 【.get_property】获取同步属性: powder_container_occupied [get_property:371] [unilabos.ros.nodes.base_device_node]
26-07-30 [23:14:31,725] [DEBUG] 使用节点: '传感器状态_上位机[3].NO[8]', NodeId: ns=4;s=上位机通讯|传感器状态_上位机[3].NO[8] [use_node:345] [unilabos.utils.log.post_process]
26-07-30 [23:14:31,727] [TRACE] [/devices/szlab_poly_plc] 动作 _execute_driver_command 完成并返回结果 [execute_callback:2364] [unilabos.ros.nodes.base_device_node]
26-07-30 [23:14:31,748] [DEBUG] [/devices/szlab_mixer_pump] [call_device_action] -> /devices/szlab_poly_plc/_execute_driver_command, args={'node_name': 'S06参数写入完成', 'value': False} [call_device_action:1649] [unilabos.ros.nodes.base_device_node]
26-07-30 [23:14:31,751] [DEBUG] [/devices/szlab_poly_plc] 任务 _execute_driver_command 接收到原始目标: {'string': '{"function_name": "write_variable", "function_args": {"node_name": "S06参数写入完成", "value": false}, "unilabos_param": {"sample_uuids": {}}}'} [execute_callback:2086] [unilabos.ros.nodes.base_device_node]
26-07-30 [23:14:31,754] [TRACE] [/devices/szlab_poly_plc] 任务 _execute_driver_command 接收到原始目标: {'string': '{"function_name": "write_variable", "function_args": {"node_name": "S06参数写入完成", "value": false}, "unilabos_param": {"sample_uuids": {}}}'} [execute_callback:2087] [unilabos.ros.nodes.base_device_node]
26-07-30 [23:14:31,754] [TRACE] [/devices/szlab_poly_plc] 同步执行动作 <bound method BaseROS2DeviceNode._execute_driver_command of <unilabos.ros.nodes.base_device_node.BaseROS2DeviceNode object at 0x7eff959f3ad0>> [execute_callback:2188] [unilabos.ros.nodes.base_device_node]
26-07-30 [23:14:31,886] [DEBUG] 使用节点: '传感器状态_上位机[3].NO[9]', NodeId: ns=4;s=上位机通讯|传感器状态_上位机[3].NO[9] [use_node:345] [unilabos.utils.log.post_process]
26-07-30 [23:14:31,974] [TRACE] [/devices/szlab_mixer_stirrer] 【.get_property】获取同步属性: status [get_property:371] [unilabos.ros.nodes.base_device_node]
26-07-30 [23:14:31,981] [TRACE] [/devices/szlab_mixer_photoshotting] 【.get_property】获取同步属性: last_photo_path [get_property:371] [unilabos.ros.nodes.base_device_node]
26-07-30 [23:14:31,983] [TRACE] [/devices/szlab_mixer_photoshotting] 【.get_property】获取同步属性: last_result [get_property:371] [unilabos.ros.nodes.base_device_node]
26-07-30 [23:14:31,986] [TRACE] [/devices/szlab_mixer_photoshotting] 【.get_property】获取同步属性: status [get_property:371] [unilabos.ros.nodes.base_device_node]
26-07-30 [23:14:31,992] [TRACE] [/devices/szlab_mixer_pump] 【.get_property】获取同步属性: status [get_property:371] [unilabos.ros.nodes.base_device_node]
26-07-30 [23:14:32,022] [TRACE] [/devices/szlab_mixer_pipetting_station] 【.get_property】获取同步属性: status [get_property:371] [unilabos.ros.nodes.base_device_node]
26-07-30 [23:14:32,047] [DEBUG] 使用节点: '传感器状态_上位机[3].NO[10]', NodeId: ns=4;s=上位机通讯|传感器状态_上位机[3].NO[10] [use_node:345] [unilabos.utils.log.post_process]
26-07-30 [23:14:32,209] [DEBUG] 使用节点: '传感器状态_上位机[3].NO[11]', NodeId: ns=4;s=上位机通讯|传感器状态_上位机[3].NO[11] [use_node:345] [unilabos.utils.log.post_process]
26-07-30 [23:14:32,371] [DEBUG] 使用节点: '传感器状态_上位机[3].NO[12]', NodeId: ns=4;s=上位机通讯|传感器状态_上位机[3].NO[12] [use_node:345] [unilabos.utils.log.post_process]
26-07-30 [23:14:32,532] [DEBUG] 使用节点: '传感器状态_上位机[3].NO[13]', NodeId: ns=4;s=上位机通讯|传感器状态_上位机[3].NO[13] [use_node:345] [unilabos.utils.log.post_process]
26-07-30 [23:14:32,696] [DEBUG] 使用节点: 'S06参数写入完成', NodeId: ns=4;s=上位机通讯|S06参数写入完成 [use_node:345] [unilabos.utils.log.post_process]
26-07-30 [23:14:32,702] [TRACE] [/devices/szlab_poly_plc] 【.get_property】获取同步属性: powder_container_occupied [get_property:371] [unilabos.ros.nodes.base_device_node]
26-07-30 [23:14:33,012] [TRACE] [/devices/szlab_s08_cap_station] 【.get_property】获取同步属性: last_s08_status [get_property:371] [unilabos.ros.nodes.base_device_node]
26-07-30 [23:14:33,019] [DEBUG] 使用节点: '传感器状态_上位机[3].NO[8]', NodeId: ns=4;s=上位机通讯|传感器状态_上位机[3].NO[8] [use_node:345] [unilabos.utils.log.post_process]
26-07-30 [23:14:33,020] [TRACE] [/devices/szlab_poly_plc] 动作 _execute_driver_command 完成并返回结果 [execute_callback:2364] [unilabos.ros.nodes.base_device_node]
26-07-30 [23:14:33,053] [DEBUG] [/devices/szlab_mixer_pump] [call_device_action] -> /devices/szlab_poly_plc/_execute_driver_command, args={'node_name': 'S06工艺选择', 'value': 0} [call_device_action:1649] [unilabos.ros.nodes.base_device_node]
26-07-30 [23:14:33,057] [DEBUG] [/devices/szlab_poly_plc] 任务 _execute_driver_command 接收到原始目标: {'string': '{"function_name": "write_variable", "function_args": {"node_name": "S06工艺选择", "value": 0}, "unilabos_param": {"sample_uuids": {}}}'} [execute_callback:2086] [unilabos.ros.nodes.base_device_node]
26-07-30 [23:14:33,057] [TRACE] [/devices/szlab_poly_plc] 任务 _execute_driver_command 接收到原始目标: {'string': '{"function_name": "write_variable", "function_args": {"node_name": "S06工艺选择", "value": 0}, "unilabos_param": {"sample_uuids": {}}}'} [execute_callback:2087] [unilabos.ros.nodes.base_device_node]
26-07-30 [23:14:33,057] [TRACE] [/devices/szlab_poly_plc] 同步执行动作 <bound method BaseROS2DeviceNode._execute_driver_command of <unilabos.ros.nodes.base_device_node.BaseROS2DeviceNode object at 0x7eff959f3ad0>> [execute_callback:2188] [unilabos.ros.nodes.base_device_node]
26-07-30 [23:14:33,181] [DEBUG] 使用节点: '传感器状态_上位机[3].NO[9]', NodeId: ns=4;s=上位机通讯|传感器状态_上位机[3].NO[9] [use_node:345] [unilabos.utils.log.post_process]
26-07-30 [23:14:33,343] [DEBUG] 使用节点: '传感器状态_上位机[3].NO[10]', NodeId: ns=4;s=上位机通讯|传感器状态_上位机[3].NO[10] [use_node:345] [unilabos.utils.log.post_process]
26-07-30 [23:14:33,505] [DEBUG] 使用节点: '传感器状态_上位机[3].NO[11]', NodeId: ns=4;s=上位机通讯|传感器状态_上位机[3].NO[11] [use_node:345] [unilabos.utils.log.post_process]
26-07-30 [23:14:33,666] [DEBUG] 使用节点: '传感器状态_上位机[3].NO[12]', NodeId: ns=4;s=上位机通讯|传感器状态_上位机[3].NO[12] [use_node:345] [unilabos.utils.log.post_process]
26-07-30 [23:14:33,827] [DEBUG] 使用节点: '传感器状态_上位机[3].NO[13]', NodeId: ns=4;s=上位机通讯|传感器状态_上位机[3].NO[13] [use_node:345] [unilabos.utils.log.post_process]
26-07-30 [23:14:33,988] [DEBUG] 使用节点: 'S06工艺选择', NodeId: ns=4;s=上位机通讯|S06工艺选择 [use_node:345] [unilabos.utils.log.post_process]
26-07-30 [23:14:33,995] [TRACE] [/devices/szlab_poly_plc] 【.get_property】获取同步属性: powder_container_occupied [get_property:371] [unilabos.ros.nodes.base_device_node]
26-07-30 [23:14:35,012] [TRACE] [/devices/szlab_s08_cap_station] 【.get_property】获取同步属性: last_s08_status [get_property:371] [unilabos.ros.nodes.base_device_node]
26-07-30 [23:14:35,086] [DEBUG] 使用节点: '传感器状态_上位机[3].NO[8]', NodeId: ns=4;s=上位机通讯|传感器状态_上位机[3].NO[8] [use_node:345] [unilabos.utils.log.post_process]
26-07-30 [23:14:35,088] [TRACE] [/devices/szlab_poly_plc] 动作 _execute_driver_command 完成并返回结果 [execute_callback:2364] [unilabos.ros.nodes.base_device_node]
26-07-30 [23:14:35,107] [DEBUG] [/devices/szlab_mixer_pump] [call_device_action] -> /devices/szlab_poly_plc/_execute_driver_command, args={'node_name': 'S06_1号溶液添加量', 'value': 0} [call_device_action:1649] [unilabos.ros.nodes.base_device_node]
26-07-30 [23:14:35,110] [DEBUG] [/devices/szlab_poly_plc] 任务 _execute_driver_command 接收到原始目标: {'string': '{"function_name": "write_variable", "function_args": {"node_name": "S06_1号溶液添加量", "value": 0}, "unilabos_param": {"sample_uuids": {}}}'} [execute_callback:2086] [unilabos.ros.nodes.base_device_node]
26-07-30 [23:14:35,112] [TRACE] [/devices/szlab_poly_plc] 任务 _execute_driver_command 接收到原始目标: {'string': '{"function_name": "write_variable", "function_args": {"node_name": "S06_1号溶液添加量", "value": 0}, "unilabos_param": {"sample_uuids": {}}}'} [execute_callback:2087] [unilabos.ros.nodes.base_device_node]
26-07-30 [23:14:35,113] [TRACE] [/devices/szlab_poly_plc] 同步执行动作 <bound method BaseROS2DeviceNode._execute_driver_command of <unilabos.ros.nodes.base_device_node.BaseROS2DeviceNode object at 0x7eff959f3ad0>> [execute_callback:2188] [unilabos.ros.nodes.base_device_node]
26-07-30 [23:14:35,248] [DEBUG] 使用节点: '传感器状态_上位机[3].NO[9]', NodeId: ns=4;s=上位机通讯|传感器状态_上位机[3].NO[9] [use_node:345] [unilabos.utils.log.post_process]
26-07-30 [23:14:35,409] [DEBUG] 使用节点: '传感器状态_上位机[3].NO[10]', NodeId: ns=4;s=上位机通讯|传感器状态_上位机[3].NO[10] [use_node:345] [unilabos.utils.log.post_process]
26-07-30 [23:14:35,570] [DEBUG] 使用节点: '传感器状态_上位机[3].NO[11]', NodeId: ns=4;s=上位机通讯|传感器状态_上位机[3].NO[11] [use_node:345] [unilabos.utils.log.post_process]
26-07-30 [23:14:35,731] [DEBUG] 使用节点: '传感器状态_上位机[3].NO[12]', NodeId: ns=4;s=上位机通讯|传感器状态_上位机[3].NO[12] [use_node:345] [unilabos.utils.log.post_process]
26-07-30 [23:14:35,894] [DEBUG] 使用节点: '传感器状态_上位机[3].NO[13]', NodeId: ns=4;s=上位机通讯|传感器状态_上位机[3].NO[13] [use_node:345] [unilabos.utils.log.post_process]
26-07-30 [23:14:36,056] [DEBUG] 使用节点: 'S06_1号溶液添加量', NodeId: ns=4;s=上位机通讯|S06_1号溶液添加量 [use_node:345] [unilabos.utils.log.post_process]
26-07-30 [23:14:36,065] [TRACE] [/devices/szlab_poly_plc] 【.get_property】获取同步属性: powder_container_occupied [get_property:371] [unilabos.ros.nodes.base_device_node]
26-07-30 [23:14:36,378] [DEBUG] 使用节点: '传感器状态_上位机[3].NO[8]', NodeId: ns=4;s=上位机通讯|传感器状态_上位机[3].NO[8] [use_node:345] [unilabos.utils.log.post_process]
26-07-30 [23:14:36,380] [TRACE] [/devices/szlab_poly_plc] 动作 _execute_driver_command 完成并返回结果 [execute_callback:2364] [unilabos.ros.nodes.base_device_node]
26-07-30 [23:14:36,411] [TRACE] [/devices/szlab_mixer_pump] 动作 _execute_driver_command 完成并返回结果 [execute_callback:2364] [unilabos.ros.nodes.base_device_node]
26-07-30 [23:14:36,415] [INFO] [/devices/host_node] [Host Node] Result for /devices/szlab_mixer_pump/_execute_driver_command (szlab_st): success [get_result_callback:1174] [unilabos.ros.nodes.presets.host_node]
26-07-30 [23:14:36,415] [TRACE] [/devices/host_node] [Host Node] Result data: {'return_info': '{"error": "", "suc": true, "return_value": {"success": true, "message": "S06 泵 1 加液流程完成", "data": {"pump": 1, "volume": 8, "volume_pump_1": 0, "volume_pump_2": 0}, "steps": [{"step": "写入溶液添加量并启动 S06", "success": true, "message": "S06 工艺 1 溶液添加完成", "data": {"process": 1, "volume": 8, "volume_pump_1": 0, "volume_pump_2": 0, "amount_values": {"S06_1号溶液添加量": 8}}}, {"step": "机械臂至磁搅", "success": true, "message": "已跳过机械臂搬运", "skipped": true}]}}', 'success': True} [get_result_callback:1176] [unilabos.ros.nodes.presets.host_node]
26-07-30 [23:14:36,415] [TRACE] [/devices/host_node] [Host Node] Removed goal szlab_st from _goals [get_result_callback:1181] [unilabos.ros.nodes.presets.host_node]
26-07-30 [23:14:36,415] [TRACE] [JobResultStore] Stored result for job szlab_st, status=4 [trace:478] [unilabos.utils.log.log]
26-07-30 [23:14:36,973] [TRACE] [/devices/szlab_mixer_stirrer] 【.get_property】获取同步属性: status [get_property:371] [unilabos.ros.nodes.base_device_node]
26-07-30 [23:14:36,981] [TRACE] [/devices/szlab_mixer_photoshotting] 【.get_property】获取同步属性: last_photo_path [get_property:371] [unilabos.ros.nodes.base_device_node]
26-07-30 [23:14:36,982] [TRACE] [/devices/szlab_mixer_photoshotting] 【.get_property】获取同步属性: last_result [get_property:371] [unilabos.ros.nodes.base_device_node]
26-07-30 [23:14:36,983] [TRACE] [/devices/szlab_mixer_photoshotting] 【.get_property】获取同步属性: status [get_property:371] [unilabos.ros.nodes.base_device_node]
26-07-30 [23:14:36,990] [TRACE] [/devices/szlab_mixer_pump] 【.get_property】获取同步属性: status [get_property:371] [unilabos.ros.nodes.base_device_node]
26-07-30 [23:14:36,992] [TRACE] [/devices/host_node] Status updated: szlab_mixer_pump.status = Idle [property_callback:886] [unilabos.ros.nodes.presets.host_node]
26-07-30 [23:14:37,011] [TRACE] [/devices/szlab_s08_cap_station] 【.get_property】获取同步属性: last_s08_status [get_property:371] [unilabos.ros.nodes.base_device_node]
26-07-30 [23:14:37,022] [TRACE] [/devices/szlab_mixer_pipetting_station] 【.get_property】获取同步属性: status [get_property:371] [unilabos.ros.nodes.base_device_node]
26-07-30 [23:14:37,317] [DEBUG] 使用节点: '传感器状态_上位机[3].NO[9]', NodeId: ns=4;s=上位机通讯|传感器状态_上位机[3].NO[9] [use_node:345] [unilabos.utils.log.post_process]
26-07-30 [23:14:37,478] [DEBUG] 使用节点: '传感器状态_上位机[3].NO[10]', NodeId: ns=4;s=上位机通讯|传感器状态_上位机[3].NO[10] [use_node:345] [unilabos.utils.log.post_process]
26-07-30 [23:14:38,022] [DEBUG] 使用节点: '传感器状态_上位机[3].NO[11]', NodeId: ns=4;s=上位机通讯|传感器状态_上位机[3].NO[11] [use_node:345] [unilabos.utils.log.post_process]
26-07-30 [23:14:38,183] [DEBUG] 使用节点: '传感器状态_上位机[3].NO[12]', NodeId: ns=4;s=上位机通讯|传感器状态_上位机[3].NO[12] [use_node:345] [unilabos.utils.log.post_process]
26-07-30 [23:14:38,345] [DEBUG] 使用节点: '传感器状态_上位机[3].NO[13]', NodeId: ns=4;s=上位机通讯|传感器状态_上位机[3].NO[13] [use_node:345] [unilabos.utils.log.post_process]
26-07-30 [23:14:38,509] [TRACE] [/devices/szlab_poly_plc] 【.get_property】获取同步属性: powder_container_occupied [get_property:371] [unilabos.ros.nodes.base_device_node]
26-07-30 [23:14:38,509] [DEBUG] 使用节点: '传感器状态_上位机[3].NO[8]', NodeId: ns=4;s=上位机通讯|传感器状态_上位机[3].NO[8] [use_node:345] [unilabos.utils.log.post_process]
26-07-30 [23:14:38,672] [DEBUG] 使用节点: '传感器状态_上位机[3].NO[9]', NodeId: ns=4;s=上位机通讯|传感器状态_上位机[3].NO[9] [use_node:345] [unilabos.utils.log.post_process]
26-07-30 [23:14:38,833] [DEBUG] 使用节点: '传感器状态_上位机[3].NO[10]', NodeId: ns=4;s=上位机通讯|传感器状态_上位机[3].NO[10] [use_node:345] [unilabos.utils.log.post_process]
26-07-30 [23:14:38,995] [DEBUG] 使用节点: '传感器状态_上位机[3].NO[11]', NodeId: ns=4;s=上位机通讯|传感器状态_上位机[3].NO[11] [use_node:345] [unilabos.utils.log.post_process]
26-07-30 [23:14:39,011] [TRACE] [/devices/szlab_s08_cap_station] 【.get_property】获取同步属性: last_s08_status [get_property:371] [unilabos.ros.nodes.base_device_node]
26-07-30 [23:14:39,156] [DEBUG] 使用节点: '传感器状态_上位机[3].NO[12]', NodeId: ns=4;s=上位机通讯|传感器状态_上位机[3].NO[12] [use_node:345] [unilabos.utils.log.post_process]
26-07-30 [23:14:39,317] [DEBUG] 使用节点: '传感器状态_上位机[3].NO[13]', NodeId: ns=4;s=上位机通讯|传感器状态_上位机[3].NO[13] [use_node:345] [unilabos.utils.log.post_process]
26-07-30 [23:14:39,482] [TRACE] [/devices/szlab_poly_plc] 【.get_property】获取同步属性: powder_container_occupied [get_property:371] [unilabos.ros.nodes.base_device_node]
26-07-30 [23:14:39,482] [DEBUG] 使用节点: '传感器状态_上位机[3].NO[8]', NodeId: ns=4;s=上位机通讯|传感器状态_上位机[3].NO[8] [use_node:345] [unilabos.utils.log.post_process]
26-07-30 [23:14:39,643] [DEBUG] 使用节点: '传感器状态_上位机[3].NO[9]', NodeId: ns=4;s=上位机通讯|传感器状态_上位机[3].NO[9] [use_node:345] [unilabos.utils.log.post_process]
26-07-30 [23:14:39,804] [DEBUG] 使用节点: '传感器状态_上位机[3].NO[10]', NodeId: ns=4;s=上位机通讯|传感器状态_上位机[3].NO[10] [use_node:345] [unilabos.utils.log.post_process]
26-07-30 [23:14:39,966] [DEBUG] 使用节点: '传感器状态_上位机[3].NO[11]', NodeId: ns=4;s=上位机通讯|传感器状态_上位机[3].NO[11] [use_node:345] [unilabos.utils.log.post_process]
26-07-30 [23:14:40,517] [DEBUG] 使用节点: '传感器状态_上位机[3].NO[12]', NodeId: ns=4;s=上位机通讯|传感器状态_上位机[3].NO[12] [use_node:345] [unilabos.utils.log.post_process]
26-07-30 [23:14:41,011] [TRACE] [/devices/szlab_s08_cap_station] 【.get_property】获取同步属性: last_s08_status [get_property:371] [unilabos.ros.nodes.base_device_node]
26-07-30 [23:14:41,829] [DEBUG] 使用节点: '传感器状态_上位机[3].NO[13]', NodeId: ns=4;s=上位机通讯|传感器状态_上位机[3].NO[13] [use_node:345] [unilabos.utils.log.post_process]
26-07-30 [23:14:41,973] [TRACE] [/devices/szlab_mixer_stirrer] 【.get_property】获取同步属性: status [get_property:371] [unilabos.ros.nodes.base_device_node]
26-07-30 [23:14:41,981] [TRACE] [/devices/szlab_mixer_photoshotting] 【.get_property】获取同步属性: last_photo_path [get_property:371] [unilabos.ros.nodes.base_device_node]
26-07-30 [23:14:41,982] [TRACE] [/devices/szlab_mixer_photoshotting] 【.get_property】获取同步属性: last_result [get_property:371] [unilabos.ros.nodes.base_device_node]
26-07-30 [23:14:41,983] [TRACE] [/devices/szlab_mixer_photoshotting] 【.get_property】获取同步属性: status [get_property:371] [unilabos.ros.nodes.base_device_node]
26-07-30 [23:14:41,990] [TRACE] [/devices/szlab_mixer_pump] 【.get_property】获取同步属性: status [get_property:371] [unilabos.ros.nodes.base_device_node]
26-07-30 [23:14:41,993] [TRACE] [/devices/szlab_poly_plc] 【.get_property】获取同步属性: powder_container_occupied [get_property:371] [unilabos.ros.nodes.base_device_node]
26-07-30 [23:14:41,993] [DEBUG] 使用节点: '传感器状态_上位机[3].NO[8]', NodeId: ns=4;s=上位机通讯|传感器状态_上位机[3].NO[8] [use_node:345] [unilabos.utils.log.post_process]
26-07-30 [23:14:42,022] [TRACE] [/devices/szlab_mixer_pipetting_station] 【.get_property】获取同步属性: status [get_property:371] [unilabos.ros.nodes.base_device_node]
26-07-30 [23:14:42,035] [TRACE] [/devices/host_node] [Host Node] Discovering devices in the network... [_discover_devices:472] [unilabos.ros.nodes.presets.host_node]
26-07-30 [23:14:42,035] [TRACE] [/devices/host_node] [Host Node] Total online devices: 9 [_discover_devices:525] [unilabos.ros.nodes.presets.host_node]
26-07-30 [23:14:42,155] [DEBUG] 使用节点: '传感器状态_上位机[3].NO[9]', NodeId: ns=4;s=上位机通讯|传感器状态_上位机[3].NO[9] [use_node:345] [unilabos.utils.log.post_process]
26-07-30 [23:14:42,318] [DEBUG] 使用节点: '传感器状态_上位机[3].NO[10]', NodeId: ns=4;s=上位机通讯|传感器状态_上位机[3].NO[10] [use_node:345] [unilabos.utils.log.post_process]
26-07-30 [23:14:42,480] [DEBUG] 使用节点: '传感器状态_上位机[3].NO[11]', NodeId: ns=4;s=上位机通讯|传感器状态_上位机[3].NO[11] [use_node:345] [unilabos.utils.log.post_process]
26-07-30 [23:14:43,011] [TRACE] [/devices/szlab_s08_cap_station] 【.get_property】获取同步属性: last_s08_status [get_property:371] [unilabos.ros.nodes.base_device_node]
26-07-30 [23:14:43,014] [DEBUG] 使用节点: '传感器状态_上位机[3].NO[12]', NodeId: ns=4;s=上位机通讯|传感器状态_上位机[3].NO[12] [use_node:345] [unilabos.utils.log.post_process]
26-07-30 [23:14:43,175] [DEBUG] 使用节点: '传感器状态_上位机[3].NO[13]', NodeId: ns=4;s=上位机通讯|传感器状态_上位机[3].NO[13] [use_node:345] [unilabos.utils.log.post_process]
26-07-30 [23:14:43,720] [TRACE] [/devices/szlab_poly_plc] 【.get_property】获取同步属性: powder_container_occupied [get_property:371] [unilabos.ros.nodes.base_device_node]
26-07-30 [23:14:43,720] [DEBUG] 使用节点: '传感器状态_上位机[3].NO[8]', NodeId: ns=4;s=上位机通讯|传感器状态_上位机[3].NO[8] [use_node:345] [unilabos.utils.log.post_process]
26-07-30 [23:14:43,883] [DEBUG] 使用节点: '传感器状态_上位机[3].NO[9]', NodeId: ns=4;s=上位机通讯|传感器状态_上位机[3].NO[9] [use_node:345] [unilabos.utils.log.post_process]
26-07-30 [23:14:44,045] [DEBUG] 使用节点: '传感器状态_上位机[3].NO[10]', NodeId: ns=4;s=上位机通讯|传感器状态_上位机[3].NO[10] [use_node:345] [unilabos.utils.log.post_process]
26-07-30 [23:14:44,208] [DEBUG] 使用节点: '传感器状态_上位机[3].NO[11]', NodeId: ns=4;s=上位机通讯|传感器状态_上位机[3].NO[11] [use_node:345] [unilabos.utils.log.post_process]
26-07-30 [23:14:44,369] [DEBUG] 使用节点: '传感器状态_上位机[3].NO[12]', NodeId: ns=4;s=上位机通讯|传感器状态_上位机[3].NO[12] [use_node:345] [unilabos.utils.log.post_process]
26-07-30 [23:14:44,531] [DEBUG] 使用节点: '传感器状态_上位机[3].NO[13]', NodeId: ns=4;s=上位机通讯|传感器状态_上位机[3].NO[13] [use_node:345] [unilabos.utils.log.post_process]
26-07-30 [23:14:44,696] [TRACE] [/devices/szlab_poly_plc] 【.get_property】获取同步属性: powder_container_occupied [get_property:371] [unilabos.ros.nodes.base_device_node]
26-07-30 [23:14:44,696] [DEBUG] 使用节点: '传感器状态_上位机[3].NO[8]', NodeId: ns=4;s=上位机通讯|传感器状态_上位机[3].NO[8] [use_node:345] [unilabos.utils.log.post_process]
26-07-30 [23:14:44,857] [DEBUG] 使用节点: '传感器状态_上位机[3].NO[9]', NodeId: ns=4;s=上位机通讯|传感器状态_上位机[3].NO[9] [use_node:345] [unilabos.utils.log.post_process]
26-07-30 [23:14:45,011] [TRACE] [/devices/szlab_s08_cap_station] 【.get_property】获取同步属性: last_s08_status [get_property:371] [unilabos.ros.nodes.base_device_node]
26-07-30 [23:14:45,018] [DEBUG] 使用节点: '传感器状态_上位机[3].NO[10]', NodeId: ns=4;s=上位机通讯|传感器状态_上位机[3].NO[10] [use_node:345] [unilabos.utils.log.post_process]
26-07-30 [23:14:45,179] [DEBUG] 使用节点: '传感器状态_上位机[3].NO[11]', NodeId: ns=4;s=上位机通讯|传感器状态_上位机[3].NO[11] [use_node:345] [unilabos.utils.log.post_process]
26-07-30 [23:14:45,340] [DEBUG] 使用节点: '传感器状态_上位机[3].NO[12]', NodeId: ns=4;s=上位机通讯|传感器状态_上位机[3].NO[12] [use_node:345] [unilabos.utils.log.post_process]
26-07-30 [23:14:45,501] [DEBUG] 使用节点: '传感器状态_上位机[3].NO[13]', NodeId: ns=4;s=上位机通讯|传感器状态_上位机[3].NO[13] [use_node:345] [unilabos.utils.log.post_process]
26-07-30 [23:14:45,665] [TRACE] [/devices/szlab_poly_plc] 【.get_property】获取同步属性: powder_container_occupied [get_property:371] [unilabos.ros.nodes.base_device_node]
26-07-30 [23:14:45,665] [DEBUG] 使用节点: '传感器状态_上位机[3].NO[8]', NodeId: ns=4;s=上位机通讯|传感器状态_上位机[3].NO[8] [use_node:345] [unilabos.utils.log.post_process]
26-07-30 [23:14:45,828] [DEBUG] 使用节点: '传感器状态_上位机[3].NO[9]', NodeId: ns=4;s=上位机通讯|传感器状态_上位机[3].NO[9] [use_node:345] [unilabos.utils.log.post_process]
26-07-30 [23:14:45,990] [DEBUG] 使用节点: '传感器状态_上位机[3].NO[10]', NodeId: ns=4;s=上位机通讯|传感器状态_上位机[3].NO[10] [use_node:345] [unilabos.utils.log.post_process]
26-07-30 [23:14:46,151] [DEBUG] 使用节点: '传感器状态_上位机[3].NO[11]', NodeId: ns=4;s=上位机通讯|传感器状态_上位机[3].NO[11] [use_node:345] [unilabos.utils.log.post_process]
26-07-30 [23:14:46,313] [DEBUG] 使用节点: '传感器状态_上位机[3].NO[12]', NodeId: ns=4;s=上位机通讯|传感器状态_上位机[3].NO[12] [use_node:345] [unilabos.utils.log.post_process]
26-07-30 [23:14:46,474] [DEBUG] 使用节点: '传感器状态_上位机[3].NO[13]', NodeId: ns=4;s=上位机通讯|传感器状态_上位机[3].NO[13] [use_node:345] [unilabos.utils.log.post_process]
26-07-30 [23:14:46,638] [TRACE] [/devices/szlab_poly_plc] 【.get_property】获取同步属性: powder_container_occupied [get_property:371] [unilabos.ros.nodes.base_device_node]
26-07-30 [23:14:46,638] [DEBUG] 使用节点: '传感器状态_上位机[3].NO[8]', NodeId: ns=4;s=上位机通讯|传感器状态_上位机[3].NO[8] [use_node:345] [unilabos.utils.log.post_process]
26-07-30 [23:14:46,800] [DEBUG] 使用节点: '传感器状态_上位机[3].NO[9]', NodeId: ns=4;s=上位机通讯|传感器状态_上位机[3].NO[9] [use_node:345] [unilabos.utils.log.post_process]
26-07-30 [23:14:46,961] [DEBUG] 使用节点: '传感器状态_上位机[3].NO[10]', NodeId: ns=4;s=上位机通讯|传感器状态_上位机[3].NO[10] [use_node:345] [unilabos.utils.log.post_process]
26-07-30 [23:14:46,973] [TRACE] [/devices/szlab_mixer_stirrer] 【.get_property】获取同步属性: status [get_property:371] [unilabos.ros.nodes.base_device_node]
26-07-30 [23:14:46,981] [TRACE] [/devices/szlab_mixer_photoshotting] 【.get_property】获取同步属性: last_photo_path [get_property:371] [unilabos.ros.nodes.base_device_node]
26-07-30 [23:14:46,982] [TRACE] [/devices/szlab_mixer_photoshotting] 【.get_property】获取同步属性: last_result [get_property:371] [unilabos.ros.nodes.base_device_node]
26-07-30 [23:14:46,983] [TRACE] [/devices/szlab_mixer_photoshotting] 【.get_property】获取同步属性: status [get_property:371] [unilabos.ros.nodes.base_device_node]
26-07-30 [23:14:46,990] [TRACE] [/devices/szlab_mixer_pump] 【.get_property】获取同步属性: status [get_property:371] [unilabos.ros.nodes.base_device_node]
26-07-30 [23:14:47,011] [TRACE] [/devices/szlab_s08_cap_station] 【.get_property】获取同步属性: last_s08_status [get_property:371] [unilabos.ros.nodes.base_device_node]
26-07-30 [23:14:47,021] [TRACE] [/devices/szlab_mixer_pipetting_station] 【.get_property】获取同步属性: status [get_property:371] [unilabos.ros.nodes.base_device_node]
26-07-30 [23:14:47,123] [DEBUG] 使用节点: '传感器状态_上位机[3].NO[11]', NodeId: ns=4;s=上位机通讯|传感器状态_上位机[3].NO[11] [use_node:345] [unilabos.utils.log.post_process]
26-07-30 [23:14:47,284] [DEBUG] 使用节点: '传感器状态_上位机[3].NO[12]', NodeId: ns=4;s=上位机通讯|传感器状态_上位机[3].NO[12] [use_node:345] [unilabos.utils.log.post_process]
26-07-30 [23:14:47,446] [DEBUG] 使用节点: '传感器状态_上位机[3].NO[13]', NodeId: ns=4;s=上位机通讯|传感器状态_上位机[3].NO[13] [use_node:345] [unilabos.utils.log.post_process]
26-07-30 [23:14:47,611] [TRACE] [/devices/szlab_poly_plc] 【.get_property】获取同步属性: powder_container_occupied [get_property:371] [unilabos.ros.nodes.base_device_node]
26-07-30 [23:14:47,611] [DEBUG] 使用节点: '传感器状态_上位机[3].NO[8]', NodeId: ns=4;s=上位机通讯|传感器状态_上位机[3].NO[8] [use_node:345] [unilabos.utils.log.post_process]
26-07-30 [23:14:47,773] [DEBUG] 使用节点: '传感器状态_上位机[3].NO[9]', NodeId: ns=4;s=上位机通讯|传感器状态_上位机[3].NO[9] [use_node:345] [unilabos.utils.log.post_process]
26-07-30 [23:14:47,934] [DEBUG] 使用节点: '传感器状态_上位机[3].NO[10]', NodeId: ns=4;s=上位机通讯|传感器状态_上位机[3].NO[10] [use_node:345] [unilabos.utils.log.post_process]
26-07-30 [23:14:48,097] [DEBUG] 使用节点: '传感器状态_上位机[3].NO[11]', NodeId: ns=4;s=上位机通讯|传感器状态_上位机[3].NO[11] [use_node:345] [unilabos.utils.log.post_process]
26-07-30 [23:14:48,258] [DEBUG] 使用节点: '传感器状态_上位机[3].NO[12]', NodeId: ns=4;s=上位机通讯|传感器状态_上位机[3].NO[12] [use_node:345] [unilabos.utils.log.post_process]
26-07-30 [23:14:48,805] [DEBUG] 使用节点: '传感器状态_上位机[3].NO[13]', NodeId: ns=4;s=上位机通讯|传感器状态_上位机[3].NO[13] [use_node:345] [unilabos.utils.log.post_process]
26-07-30 [23:14:48,969] [TRACE] [/devices/szlab_poly_plc] 【.get_property】获取同步属性: powder_container_occupied [get_property:371] [unilabos.ros.nodes.base_device_node]
26-07-30 [23:14:48,970] [DEBUG] 使用节点: '传感器状态_上位机[3].NO[8]', NodeId: ns=4;s=上位机通讯|传感器状态_上位机[3].NO[8] [use_node:345] [unilabos.utils.log.post_process]
26-07-30 [23:14:49,011] [TRACE] [/devices/szlab_s08_cap_station] 【.get_property】获取同步属性: last_s08_status [get_property:371] [unilabos.ros.nodes.base_device_node]
26-07-30 [23:14:49,131] [DEBUG] 使用节点: '传感器状态_上位机[3].NO[9]', NodeId: ns=4;s=上位机通讯|传感器状态_上位机[3].NO[9] [use_node:345] [unilabos.utils.log.post_process]
26-07-30 [23:14:49,669] [DEBUG] 使用节点: '传感器状态_上位机[3].NO[10]', NodeId: ns=4;s=上位机通讯|传感器状态_上位机[3].NO[10] [use_node:345] [unilabos.utils.log.post_process]
26-07-30 [23:14:49,833] [DEBUG] 使用节点: '传感器状态_上位机[3].NO[11]', NodeId: ns=4;s=上位机通讯|传感器状态_上位机[3].NO[11] [use_node:345] [unilabos.utils.log.post_process]
26-07-30 [23:14:49,994] [DEBUG] 使用节点: '传感器状态_上位机[3].NO[12]', NodeId: ns=4;s=上位机通讯|传感器状态_上位机[3].NO[12] [use_node:345] [unilabos.utils.log.post_process]
26-07-30 [23:14:50,533] [DEBUG] 使用节点: '传感器状态_上位机[3].NO[13]', NodeId: ns=4;s=上位机通讯|传感器状态_上位机[3].NO[13] [use_node:345] [unilabos.utils.log.post_process]
26-07-30 [23:14:50,698] [TRACE] [/devices/szlab_poly_plc] 【.get_property】获取同步属性: powder_container_occupied [get_property:371] [unilabos.ros.nodes.base_device_node]
26-07-30 [23:14:50,698] [DEBUG] 使用节点: '传感器状态_上位机[3].NO[8]', NodeId: ns=4;s=上位机通讯|传感器状态_上位机[3].NO[8] [use_node:345] [unilabos.utils.log.post_process]
26-07-30 [23:14:50,860] [DEBUG] 使用节点: '传感器状态_上位机[3].NO[9]', NodeId: ns=4;s=上位机通讯|传感器状态_上位机[3].NO[9] [use_node:345] [unilabos.utils.log.post_process]
26-07-30 [23:14:51,011] [TRACE] [/devices/szlab_s08_cap_station] 【.get_property】获取同步属性: last_s08_status [get_property:371] [unilabos.ros.nodes.base_device_node]
26-07-30 [23:14:51,781] [DEBUG] 使用节点: '传感器状态_上位机[3].NO[10]', NodeId: ns=4;s=上位机通讯|传感器状态_上位机[3].NO[10] [use_node:345] [unilabos.utils.log.post_process]
26-07-30 [23:14:51,973] [TRACE] [/devices/szlab_mixer_stirrer] 【.get_property】获取同步属性: status [get_property:371] [unilabos.ros.nodes.base_device_node]
26-07-30 [23:14:51,981] [TRACE] [/devices/szlab_mixer_photoshotting] 【.get_property】获取同步属性: last_photo_path [get_property:371] [unilabos.ros.nodes.base_device_node]
26-07-30 [23:14:51,982] [TRACE] [/devices/szlab_mixer_photoshotting] 【.get_property】获取同步属性: last_result [get_property:371] [unilabos.ros.nodes.base_device_node]
26-07-30 [23:14:51,983] [TRACE] [/devices/szlab_mixer_photoshotting] 【.get_property】获取同步属性: status [get_property:371] [unilabos.ros.nodes.base_device_node]
26-07-30 [23:14:51,990] [TRACE] [/devices/szlab_mixer_pump] 【.get_property】获取同步属性: status [get_property:371] [unilabos.ros.nodes.base_device_node]
26-07-30 [23:14:52,022] [TRACE] [/devices/szlab_mixer_pipetting_station] 【.get_property】获取同步属性: status [get_property:371] [unilabos.ros.nodes.base_device_node]
26-07-30 [23:14:52,325] [DEBUG] 使用节点: '传感器状态_上位机[3].NO[11]', NodeId: ns=4;s=上位机通讯|传感器状态_上位机[3].NO[11] [use_node:345] [unilabos.utils.log.post_process]
26-07-30 [23:14:52,486] [DEBUG] 使用节点: '传感器状态_上位机[3].NO[12]', NodeId: ns=4;s=上位机通讯|传感器状态_上位机[3].NO[12] [use_node:345] [unilabos.utils.log.post_process]
26-07-30 [23:14:53,011] [TRACE] [/devices/szlab_s08_cap_station] 【.get_property】获取同步属性: last_s08_status [get_property:371] [unilabos.ros.nodes.base_device_node]
26-07-30 [23:14:53,029] [DEBUG] 使用节点: '传感器状态_上位机[3].NO[13]', NodeId: ns=4;s=上位机通讯|传感器状态_上位机[3].NO[13] [use_node:345] [unilabos.utils.log.post_process]
26-07-30 [23:14:53,193] [TRACE] [/devices/szlab_poly_plc] 【.get_property】获取同步属性: powder_container_occupied [get_property:371] [unilabos.ros.nodes.base_device_node]
26-07-30 [23:14:53,193] [DEBUG] 使用节点: '传感器状态_上位机[3].NO[8]', NodeId: ns=4;s=上位机通讯|传感器状态_上位机[3].NO[8] [use_node:345] [unilabos.utils.log.post_process]
26-07-30 [23:14:53,355] [DEBUG] 使用节点: '传感器状态_上位机[3].NO[9]', NodeId: ns=4;s=上位机通讯|传感器状态_上位机[3].NO[9] [use_node:345] [unilabos.utils.log.post_process]
26-07-30 [23:14:53,517] [DEBUG] 使用节点: '传感器状态_上位机[3].NO[10]', NodeId: ns=4;s=上位机通讯|传感器状态_上位机[3].NO[10] [use_node:345] [unilabos.utils.log.post_process]
26-07-30 [23:14:53,678] [DEBUG] 使用节点: '传感器状态_上位机[3].NO[11]', NodeId: ns=4;s=上位机通讯|传感器状态_上位机[3].NO[11] [use_node:345] [unilabos.utils.log.post_process]
26-07-30 [23:14:53,818] [TRACE] [/devices/host_node] [Host Node] Sending goal for /devices/szlab_mixer_pump/_execute_driver_command: {'string': '{"function_name": "run_solvent_addition", "function_args": {"volume_pump_1": 0, "volume_pump_2": 0, "pump": 1, "volume": 8, "skip_level_check": false, "skip_robot": true, "beaker_true_means_present": true}, "unilabos_param": {"sample_uuids": {}}}'} [send_goal:942] [unilabos.ros.nodes.presets.host_node]
26-07-30 [23:14:53,818] [TRACE] [/devices/host_node] [Host Node] Sending goal for /devices/szlab_mixer_pump/_execute_driver_command: unilabos_msgs.action.StrSingleInput_Goal(string='{"function_name": "run_solvent_addition", "function_args": {"volume_pump_1": 0, "volume_pump_2": 0, "pump": 1, "volume": 8, "skip_level_check": false, "skip_robot": true, "beaker_true_means_present": true}, "unilabos_param": {"sample_uuids": {}}}') [send_goal:943] [unilabos.ros.nodes.presets.host_node]
26-07-30 [23:14:53,821] [DEBUG] [/devices/szlab_mixer_pump] 任务 _execute_driver_command 接收到原始目标: {'string': '{"function_name": "run_solvent_addition", "function_args": {"volume_pump_1": 0, "volume_pump_2": 0, "pump": 1, "volume": 8, "skip_level_check": false, "skip_robot": true, "beaker_true_means_present": true}, "unilabos_param": {"sample_uuids": {}}}'} [execute_callback:2086] [unilabos.ros.nodes.base_device_node]
26-07-30 [23:14:53,821] [TRACE] [/devices/szlab_mixer_pump] 任务 _execute_driver_command 接收到原始目标: {'string': '{"function_name": "run_solvent_addition", "function_args": {"volume_pump_1": 0, "volume_pump_2": 0, "pump": 1, "volume": 8, "skip_level_check": false, "skip_robot": true, "beaker_true_means_present": true}, "unilabos_param": {"sample_uuids": {}}}'} [execute_callback:2087] [unilabos.ros.nodes.base_device_node]
26-07-30 [23:14:53,821] [TRACE] [/devices/szlab_mixer_pump] 同步执行动作 <bound method BaseROS2DeviceNode._execute_driver_command of <unilabos.ros.nodes.base_device_node.BaseROS2DeviceNode object at 0x7eff94be7090>> [execute_callback:2188] [unilabos.ros.nodes.base_device_node]
26-07-30 [23:14:53,823] [DEBUG] [/devices/szlab_mixer_pump] [call_device_action] -> /devices/szlab_poly_plc/_execute_driver_command, args={'node_name': 'S06准备信号', 'use_cache': True} [call_device_action:1649] [unilabos.ros.nodes.base_device_node]
26-07-30 [23:14:53,824] [INFO] [/devices/host_node] [Host Node] Goal /devices/szlab_mixer_pump/_execute_driver_command (szlab_mixer_workflow-001-szlab_mixer_pump.run_solvent_addition) accepted [goal_response_callback:1108] [unilabos.ros.nodes.presets.host_node]
26-07-30 [23:14:53,826] [DEBUG] [/devices/szlab_poly_plc] 任务 _execute_driver_command 接收到原始目标: {'string': '{"function_name": "read_variable", "function_args": {"node_name": "S06准备信号", "use_cache": true}, "unilabos_param": {"sample_uuids": {}}}'} [execute_callback:2086] [unilabos.ros.nodes.base_device_node]
26-07-30 [23:14:53,828] [TRACE] [/devices/szlab_poly_plc] 任务 _execute_driver_command 接收到原始目标: {'string': '{"function_name": "read_variable", "function_args": {"node_name": "S06准备信号", "use_cache": true}, "unilabos_param": {"sample_uuids": {}}}'} [execute_callback:2087] [unilabos.ros.nodes.base_device_node]
26-07-30 [23:14:53,828] [TRACE] [/devices/szlab_poly_plc] 同步执行动作 <bound method BaseROS2DeviceNode._execute_driver_command of <unilabos.ros.nodes.base_device_node.BaseROS2DeviceNode object at 0x7eff959f3ad0>> [execute_callback:2188] [unilabos.ros.nodes.base_device_node]
26-07-30 [23:14:53,839] [DEBUG] 使用节点: '传感器状态_上位机[3].NO[12]', NodeId: ns=4;s=上位机通讯|传感器状态_上位机[3].NO[12] [use_node:345] [unilabos.utils.log.post_process]
26-07-30 [23:14:54,001] [DEBUG] 使用节点: '传感器状态_上位机[3].NO[13]', NodeId: ns=4;s=上位机通讯|传感器状态_上位机[3].NO[13] [use_node:345] [unilabos.utils.log.post_process]
26-07-30 [23:14:54,162] [DEBUG] 使用节点: 'S06准备信号', NodeId: ns=4;s=上位机通讯|S06准备信号 [use_node:345] [unilabos.utils.log.post_process]
26-07-30 [23:14:54,165] [TRACE] [/devices/szlab_poly_plc] 【.get_property】获取同步属性: powder_container_occupied [get_property:371] [unilabos.ros.nodes.base_device_node]
26-07-30 [23:14:54,323] [DEBUG] 使用节点: '传感器状态_上位机[3].NO[8]', NodeId: ns=4;s=上位机通讯|传感器状态_上位机[3].NO[8] [use_node:345] [unilabos.utils.log.post_process]
26-07-30 [23:14:54,325] [TRACE] [/devices/szlab_poly_plc] 动作 _execute_driver_command 完成并返回结果 [execute_callback:2364] [unilabos.ros.nodes.base_device_node]
26-07-30 [23:14:54,375] [DEBUG] [/devices/szlab_mixer_pump] [call_device_action] -> /devices/szlab_poly_plc/_execute_driver_command, args={'node_name': '传感器状态_上位机[3].NO[1]', 'use_cache': True} [call_device_action:1649] [unilabos.ros.nodes.base_device_node]
26-07-30 [23:14:54,378] [DEBUG] [/devices/szlab_poly_plc] 任务 _execute_driver_command 接收到原始目标: {'string': '{"function_name": "read_variable", "function_args": {"node_name": "传感器状态_上位机[3].NO[1]", "use_cache": true}, "unilabos_param": {"sample_uuids": {}}}'} [execute_callback:2086] [unilabos.ros.nodes.base_device_node]
26-07-30 [23:14:54,379] [TRACE] [/devices/szlab_poly_plc] 任务 _execute_driver_command 接收到原始目标: {'string': '{"function_name": "read_variable", "function_args": {"node_name": "传感器状态_上位机[3].NO[1]", "use_cache": true}, "unilabos_param": {"sample_uuids": {}}}'} [execute_callback:2087] [unilabos.ros.nodes.base_device_node]
26-07-30 [23:14:54,380] [TRACE] [/devices/szlab_poly_plc] 同步执行动作 <bound method BaseROS2DeviceNode._execute_driver_command of <unilabos.ros.nodes.base_device_node.BaseROS2DeviceNode object at 0x7eff959f3ad0>> [execute_callback:2188] [unilabos.ros.nodes.base_device_node]
26-07-30 [23:14:54,485] [DEBUG] 使用节点: '传感器状态_上位机[3].NO[9]', NodeId: ns=4;s=上位机通讯|传感器状态_上位机[3].NO[9] [use_node:345] [unilabos.utils.log.post_process]
26-07-30 [23:14:54,646] [DEBUG] 使用节点: '传感器状态_上位机[3].NO[10]', NodeId: ns=4;s=上位机通讯|传感器状态_上位机[3].NO[10] [use_node:345] [unilabos.utils.log.post_process]
26-07-30 [23:14:54,808] [DEBUG] 使用节点: '传感器状态_上位机[3].NO[11]', NodeId: ns=4;s=上位机通讯|传感器状态_上位机[3].NO[11] [use_node:345] [unilabos.utils.log.post_process]
26-07-30 [23:14:54,969] [DEBUG] 使用节点: '传感器状态_上位机[3].NO[12]', NodeId: ns=4;s=上位机通讯|传感器状态_上位机[3].NO[12] [use_node:345] [unilabos.utils.log.post_process]
26-07-30 [23:14:55,011] [TRACE] [/devices/szlab_s08_cap_station] 【.get_property】获取同步属性: last_s08_status [get_property:371] [unilabos.ros.nodes.base_device_node]
26-07-30 [23:14:55,131] [DEBUG] 使用节点: '传感器状态_上位机[3].NO[13]', NodeId: ns=4;s=上位机通讯|传感器状态_上位机[3].NO[13] [use_node:345] [unilabos.utils.log.post_process]
26-07-30 [23:14:55,292] [DEBUG] 使用节点: '传感器状态_上位机[3].NO[1]', NodeId: ns=4;s=上位机通讯|传感器状态_上位机[3].NO[1] [use_node:345] [unilabos.utils.log.post_process]
26-07-30 [23:14:55,295] [TRACE] [/devices/szlab_poly_plc] 【.get_property】获取同步属性: powder_container_occupied [get_property:371] [unilabos.ros.nodes.base_device_node]
26-07-30 [23:14:55,845] [DEBUG] 使用节点: '传感器状态_上位机[3].NO[8]', NodeId: ns=4;s=上位机通讯|传感器状态_上位机[3].NO[8] [use_node:345] [unilabos.utils.log.post_process]
26-07-30 [23:14:55,846] [TRACE] [/devices/szlab_poly_plc] 动作 _execute_driver_command 完成并返回结果 [execute_callback:2364] [unilabos.ros.nodes.base_device_node]
26-07-30 [23:14:55,878] [DEBUG] [/devices/szlab_mixer_pump] [call_device_action] -> /devices/szlab_poly_plc/_execute_driver_command, args={'node_name': '传感器状态_上位机[4].NO[12]', 'use_cache': True} [call_device_action:1649] [unilabos.ros.nodes.base_device_node]
26-07-30 [23:14:55,881] [DEBUG] [/devices/szlab_poly_plc] 任务 _execute_driver_command 接收到原始目标: {'string': '{"function_name": "read_variable", "function_args": {"node_name": "传感器状态_上位机[4].NO[12]", "use_cache": true}, "unilabos_param": {"sample_uuids": {}}}'} [execute_callback:2086] [unilabos.ros.nodes.base_device_node]
26-07-30 [23:14:55,882] [TRACE] [/devices/szlab_poly_plc] 任务 _execute_driver_command 接收到原始目标: {'string': '{"function_name": "read_variable", "function_args": {"node_name": "传感器状态_上位机[4].NO[12]", "use_cache": true}, "unilabos_param": {"sample_uuids": {}}}'} [execute_callback:2087] [unilabos.ros.nodes.base_device_node]
26-07-30 [23:14:55,883] [TRACE] [/devices/szlab_poly_plc] 同步执行动作 <bound method BaseROS2DeviceNode._execute_driver_command of <unilabos.ros.nodes.base_device_node.BaseROS2DeviceNode object at 0x7eff959f3ad0>> [execute_callback:2188] [unilabos.ros.nodes.base_device_node]
26-07-30 [23:14:56,006] [DEBUG] 使用节点: '传感器状态_上位机[3].NO[9]', NodeId: ns=4;s=上位机通讯|传感器状态_上位机[3].NO[9] [use_node:345] [unilabos.utils.log.post_process]
26-07-30 [23:14:56,168] [DEBUG] 使用节点: '传感器状态_上位机[3].NO[10]', NodeId: ns=4;s=上位机通讯|传感器状态_上位机[3].NO[10] [use_node:345] [unilabos.utils.log.post_process]
26-07-30 [23:14:56,329] [DEBUG] 使用节点: '传感器状态_上位机[3].NO[11]', NodeId: ns=4;s=上位机通讯|传感器状态_上位机[3].NO[11] [use_node:345] [unilabos.utils.log.post_process]
26-07-30 [23:14:56,491] [DEBUG] 使用节点: '传感器状态_上位机[3].NO[12]', NodeId: ns=4;s=上位机通讯|传感器状态_上位机[3].NO[12] [use_node:345] [unilabos.utils.log.post_process]
26-07-30 [23:14:56,652] [DEBUG] 使用节点: '传感器状态_上位机[3].NO[13]', NodeId: ns=4;s=上位机通讯|传感器状态_上位机[3].NO[13] [use_node:345] [unilabos.utils.log.post_process]
26-07-30 [23:14:56,813] [DEBUG] 使用节点: '传感器状态_上位机[4].NO[12]', NodeId: ns=4;s=上位机通讯|传感器状态_上位机[4].NO[12] [use_node:345] [unilabos.utils.log.post_process]
26-07-30 [23:14:56,816] [TRACE] [/devices/szlab_poly_plc] 【.get_property】获取同步属性: powder_container_occupied [get_property:371] [unilabos.ros.nodes.base_device_node]
26-07-30 [23:14:56,973] [TRACE] [/devices/szlab_mixer_stirrer] 【.get_property】获取同步属性: status [get_property:371] [unilabos.ros.nodes.base_device_node]
26-07-30 [23:14:56,981] [TRACE] [/devices/szlab_mixer_photoshotting] 【.get_property】获取同步属性: last_photo_path [get_property:371] [unilabos.ros.nodes.base_device_node]
26-07-30 [23:14:56,982] [TRACE] [/devices/szlab_mixer_photoshotting] 【.get_property】获取同步属性: last_result [get_property:371] [unilabos.ros.nodes.base_device_node]
26-07-30 [23:14:56,983] [TRACE] [/devices/szlab_mixer_photoshotting] 【.get_property】获取同步属性: status [get_property:371] [unilabos.ros.nodes.base_device_node]
26-07-30 [23:14:56,990] [TRACE] [/devices/szlab_mixer_pump] 【.get_property】获取同步属性: status [get_property:371] [unilabos.ros.nodes.base_device_node]
26-07-30 [23:14:56,992] [TRACE] [/devices/host_node] Status updated: szlab_mixer_pump.status = Running [property_callback:886] [unilabos.ros.nodes.presets.host_node]
26-07-30 [23:14:57,011] [TRACE] [/devices/szlab_s08_cap_station] 【.get_property】获取同步属性: last_s08_status [get_property:371] [unilabos.ros.nodes.base_device_node]
26-07-30 [23:14:57,022] [TRACE] [/devices/szlab_mixer_pipetting_station] 【.get_property】获取同步属性: status [get_property:371] [unilabos.ros.nodes.base_device_node]
26-07-30 [23:14:57,035] [TRACE] [/devices/host_node] [Host Node] Discovering devices in the network... [_discover_devices:472] [unilabos.ros.nodes.presets.host_node]
26-07-30 [23:14:57,035] [TRACE] [/devices/host_node] [Host Node] Total online devices: 9 [_discover_devices:525] [unilabos.ros.nodes.presets.host_node]
26-07-30 [23:14:57,349] [DEBUG] 使用节点: '传感器状态_上位机[3].NO[8]', NodeId: ns=4;s=上位机通讯|传感器状态_上位机[3].NO[8] [use_node:345] [unilabos.utils.log.post_process]
26-07-30 [23:14:57,350] [TRACE] [/devices/szlab_poly_plc] 动作 _execute_driver_command 完成并返回结果 [execute_callback:2364] [unilabos.ros.nodes.base_device_node]
26-07-30 [23:14:57,382] [DEBUG] [/devices/szlab_mixer_pump] [call_device_action] -> /devices/szlab_poly_plc/_execute_driver_command, args={'node_name': 'S06允许加工', 'use_cache': True} [call_device_action:1649] [unilabos.ros.nodes.base_device_node]
26-07-30 [23:14:57,384] [DEBUG] [/devices/szlab_poly_plc] 任务 _execute_driver_command 接收到原始目标: {'string': '{"function_name": "read_variable", "function_args": {"node_name": "S06允许加工", "use_cache": true}, "unilabos_param": {"sample_uuids": {}}}'} [execute_callback:2086] [unilabos.ros.nodes.base_device_node]
26-07-30 [23:14:57,385] [TRACE] [/devices/szlab_poly_plc] 任务 _execute_driver_command 接收到原始目标: {'string': '{"function_name": "read_variable", "function_args": {"node_name": "S06允许加工", "use_cache": true}, "unilabos_param": {"sample_uuids": {}}}'} [execute_callback:2087] [unilabos.ros.nodes.base_device_node]
26-07-30 [23:14:57,385] [TRACE] [/devices/szlab_poly_plc] 同步执行动作 <bound method BaseROS2DeviceNode._execute_driver_command of <unilabos.ros.nodes.base_device_node.BaseROS2DeviceNode object at 0x7eff959f3ad0>> [execute_callback:2188] [unilabos.ros.nodes.base_device_node]
26-07-30 [23:14:57,901] [DEBUG] 使用节点: '传感器状态_上位机[3].NO[9]', NodeId: ns=4;s=上位机通讯|传感器状态_上位机[3].NO[9] [use_node:345] [unilabos.utils.log.post_process]
26-07-30 [23:14:58,437] [DEBUG] 使用节点: '传感器状态_上位机[3].NO[10]', NodeId: ns=4;s=上位机通讯|传感器状态_上位机[3].NO[10] [use_node:345] [unilabos.utils.log.post_process]
26-07-30 [23:14:58,598] [DEBUG] 使用节点: '传感器状态_上位机[3].NO[11]', NodeId: ns=4;s=上位机通讯|传感器状态_上位机[3].NO[11] [use_node:345] [unilabos.utils.log.post_process]
26-07-30 [23:14:58,759] [DEBUG] 使用节点: '传感器状态_上位机[3].NO[12]', NodeId: ns=4;s=上位机通讯|传感器状态_上位机[3].NO[12] [use_node:345] [unilabos.utils.log.post_process]
26-07-30 [23:14:58,920] [DEBUG] 使用节点: '传感器状态_上位机[3].NO[13]', NodeId: ns=4;s=上位机通讯|传感器状态_上位机[3].NO[13] [use_node:345] [unilabos.utils.log.post_process]
26-07-30 [23:14:59,011] [TRACE] [/devices/szlab_s08_cap_station] 【.get_property】获取同步属性: last_s08_status [get_property:371] [unilabos.ros.nodes.base_device_node]
26-07-30 [23:14:59,081] [DEBUG] 使用节点: 'S06允许加工', NodeId: ns=4;s=上位机通讯|S06允许加工 [use_node:345] [unilabos.utils.log.post_process]
26-07-30 [23:14:59,084] [TRACE] [/devices/szlab_poly_plc] 【.get_property】获取同步属性: powder_container_occupied [get_property:371] [unilabos.ros.nodes.base_device_node]
26-07-30 [23:14:59,242] [DEBUG] 使用节点: '传感器状态_上位机[3].NO[8]', NodeId: ns=4;s=上位机通讯|传感器状态_上位机[3].NO[8] [use_node:345] [unilabos.utils.log.post_process]
26-07-30 [23:14:59,244] [TRACE] [/devices/szlab_poly_plc] 动作 _execute_driver_command 完成并返回结果 [execute_callback:2364] [unilabos.ros.nodes.base_device_node]
26-07-30 [23:14:59,286] [DEBUG] [/devices/szlab_mixer_pump] [call_device_action] -> /devices/szlab_poly_plc/_execute_driver_command, args={'node_name': 'S06_1号溶液添加量'} [call_device_action:1649] [unilabos.ros.nodes.base_device_node]
26-07-30 [23:14:59,289] [DEBUG] [/devices/szlab_poly_plc] 任务 _execute_driver_command 接收到原始目标: {'string': '{"function_name": "check_variable_accessible", "function_args": {"node_name": "S06_1号溶液添加量"}, "unilabos_param": {"sample_uuids": {}}}'} [execute_callback:2086] [unilabos.ros.nodes.base_device_node]
26-07-30 [23:14:59,291] [TRACE] [/devices/szlab_poly_plc] 任务 _execute_driver_command 接收到原始目标: {'string': '{"function_name": "check_variable_accessible", "function_args": {"node_name": "S06_1号溶液添加量"}, "unilabos_param": {"sample_uuids": {}}}'} [execute_callback:2087] [unilabos.ros.nodes.base_device_node]
26-07-30 [23:14:59,291] [TRACE] [/devices/szlab_poly_plc] 同步执行动作 <bound method BaseROS2DeviceNode._execute_driver_command of <unilabos.ros.nodes.base_device_node.BaseROS2DeviceNode object at 0x7eff959f3ad0>> [execute_callback:2188] [unilabos.ros.nodes.base_device_node]
26-07-30 [23:14:59,292] [DEBUG] 使用节点: 'S06_1号溶液添加量', NodeId: ns=4;s=上位机通讯|S06_1号溶液添加量 [use_node:345] [unilabos.utils.log.post_process]
26-07-30 [23:14:59,613] [DEBUG] 使用节点: '传感器状态_上位机[3].NO[9]', NodeId: ns=4;s=上位机通讯|传感器状态_上位机[3].NO[9] [use_node:345] [unilabos.utils.log.post_process]
26-07-30 [23:14:59,615] [TRACE] [/devices/szlab_poly_plc] 动作 _execute_driver_command 完成并返回结果 [execute_callback:2364] [unilabos.ros.nodes.base_device_node]
26-07-30 [23:14:59,637] [DEBUG] [/devices/szlab_mixer_pump] [call_device_action] -> /devices/szlab_poly_plc/_execute_driver_command, args={'node_name': 'S06工艺选择', 'value': 1} [call_device_action:1649] [unilabos.ros.nodes.base_device_node]
26-07-30 [23:14:59,641] [DEBUG] [/devices/szlab_poly_plc] 任务 _execute_driver_command 接收到原始目标: {'string': '{"function_name": "write_variable", "function_args": {"node_name": "S06工艺选择", "value": 1}, "unilabos_param": {"sample_uuids": {}}}'} [execute_callback:2086] [unilabos.ros.nodes.base_device_node]
26-07-30 [23:14:59,642] [TRACE] [/devices/szlab_poly_plc] 任务 _execute_driver_command 接收到原始目标: {'string': '{"function_name": "write_variable", "function_args": {"node_name": "S06工艺选择", "value": 1}, "unilabos_param": {"sample_uuids": {}}}'} [execute_callback:2087] [unilabos.ros.nodes.base_device_node]
26-07-30 [23:14:59,643] [TRACE] [/devices/szlab_poly_plc] 同步执行动作 <bound method BaseROS2DeviceNode._execute_driver_command of <unilabos.ros.nodes.base_device_node.BaseROS2DeviceNode object at 0x7eff959f3ad0>> [execute_callback:2188] [unilabos.ros.nodes.base_device_node]
26-07-30 [23:14:59,774] [DEBUG] 使用节点: '传感器状态_上位机[3].NO[10]', NodeId: ns=4;s=上位机通讯|传感器状态_上位机[3].NO[10] [use_node:345] [unilabos.utils.log.post_process]
26-07-30 [23:14:59,935] [DEBUG] 使用节点: '传感器状态_上位机[3].NO[11]', NodeId: ns=4;s=上位机通讯|传感器状态_上位机[3].NO[11] [use_node:345] [unilabos.utils.log.post_process]
26-07-30 [23:15:00,096] [DEBUG] 使用节点: '传感器状态_上位机[3].NO[12]', NodeId: ns=4;s=上位机通讯|传感器状态_上位机[3].NO[12] [use_node:345] [unilabos.utils.log.post_process]
26-07-30 [23:15:00,257] [DEBUG] 使用节点: '传感器状态_上位机[3].NO[13]', NodeId: ns=4;s=上位机通讯|传感器状态_上位机[3].NO[13] [use_node:345] [unilabos.utils.log.post_process]
26-07-30 [23:15:00,419] [DEBUG] 使用节点: 'S06工艺选择', NodeId: ns=4;s=上位机通讯|S06工艺选择 [use_node:345] [unilabos.utils.log.post_process]
26-07-30 [23:15:00,422] [TRACE] [/devices/szlab_poly_plc] 【.get_property】获取同步属性: powder_container_occupied [get_property:371] [unilabos.ros.nodes.base_device_node]
26-07-30 [23:15:00,741] [DEBUG] 使用节点: '传感器状态_上位机[3].NO[8]', NodeId: ns=4;s=上位机通讯|传感器状态_上位机[3].NO[8] [use_node:345] [unilabos.utils.log.post_process]
26-07-30 [23:15:00,743] [TRACE] [/devices/szlab_poly_plc] 动作 _execute_driver_command 完成并返回结果 [execute_callback:2364] [unilabos.ros.nodes.base_device_node]
26-07-30 [23:15:00,790] [DEBUG] [/devices/szlab_mixer_pump] [call_device_action] -> /devices/szlab_poly_plc/_execute_driver_command, args={'node_name': 'S06_1号溶液添加量', 'value': 8} [call_device_action:1649] [unilabos.ros.nodes.base_device_node]
26-07-30 [23:15:00,793] [DEBUG] [/devices/szlab_poly_plc] 任务 _execute_driver_command 接收到原始目标: {'string': '{"function_name": "write_variable", "function_args": {"node_name": "S06_1号溶液添加量", "value": 8}, "unilabos_param": {"sample_uuids": {}}}'} [execute_callback:2086] [unilabos.ros.nodes.base_device_node]
26-07-30 [23:15:00,795] [TRACE] [/devices/szlab_poly_plc] 任务 _execute_driver_command 接收到原始目标: {'string': '{"function_name": "write_variable", "function_args": {"node_name": "S06_1号溶液添加量", "value": 8}, "unilabos_param": {"sample_uuids": {}}}'} [execute_callback:2087] [unilabos.ros.nodes.base_device_node]
26-07-30 [23:15:00,795] [TRACE] [/devices/szlab_poly_plc] 同步执行动作 <bound method BaseROS2DeviceNode._execute_driver_command of <unilabos.ros.nodes.base_device_node.BaseROS2DeviceNode object at 0x7eff959f3ad0>> [execute_callback:2188] [unilabos.ros.nodes.base_device_node]
26-07-30 [23:15:01,011] [TRACE] [/devices/szlab_s08_cap_station] 【.get_property】获取同步属性: last_s08_status [get_property:371] [unilabos.ros.nodes.base_device_node]
26-07-30 [23:15:01,285] [DEBUG] 使用节点: '传感器状态_上位机[3].NO[9]', NodeId: ns=4;s=上位机通讯|传感器状态_上位机[3].NO[9] [use_node:345] [unilabos.utils.log.post_process]
26-07-30 [23:15:01,838] [DEBUG] 使用节点: '传感器状态_上位机[3].NO[10]', NodeId: ns=4;s=上位机通讯|传感器状态_上位机[3].NO[10] [use_node:345] [unilabos.utils.log.post_process]
26-07-30 [23:15:01,973] [TRACE] [/devices/szlab_mixer_stirrer] 【.get_property】获取同步属性: status [get_property:371] [unilabos.ros.nodes.base_device_node]
26-07-30 [23:15:01,981] [TRACE] [/devices/szlab_mixer_photoshotting] 【.get_property】获取同步属性: last_photo_path [get_property:371] [unilabos.ros.nodes.base_device_node]
26-07-30 [23:15:01,982] [TRACE] [/devices/szlab_mixer_photoshotting] 【.get_property】获取同步属性: last_result [get_property:371] [unilabos.ros.nodes.base_device_node]
26-07-30 [23:15:01,984] [TRACE] [/devices/szlab_mixer_photoshotting] 【.get_property】获取同步属性: status [get_property:371] [unilabos.ros.nodes.base_device_node]
26-07-30 [23:15:01,990] [TRACE] [/devices/szlab_mixer_pump] 【.get_property】获取同步属性: status [get_property:371] [unilabos.ros.nodes.base_device_node]
26-07-30 [23:15:01,999] [DEBUG] 使用节点: '传感器状态_上位机[3].NO[11]', NodeId: ns=4;s=上位机通讯|传感器状态_上位机[3].NO[11] [use_node:345] [unilabos.utils.log.post_process]
26-07-30 [23:15:02,022] [TRACE] [/devices/szlab_mixer_pipetting_station] 【.get_property】获取同步属性: status [get_property:371] [unilabos.ros.nodes.base_device_node]
26-07-30 [23:15:02,160] [DEBUG] 使用节点: '传感器状态_上位机[3].NO[12]', NodeId: ns=4;s=上位机通讯|传感器状态_上位机[3].NO[12] [use_node:345] [unilabos.utils.log.post_process]
26-07-30 [23:15:02,321] [DEBUG] 使用节点: '传感器状态_上位机[3].NO[13]', NodeId: ns=4;s=上位机通讯|传感器状态_上位机[3].NO[13] [use_node:345] [unilabos.utils.log.post_process]
26-07-30 [23:15:02,483] [DEBUG] 使用节点: 'S06_1号溶液添加量', NodeId: ns=4;s=上位机通讯|S06_1号溶液添加量 [use_node:345] [unilabos.utils.log.post_process]
26-07-30 [23:15:02,486] [TRACE] [/devices/szlab_poly_plc] 【.get_property】获取同步属性: powder_container_occupied [get_property:371] [unilabos.ros.nodes.base_device_node]
26-07-30 [23:15:02,805] [DEBUG] 使用节点: '传感器状态_上位机[3].NO[8]', NodeId: ns=4;s=上位机通讯|传感器状态_上位机[3].NO[8] [use_node:345] [unilabos.utils.log.post_process]
26-07-30 [23:15:02,807] [TRACE] [/devices/szlab_poly_plc] 动作 _execute_driver_command 完成并返回结果 [execute_callback:2364] [unilabos.ros.nodes.base_device_node]
26-07-30 [23:15:02,844] [DEBUG] [/devices/szlab_mixer_pump] [call_device_action] -> /devices/szlab_poly_plc/_execute_driver_command, args={'node_name': 'S06参数写入完成', 'value': True} [call_device_action:1649] [unilabos.ros.nodes.base_device_node]
26-07-30 [23:15:02,847] [DEBUG] [/devices/szlab_poly_plc] 任务 _execute_driver_command 接收到原始目标: {'string': '{"function_name": "write_variable", "function_args": {"node_name": "S06参数写入完成", "value": true}, "unilabos_param": {"sample_uuids": {}}}'} [execute_callback:2086] [unilabos.ros.nodes.base_device_node]
26-07-30 [23:15:02,849] [TRACE] [/devices/szlab_poly_plc] 任务 _execute_driver_command 接收到原始目标: {'string': '{"function_name": "write_variable", "function_args": {"node_name": "S06参数写入完成", "value": true}, "unilabos_param": {"sample_uuids": {}}}'} [execute_callback:2087] [unilabos.ros.nodes.base_device_node]
26-07-30 [23:15:02,849] [TRACE] [/devices/szlab_poly_plc] 同步执行动作 <bound method BaseROS2DeviceNode._execute_driver_command of <unilabos.ros.nodes.base_device_node.BaseROS2DeviceNode object at 0x7eff959f3ad0>> [execute_callback:2188] [unilabos.ros.nodes.base_device_node]
26-07-30 [23:15:02,967] [DEBUG] 使用节点: '传感器状态_上位机[3].NO[9]', NodeId: ns=4;s=上位机通讯|传感器状态_上位机[3].NO[9] [use_node:345] [unilabos.utils.log.post_process]
26-07-30 [23:15:03,011] [TRACE] [/devices/szlab_s08_cap_station] 【.get_property】获取同步属性: last_s08_status [get_property:371] [unilabos.ros.nodes.base_device_node]
26-07-30 [23:15:03,128] [DEBUG] 使用节点: '传感器状态_上位机[3].NO[10]', NodeId: ns=4;s=上位机通讯|传感器状态_上位机[3].NO[10] [use_node:345] [unilabos.utils.log.post_process]
26-07-30 [23:15:03,289] [DEBUG] 使用节点: '传感器状态_上位机[3].NO[11]', NodeId: ns=4;s=上位机通讯|传感器状态_上位机[3].NO[11] [use_node:345] [unilabos.utils.log.post_process]
26-07-30 [23:15:03,450] [DEBUG] 使用节点: '传感器状态_上位机[3].NO[12]', NodeId: ns=4;s=上位机通讯|传感器状态_上位机[3].NO[12] [use_node:345] [unilabos.utils.log.post_process]
26-07-30 [23:15:03,611] [DEBUG] 使用节点: '传感器状态_上位机[3].NO[13]', NodeId: ns=4;s=上位机通讯|传感器状态_上位机[3].NO[13] [use_node:345] [unilabos.utils.log.post_process]
26-07-30 [23:15:03,773] [DEBUG] 使用节点: 'S06参数写入完成', NodeId: ns=4;s=上位机通讯|S06参数写入完成 [use_node:345] [unilabos.utils.log.post_process]
26-07-30 [23:15:03,776] [TRACE] [/devices/szlab_poly_plc] 【.get_property】获取同步属性: powder_container_occupied [get_property:371] [unilabos.ros.nodes.base_device_node]
26-07-30 [23:15:04,095] [DEBUG] 使用节点: '传感器状态_上位机[3].NO[8]', NodeId: ns=4;s=上位机通讯|传感器状态_上位机[3].NO[8] [use_node:345] [unilabos.utils.log.post_process]
26-07-30 [23:15:04,097] [TRACE] [/devices/szlab_poly_plc] 动作 _execute_driver_command 完成并返回结果 [execute_callback:2364] [unilabos.ros.nodes.base_device_node]
26-07-30 [23:15:04,147] [DEBUG] [/devices/szlab_mixer_pump] [call_device_action] -> /devices/szlab_poly_plc/_execute_driver_command, args={'node_name': 'S06加工完成', 'timeout': 300.0, 'interval': 0.2} [call_device_action:1649] [unilabos.ros.nodes.base_device_node]
26-07-30 [23:15:04,150] [DEBUG] [/devices/szlab_poly_plc] 任务 _execute_driver_command 接收到原始目标: {'string': '{"function_name": "wait_new_cycle_done", "function_args": {"node_name": "S06加工完成", "timeout": 300.0, "interval": 0.2}, "unilabos_param": {"sample_uuids": {}}}'} [execute_callback:2086] [unilabos.ros.nodes.base_device_node]
26-07-30 [23:15:04,150] [TRACE] [/devices/szlab_poly_plc] 任务 _execute_driver_command 接收到原始目标: {'string': '{"function_name": "wait_new_cycle_done", "function_args": {"node_name": "S06加工完成", "timeout": 300.0, "interval": 0.2}, "unilabos_param": {"sample_uuids": {}}}'} [execute_callback:2087] [unilabos.ros.nodes.base_device_node]
26-07-30 [23:15:04,150] [TRACE] [/devices/szlab_poly_plc] 同步执行动作 <bound method BaseROS2DeviceNode._execute_driver_command of <unilabos.ros.nodes.base_device_node.BaseROS2DeviceNode object at 0x7eff959f3ad0>> [execute_callback:2188] [unilabos.ros.nodes.base_device_node]
26-07-30 [23:15:04,257] [DEBUG] 使用节点: '传感器状态_上位机[3].NO[9]', NodeId: ns=4;s=上位机通讯|传感器状态_上位机[3].NO[9] [use_node:345] [unilabos.utils.log.post_process]
26-07-30 [23:15:04,418] [DEBUG] 使用节点: '传感器状态_上位机[3].NO[10]', NodeId: ns=4;s=上位机通讯|传感器状态_上位机[3].NO[10] [use_node:345] [unilabos.utils.log.post_process]
26-07-30 [23:15:04,965] [DEBUG] 使用节点: '传感器状态_上位机[3].NO[11]', NodeId: ns=4;s=上位机通讯|传感器状态_上位机[3].NO[11] [use_node:345] [unilabos.utils.log.post_process]
26-07-30 [23:15:05,011] [TRACE] [/devices/szlab_s08_cap_station] 【.get_property】获取同步属性: last_s08_status [get_property:371] [unilabos.ros.nodes.base_device_node]
26-07-30 [23:15:05,126] [DEBUG] 使用节点: '传感器状态_上位机[3].NO[12]', NodeId: ns=4;s=上位机通讯|传感器状态_上位机[3].NO[12] [use_node:345] [unilabos.utils.log.post_process]
26-07-30 [23:15:05,287] [DEBUG] 使用节点: '传感器状态_上位机[3].NO[13]', NodeId: ns=4;s=上位机通讯|传感器状态_上位机[3].NO[13] [use_node:345] [unilabos.utils.log.post_process]
26-07-30 [23:15:05,829] [DEBUG] 使用节点: 'S06加工完成', NodeId: ns=4;s=上位机通讯|S06加工完成 [use_node:345] [unilabos.utils.log.post_process]
26-07-30 [23:15:05,832] [TRACE] [/devices/szlab_poly_plc] 【.get_property】获取同步属性: powder_container_occupied [get_property:371] [unilabos.ros.nodes.base_device_node]
26-07-30 [23:15:05,990] [DEBUG] 使用节点: '传感器状态_上位机[3].NO[8]', NodeId: ns=4;s=上位机通讯|传感器状态_上位机[3].NO[8] [use_node:345] [unilabos.utils.log.post_process]
26-07-30 [23:15:06,151] [DEBUG] 使用节点: '传感器状态_上位机[3].NO[9]', NodeId: ns=4;s=上位机通讯|传感器状态_上位机[3].NO[9] [use_node:345] [unilabos.utils.log.post_process]
26-07-30 [23:15:06,312] [DEBUG] 使用节点: '传感器状态_上位机[3].NO[10]', NodeId: ns=4;s=上位机通讯|传感器状态_上位机[3].NO[10] [use_node:345] [unilabos.utils.log.post_process]
26-07-30 [23:15:06,473] [DEBUG] 使用节点: '传感器状态_上位机[3].NO[11]', NodeId: ns=4;s=上位机通讯|传感器状态_上位机[3].NO[11] [use_node:345] [unilabos.utils.log.post_process]
26-07-30 [23:15:06,634] [DEBUG] 使用节点: '传感器状态_上位机[3].NO[12]', NodeId: ns=4;s=上位机通讯|传感器状态_上位机[3].NO[12] [use_node:345] [unilabos.utils.log.post_process]
26-07-30 [23:15:06,795] [DEBUG] 使用节点: '传感器状态_上位机[3].NO[13]', NodeId: ns=4;s=上位机通讯|传感器状态_上位机[3].NO[13] [use_node:345] [unilabos.utils.log.post_process]
26-07-30 [23:15:06,957] [DEBUG] 使用节点: 'S06加工完成', NodeId: ns=4;s=上位机通讯|S06加工完成 [use_node:345] [unilabos.utils.log.post_process]
26-07-30 [23:15:06,960] [TRACE] [/devices/szlab_poly_plc] 【.get_property】获取同步属性: powder_container_occupied [get_property:371] [unilabos.ros.nodes.base_device_node]
26-07-30 [23:15:06,973] [TRACE] [/devices/szlab_mixer_stirrer] 【.get_property】获取同步属性: status [get_property:371] [unilabos.ros.nodes.base_device_node]
26-07-30 [23:15:06,981] [TRACE] [/devices/szlab_mixer_photoshotting] 【.get_property】获取同步属性: last_photo_path [get_property:371] [unilabos.ros.nodes.base_device_node]
26-07-30 [23:15:06,982] [TRACE] [/devices/szlab_mixer_photoshotting] 【.get_property】获取同步属性: last_result [get_property:371] [unilabos.ros.nodes.base_device_node]
26-07-30 [23:15:06,984] [TRACE] [/devices/szlab_mixer_photoshotting] 【.get_property】获取同步属性: status [get_property:371] [unilabos.ros.nodes.base_device_node]
26-07-30 [23:15:06,990] [TRACE] [/devices/szlab_mixer_pump] 【.get_property】获取同步属性: status [get_property:371] [unilabos.ros.nodes.base_device_node]
26-07-30 [23:15:07,011] [TRACE] [/devices/szlab_s08_cap_station] 【.get_property】获取同步属性: last_s08_status [get_property:371] [unilabos.ros.nodes.base_device_node]
26-07-30 [23:15:07,022] [TRACE] [/devices/szlab_mixer_pipetting_station] 【.get_property】获取同步属性: status [get_property:371] [unilabos.ros.nodes.base_device_node]
26-07-30 [23:15:07,118] [DEBUG] 使用节点: '传感器状态_上位机[3].NO[8]', NodeId: ns=4;s=上位机通讯|传感器状态_上位机[3].NO[8] [use_node:345] [unilabos.utils.log.post_process]
26-07-30 [23:15:07,119] [TRACE] [/devices/szlab_poly_plc] 动作 _execute_driver_command 完成并返回结果 [execute_callback:2364] [unilabos.ros.nodes.base_device_node]
26-07-30 [23:15:07,153] [DEBUG] [/devices/szlab_mixer_pump] [call_device_action] -> /devices/szlab_poly_plc/_execute_driver_command, args={'node_name': 'S06参数写入完成', 'value': False} [call_device_action:1649] [unilabos.ros.nodes.base_device_node]
26-07-30 [23:15:07,155] [DEBUG] [/devices/szlab_poly_plc] 任务 _execute_driver_command 接收到原始目标: {'string': '{"function_name": "write_variable", "function_args": {"node_name": "S06参数写入完成", "value": false}, "unilabos_param": {"sample_uuids": {}}}'} [execute_callback:2086] [unilabos.ros.nodes.base_device_node]
26-07-30 [23:15:07,157] [TRACE] [/devices/szlab_poly_plc] 任务 _execute_driver_command 接收到原始目标: {'string': '{"function_name": "write_variable", "function_args": {"node_name": "S06参数写入完成", "value": false}, "unilabos_param": {"sample_uuids": {}}}'} [execute_callback:2087] [unilabos.ros.nodes.base_device_node]
26-07-30 [23:15:07,158] [TRACE] [/devices/szlab_poly_plc] 同步执行动作 <bound method BaseROS2DeviceNode._execute_driver_command of <unilabos.ros.nodes.base_device_node.BaseROS2DeviceNode object at 0x7eff959f3ad0>> [execute_callback:2188] [unilabos.ros.nodes.base_device_node]
26-07-30 [23:15:07,279] [DEBUG] 使用节点: '传感器状态_上位机[3].NO[9]', NodeId: ns=4;s=上位机通讯|传感器状态_上位机[3].NO[9] [use_node:345] [unilabos.utils.log.post_process]
26-07-30 [23:15:07,440] [DEBUG] 使用节点: '传感器状态_上位机[3].NO[10]', NodeId: ns=4;s=上位机通讯|传感器状态_上位机[3].NO[10] [use_node:345] [unilabos.utils.log.post_process]
26-07-30 [23:15:07,601] [DEBUG] 使用节点: '传感器状态_上位机[3].NO[11]', NodeId: ns=4;s=上位机通讯|传感器状态_上位机[3].NO[11] [use_node:345] [unilabos.utils.log.post_process]
26-07-30 [23:15:08,517] [DEBUG] 使用节点: '传感器状态_上位机[3].NO[12]', NodeId: ns=4;s=上位机通讯|传感器状态_上位机[3].NO[12] [use_node:345] [unilabos.utils.log.post_process]
26-07-30 [23:15:08,678] [DEBUG] 使用节点: '传感器状态_上位机[3].NO[13]', NodeId: ns=4;s=上位机通讯|传感器状态_上位机[3].NO[13] [use_node:345] [unilabos.utils.log.post_process]
26-07-30 [23:15:08,839] [DEBUG] 使用节点: 'S06参数写入完成', NodeId: ns=4;s=上位机通讯|S06参数写入完成 [use_node:345] [unilabos.utils.log.post_process]
26-07-30 [23:15:08,842] [TRACE] [/devices/szlab_poly_plc] 【.get_property】获取同步属性: powder_container_occupied [get_property:371] [unilabos.ros.nodes.base_device_node]
26-07-30 [23:15:09,011] [TRACE] [/devices/szlab_s08_cap_station] 【.get_property】获取同步属性: last_s08_status [get_property:371] [unilabos.ros.nodes.base_device_node]
26-07-30 [23:15:09,162] [DEBUG] 使用节点: '传感器状态_上位机[3].NO[8]', NodeId: ns=4;s=上位机通讯|传感器状态_上位机[3].NO[8] [use_node:345] [unilabos.utils.log.post_process]
26-07-30 [23:15:09,163] [TRACE] [/devices/szlab_poly_plc] 动作 _execute_driver_command 完成并返回结果 [execute_callback:2364] [unilabos.ros.nodes.base_device_node]
26-07-30 [23:15:09,206] [DEBUG] [/devices/szlab_mixer_pump] [call_device_action] -> /devices/szlab_poly_plc/_execute_driver_command, args={'node_name': 'S06工艺选择', 'value': 0} [call_device_action:1649] [unilabos.ros.nodes.base_device_node]
26-07-30 [23:15:09,209] [DEBUG] [/devices/szlab_poly_plc] 任务 _execute_driver_command 接收到原始目标: {'string': '{"function_name": "write_variable", "function_args": {"node_name": "S06工艺选择", "value": 0}, "unilabos_param": {"sample_uuids": {}}}'} [execute_callback:2086] [unilabos.ros.nodes.base_device_node]
26-07-30 [23:15:09,210] [TRACE] [/devices/szlab_poly_plc] 任务 _execute_driver_command 接收到原始目标: {'string': '{"function_name": "write_variable", "function_args": {"node_name": "S06工艺选择", "value": 0}, "unilabos_param": {"sample_uuids": {}}}'} [execute_callback:2087] [unilabos.ros.nodes.base_device_node]
26-07-30 [23:15:09,210] [TRACE] [/devices/szlab_poly_plc] 同步执行动作 <bound method BaseROS2DeviceNode._execute_driver_command of <unilabos.ros.nodes.base_device_node.BaseROS2DeviceNode object at 0x7eff959f3ad0>> [execute_callback:2188] [unilabos.ros.nodes.base_device_node]
26-07-30 [23:15:09,323] [DEBUG] 使用节点: '传感器状态_上位机[3].NO[9]', NodeId: ns=4;s=上位机通讯|传感器状态_上位机[3].NO[9] [use_node:345] [unilabos.utils.log.post_process]
26-07-30 [23:15:09,861] [DEBUG] 使用节点: '传感器状态_上位机[3].NO[10]', NodeId: ns=4;s=上位机通讯|传感器状态_上位机[3].NO[10] [use_node:345] [unilabos.utils.log.post_process]
26-07-30 [23:15:10,022] [DEBUG] 使用节点: '传感器状态_上位机[3].NO[11]', NodeId: ns=4;s=上位机通讯|传感器状态_上位机[3].NO[11] [use_node:345] [unilabos.utils.log.post_process]
26-07-30 [23:15:10,184] [DEBUG] 使用节点: '传感器状态_上位机[3].NO[12]', NodeId: ns=4;s=上位机通讯|传感器状态_上位机[3].NO[12] [use_node:345] [unilabos.utils.log.post_process]
26-07-30 [23:15:10,345] [DEBUG] 使用节点: '传感器状态_上位机[3].NO[13]', NodeId: ns=4;s=上位机通讯|传感器状态_上位机[3].NO[13] [use_node:345] [unilabos.utils.log.post_process]
26-07-30 [23:15:10,506] [DEBUG] 使用节点: 'S06工艺选择', NodeId: ns=4;s=上位机通讯|S06工艺选择 [use_node:345] [unilabos.utils.log.post_process]
26-07-30 [23:15:10,509] [TRACE] [/devices/szlab_poly_plc] 【.get_property】获取同步属性: powder_container_occupied [get_property:371] [unilabos.ros.nodes.base_device_node]
26-07-30 [23:15:10,829] [DEBUG] 使用节点: '传感器状态_上位机[3].NO[8]', NodeId: ns=4;s=上位机通讯|传感器状态_上位机[3].NO[8] [use_node:345] [unilabos.utils.log.post_process]
26-07-30 [23:15:10,831] [TRACE] [/devices/szlab_poly_plc] 动作 _execute_driver_command 完成并返回结果 [execute_callback:2364] [unilabos.ros.nodes.base_device_node]
26-07-30 [23:15:10,860] [DEBUG] [/devices/szlab_mixer_pump] [call_device_action] -> /devices/szlab_poly_plc/_execute_driver_command, args={'node_name': 'S06_1号溶液添加量', 'value': 0} [call_device_action:1649] [unilabos.ros.nodes.base_device_node]
26-07-30 [23:15:10,863] [DEBUG] [/devices/szlab_poly_plc] 任务 _execute_driver_command 接收到原始目标: {'string': '{"function_name": "write_variable", "function_args": {"node_name": "S06_1号溶液添加量", "value": 0}, "unilabos_param": {"sample_uuids": {}}}'} [execute_callback:2086] [unilabos.ros.nodes.base_device_node]
26-07-30 [23:15:10,865] [TRACE] [/devices/szlab_poly_plc] 任务 _execute_driver_command 接收到原始目标: {'string': '{"function_name": "write_variable", "function_args": {"node_name": "S06_1号溶液添加量", "value": 0}, "unilabos_param": {"sample_uuids": {}}}'} [execute_callback:2087] [unilabos.ros.nodes.base_device_node]
26-07-30 [23:15:10,866] [TRACE] [/devices/szlab_poly_plc] 同步执行动作 <bound method BaseROS2DeviceNode._execute_driver_command of <unilabos.ros.nodes.base_device_node.BaseROS2DeviceNode object at 0x7eff959f3ad0>> [execute_callback:2188] [unilabos.ros.nodes.base_device_node]
26-07-30 [23:15:10,991] [DEBUG] 使用节点: '传感器状态_上位机[3].NO[9]', NodeId: ns=4;s=上位机通讯|传感器状态_上位机[3].NO[9] [use_node:345] [unilabos.utils.log.post_process]
26-07-30 [23:15:11,011] [TRACE] [/devices/szlab_s08_cap_station] 【.get_property】获取同步属性: last_s08_status [get_property:371] [unilabos.ros.nodes.base_device_node]
26-07-30 [23:15:11,152] [DEBUG] 使用节点: '传感器状态_上位机[3].NO[10]', NodeId: ns=4;s=上位机通讯|传感器状态_上位机[3].NO[10] [use_node:345] [unilabos.utils.log.post_process]
26-07-30 [23:15:11,312] [DEBUG] 使用节点: '传感器状态_上位机[3].NO[11]', NodeId: ns=4;s=上位机通讯|传感器状态_上位机[3].NO[11] [use_node:345] [unilabos.utils.log.post_process]
26-07-30 [23:15:11,474] [DEBUG] 使用节点: '传感器状态_上位机[3].NO[12]', NodeId: ns=4;s=上位机通讯|传感器状态_上位机[3].NO[12] [use_node:345] [unilabos.utils.log.post_process]
26-07-30 [23:15:11,635] [DEBUG] 使用节点: '传感器状态_上位机[3].NO[13]', NodeId: ns=4;s=上位机通讯|传感器状态_上位机[3].NO[13] [use_node:345] [unilabos.utils.log.post_process]
26-07-30 [23:15:11,973] [TRACE] [/devices/szlab_mixer_stirrer] 【.get_property】获取同步属性: status [get_property:371] [unilabos.ros.nodes.base_device_node]
26-07-30 [23:15:11,981] [TRACE] [/devices/szlab_mixer_photoshotting] 【.get_property】获取同步属性: last_photo_path [get_property:371] [unilabos.ros.nodes.base_device_node]
26-07-30 [23:15:11,982] [TRACE] [/devices/szlab_mixer_photoshotting] 【.get_property】获取同步属性: last_result [get_property:371] [unilabos.ros.nodes.base_device_node]
26-07-30 [23:15:11,984] [TRACE] [/devices/szlab_mixer_photoshotting] 【.get_property】获取同步属性: status [get_property:371] [unilabos.ros.nodes.base_device_node]
26-07-30 [23:15:11,990] [TRACE] [/devices/szlab_mixer_pump] 【.get_property】获取同步属性: status [get_property:371] [unilabos.ros.nodes.base_device_node]
26-07-30 [23:15:12,022] [TRACE] [/devices/szlab_mixer_pipetting_station] 【.get_property】获取同步属性: status [get_property:371] [unilabos.ros.nodes.base_device_node]
26-07-30 [23:15:12,035] [TRACE] [/devices/host_node] [Host Node] Discovering devices in the network... [_discover_devices:472] [unilabos.ros.nodes.presets.host_node]
26-07-30 [23:15:12,035] [TRACE] [/devices/host_node] [Host Node] Total online devices: 9 [_discover_devices:525] [unilabos.ros.nodes.presets.host_node]
26-07-30 [23:15:12,549] [DEBUG] 使用节点: 'S06_1号溶液添加量', NodeId: ns=4;s=上位机通讯|S06_1号溶液添加量 [use_node:345] [unilabos.utils.log.post_process]
26-07-30 [23:15:12,552] [TRACE] [/devices/szlab_poly_plc] 【.get_property】获取同步属性: powder_container_occupied [get_property:371] [unilabos.ros.nodes.base_device_node]
26-07-30 [23:15:12,871] [DEBUG] 使用节点: '传感器状态_上位机[3].NO[8]', NodeId: ns=4;s=上位机通讯|传感器状态_上位机[3].NO[8] [use_node:345] [unilabos.utils.log.post_process]
26-07-30 [23:15:12,872] [TRACE] [/devices/szlab_poly_plc] 动作 _execute_driver_command 完成并返回结果 [execute_callback:2364] [unilabos.ros.nodes.base_device_node]
26-07-30 [23:15:12,915] [TRACE] [/devices/szlab_mixer_pump] 动作 _execute_driver_command 完成并返回结果 [execute_callback:2364] [unilabos.ros.nodes.base_device_node]
26-07-30 [23:15:12,919] [INFO] [/devices/host_node] [Host Node] Result for /devices/szlab_mixer_pump/_execute_driver_command (szlab_mi): success [get_result_callback:1174] [unilabos.ros.nodes.presets.host_node]
26-07-30 [23:15:12,919] [TRACE] [/devices/host_node] [Host Node] Result data: {'return_info': '{"error": "", "suc": true, "return_value": {"success": true, "message": "S06 泵 1 加液流程完成", "data": {"pump": 1, "volume": 8, "volume_pump_1": 0, "volume_pump_2": 0}, "steps": [{"step": "写入溶液添加量并启动 S06", "success": true, "message": "S06 工艺 1 溶液添加完成", "data": {"process": 1, "volume": 8, "volume_pump_1": 0, "volume_pump_2": 0, "amount_values": {"S06_1号溶液添加量": 8}}}, {"step": "机械臂至磁搅", "success": true, "message": "已跳过机械臂搬运", "skipped": true}]}}', 'success': True} [get_result_callback:1176] [unilabos.ros.nodes.presets.host_node]
26-07-30 [23:15:12,919] [TRACE] [/devices/host_node] [Host Node] Removed goal szlab_mi from _goals [get_result_callback:1181] [unilabos.ros.nodes.presets.host_node]
26-07-30 [23:15:12,919] [TRACE] [JobResultStore] Stored result for job szlab_mi, status=4 [trace:478] [unilabos.utils.log.log]
26-07-30 [23:15:13,011] [TRACE] [/devices/szlab_s08_cap_station] 【.get_property】获取同步属性: last_s08_status [get_property:371] [unilabos.ros.nodes.base_device_node]
26-07-30 [23:15:14,537] [DEBUG] 使用节点: '传感器状态_上位机[3].NO[9]', NodeId: ns=4;s=上位机通讯|传感器状态_上位机[3].NO[9] [use_node:345] [unilabos.utils.log.post_process]
26-07-30 [23:15:14,698] [DEBUG] 使用节点: '传感器状态_上位机[3].NO[10]', NodeId: ns=4;s=上位机通讯|传感器状态_上位机[3].NO[10] [use_node:345] [unilabos.utils.log.post_process]
26-07-30 [23:15:15,011] [TRACE] [/devices/szlab_s08_cap_station] 【.get_property】获取同步属性: last_s08_status [get_property:371] [unilabos.ros.nodes.base_device_node]
26-07-30 [23:15:15,237] [DEBUG] 使用节点: '传感器状态_上位机[3].NO[11]', NodeId: ns=4;s=上位机通讯|传感器状态_上位机[3].NO[11] [use_node:345] [unilabos.utils.log.post_process]
26-07-30 [23:15:15,789] [DEBUG] 使用节点: '传感器状态_上位机[3].NO[12]', NodeId: ns=4;s=上位机通讯|传感器状态_上位机[3].NO[12] [use_node:345] [unilabos.utils.log.post_process]
26-07-30 [23:15:15,950] [DEBUG] 使用节点: '传感器状态_上位机[3].NO[13]', NodeId: ns=4;s=上位机通讯|传感器状态_上位机[3].NO[13] [use_node:345] [unilabos.utils.log.post_process]
26-07-30 [23:15:16,114] [TRACE] [/devices/szlab_poly_plc] 【.get_property】获取同步属性: powder_container_occupied [get_property:371] [unilabos.ros.nodes.base_device_node]
26-07-30 [23:15:16,114] [DEBUG] 使用节点: '传感器状态_上位机[3].NO[8]', NodeId: ns=4;s=上位机通讯|传感器状态_上位机[3].NO[8] [use_node:345] [unilabos.utils.log.post_process]
26-07-30 [23:15:16,274] [DEBUG] 使用节点: '传感器状态_上位机[3].NO[9]', NodeId: ns=4;s=上位机通讯|传感器状态_上位机[3].NO[9] [use_node:345] [unilabos.utils.log.post_process]
26-07-30 [23:15:16,436] [DEBUG] 使用节点: '传感器状态_上位机[3].NO[10]', NodeId: ns=4;s=上位机通讯|传感器状态_上位机[3].NO[10] [use_node:345] [unilabos.utils.log.post_process]
26-07-30 [23:15:16,965] [DEBUG] 使用节点: '传感器状态_上位机[3].NO[11]', NodeId: ns=4;s=上位机通讯|传感器状态_上位机[3].NO[11] [use_node:345] [unilabos.utils.log.post_process]
26-07-30 [23:15:16,973] [TRACE] [/devices/szlab_mixer_stirrer] 【.get_property】获取同步属性: status [get_property:371] [unilabos.ros.nodes.base_device_node]
26-07-30 [23:15:16,981] [TRACE] [/devices/szlab_mixer_photoshotting] 【.get_property】获取同步属性: last_photo_path [get_property:371] [unilabos.ros.nodes.base_device_node]
26-07-30 [23:15:16,982] [TRACE] [/devices/szlab_mixer_photoshotting] 【.get_property】获取同步属性: last_result [get_property:371] [unilabos.ros.nodes.base_device_node]
26-07-30 [23:15:16,983] [TRACE] [/devices/szlab_mixer_photoshotting] 【.get_property】获取同步属性: status [get_property:371] [unilabos.ros.nodes.base_device_node]
26-07-30 [23:15:16,990] [TRACE] [/devices/szlab_mixer_pump] 【.get_property】获取同步属性: status [get_property:371] [unilabos.ros.nodes.base_device_node]
26-07-30 [23:15:16,992] [TRACE] [/devices/host_node] Status updated: szlab_mixer_pump.status = Idle [property_callback:886] [unilabos.ros.nodes.presets.host_node]
26-07-30 [23:15:17,011] [TRACE] [/devices/szlab_s08_cap_station] 【.get_property】获取同步属性: last_s08_status [get_property:371] [unilabos.ros.nodes.base_device_node]
26-07-30 [23:15:17,022] [TRACE] [/devices/szlab_mixer_pipetting_station] 【.get_property】获取同步属性: status [get_property:371] [unilabos.ros.nodes.base_device_node]
26-07-30 [23:15:17,126] [DEBUG] 使用节点: '传感器状态_上位机[3].NO[12]', NodeId: ns=4;s=上位机通讯|传感器状态_上位机[3].NO[12] [use_node:345] [unilabos.utils.log.post_process]
26-07-30 [23:15:17,287] [DEBUG] 使用节点: '传感器状态_上位机[3].NO[13]', NodeId: ns=4;s=上位机通讯|传感器状态_上位机[3].NO[13] [use_node:345] [unilabos.utils.log.post_process]
26-07-30 [23:15:17,450] [TRACE] [/devices/szlab_poly_plc] 【.get_property】获取同步属性: powder_container_occupied [get_property:371] [unilabos.ros.nodes.base_device_node]
26-07-30 [23:15:17,451] [DEBUG] 使用节点: '传感器状态_上位机[3].NO[8]', NodeId: ns=4;s=上位机通讯|传感器状态_上位机[3].NO[8] [use_node:345] [unilabos.utils.log.post_process]
26-07-30 [23:15:17,612] [DEBUG] 使用节点: '传感器状态_上位机[3].NO[9]', NodeId: ns=4;s=上位机通讯|传感器状态_上位机[3].NO[9] [use_node:345] [unilabos.utils.log.post_process]
26-07-30 [23:15:17,773] [DEBUG] 使用节点: '传感器状态_上位机[3].NO[10]', NodeId: ns=4;s=上位机通讯|传感器状态_上位机[3].NO[10] [use_node:345] [unilabos.utils.log.post_process]
26-07-30 [23:15:17,934] [DEBUG] 使用节点: '传感器状态_上位机[3].NO[11]', NodeId: ns=4;s=上位机通讯|传感器状态_上位机[3].NO[11] [use_node:345] [unilabos.utils.log.post_process]
26-07-30 [23:15:18,096] [DEBUG] 使用节点: '传感器状态_上位机[3].NO[12]', NodeId: ns=4;s=上位机通讯|传感器状态_上位机[3].NO[12] [use_node:345] [unilabos.utils.log.post_process]
26-07-30 [23:15:18,257] [DEBUG] 使用节点: '传感器状态_上位机[3].NO[13]', NodeId: ns=4;s=上位机通讯|传感器状态_上位机[3].NO[13] [use_node:345] [unilabos.utils.log.post_process]
26-07-30 [23:15:18,421] [TRACE] [/devices/szlab_poly_plc] 【.get_property】获取同步属性: powder_container_occupied [get_property:371] [unilabos.ros.nodes.base_device_node]
26-07-30 [23:15:18,421] [DEBUG] 使用节点: '传感器状态_上位机[3].NO[8]', NodeId: ns=4;s=上位机通讯|传感器状态_上位机[3].NO[8] [use_node:345] [unilabos.utils.log.post_process]
26-07-30 [23:15:18,582] [DEBUG] 使用节点: '传感器状态_上位机[3].NO[9]', NodeId: ns=4;s=上位机通讯|传感器状态_上位机[3].NO[9] [use_node:345] [unilabos.utils.log.post_process]
26-07-30 [23:15:18,743] [DEBUG] 使用节点: '传感器状态_上位机[3].NO[10]', NodeId: ns=4;s=上位机通讯|传感器状态_上位机[3].NO[10] [use_node:345] [unilabos.utils.log.post_process]
26-07-30 [23:15:18,904] [DEBUG] 使用节点: '传感器状态_上位机[3].NO[11]', NodeId: ns=4;s=上位机通讯|传感器状态_上位机[3].NO[11] [use_node:345] [unilabos.utils.log.post_process]
26-07-30 [23:15:19,011] [TRACE] [/devices/szlab_s08_cap_station] 【.get_property】获取同步属性: last_s08_status [get_property:371] [unilabos.ros.nodes.base_device_node]
26-07-30 [23:15:19,066] [DEBUG] 使用节点: '传感器状态_上位机[3].NO[12]', NodeId: ns=4;s=上位机通讯|传感器状态_上位机[3].NO[12] [use_node:345] [unilabos.utils.log.post_process]
26-07-30 [23:15:19,228] [DEBUG] 使用节点: '传感器状态_上位机[3].NO[13]', NodeId: ns=4;s=上位机通讯|传感器状态_上位机[3].NO[13] [use_node:345] [unilabos.utils.log.post_process]
26-07-30 [23:15:19,392] [TRACE] [/devices/szlab_poly_plc] 【.get_property】获取同步属性: powder_container_occupied [get_property:371] [unilabos.ros.nodes.base_device_node]
26-07-30 [23:15:19,392] [DEBUG] 使用节点: '传感器状态_上位机[3].NO[8]', NodeId: ns=4;s=上位机通讯|传感器状态_上位机[3].NO[8] [use_node:345] [unilabos.utils.log.post_process]
26-07-30 [23:15:19,554] [DEBUG] 使用节点: '传感器状态_上位机[3].NO[9]', NodeId: ns=4;s=上位机通讯|传感器状态_上位机[3].NO[9] [use_node:345] [unilabos.utils.log.post_process]
26-07-30 [23:15:19,715] [DEBUG] 使用节点: '传感器状态_上位机[3].NO[10]', NodeId: ns=4;s=上位机通讯|传感器状态_上位机[3].NO[10] [use_node:345] [unilabos.utils.log.post_process]
26-07-30 [23:15:19,876] [DEBUG] 使用节点: '传感器状态_上位机[3].NO[11]', NodeId: ns=4;s=上位机通讯|传感器状态_上位机[3].NO[11] [use_node:345] [unilabos.utils.log.post_process]
26-07-30 [23:15:20,037] [DEBUG] 使用节点: '传感器状态_上位机[3].NO[12]', NodeId: ns=4;s=上位机通讯|传感器状态_上位机[3].NO[12] [use_node:345] [unilabos.utils.log.post_process]
26-07-30 [23:15:20,198] [DEBUG] 使用节点: '传感器状态_上位机[3].NO[13]', NodeId: ns=4;s=上位机通讯|传感器状态_上位机[3].NO[13] [use_node:345] [unilabos.utils.log.post_process]
26-07-30 [23:15:20,362] [TRACE] [/devices/szlab_poly_plc] 【.get_property】获取同步属性: powder_container_occupied [get_property:371] [unilabos.ros.nodes.base_device_node]
26-07-30 [23:15:20,362] [DEBUG] 使用节点: '传感器状态_上位机[3].NO[8]', NodeId: ns=4;s=上位机通讯|传感器状态_上位机[3].NO[8] [use_node:345] [unilabos.utils.log.post_process]
26-07-30 [23:15:20,523] [DEBUG] 使用节点: '传感器状态_上位机[3].NO[9]', NodeId: ns=4;s=上位机通讯|传感器状态_上位机[3].NO[9] [use_node:345] [unilabos.utils.log.post_process]
26-07-30 [23:15:20,684] [DEBUG] 使用节点: '传感器状态_上位机[3].NO[10]', NodeId: ns=4;s=上位机通讯|传感器状态_上位机[3].NO[10] [use_node:345] [unilabos.utils.log.post_process]
26-07-30 [23:15:20,845] [DEBUG] 使用节点: '传感器状态_上位机[3].NO[11]', NodeId: ns=4;s=上位机通讯|传感器状态_上位机[3].NO[11] [use_node:345] [unilabos.utils.log.post_process]
26-07-30 [23:15:21,006] [DEBUG] 使用节点: '传感器状态_上位机[3].NO[12]', NodeId: ns=4;s=上位机通讯|传感器状态_上位机[3].NO[12] [use_node:345] [unilabos.utils.log.post_process]
26-07-30 [23:15:21,011] [TRACE] [/devices/szlab_s08_cap_station] 【.get_property】获取同步属性: last_s08_status [get_property:371] [unilabos.ros.nodes.base_device_node]
26-07-30 [23:15:21,168] [DEBUG] 使用节点: '传感器状态_上位机[3].NO[13]', NodeId: ns=4;s=上位机通讯|传感器状态_上位机[3].NO[13] [use_node:345] [unilabos.utils.log.post_process]
26-07-30 [23:15:21,332] [TRACE] [/devices/szlab_poly_plc] 【.get_property】获取同步属性: powder_container_occupied [get_property:371] [unilabos.ros.nodes.base_device_node]
26-07-30 [23:15:21,332] [DEBUG] 使用节点: '传感器状态_上位机[3].NO[8]', NodeId: ns=4;s=上位机通讯|传感器状态_上位机[3].NO[8] [use_node:345] [unilabos.utils.log.post_process]
26-07-30 [23:15:21,493] [DEBUG] 使用节点: '传感器状态_上位机[3].NO[9]', NodeId: ns=4;s=上位机通讯|传感器状态_上位机[3].NO[9] [use_node:345] [unilabos.utils.log.post_process]
26-07-30 [23:15:21,654] [DEBUG] 使用节点: '传感器状态_上位机[3].NO[10]', NodeId: ns=4;s=上位机通讯|传感器状态_上位机[3].NO[10] [use_node:345] [unilabos.utils.log.post_process]
26-07-30 [23:15:21,815] [DEBUG] 使用节点: '传感器状态_上位机[3].NO[11]', NodeId: ns=4;s=上位机通讯|传感器状态_上位机[3].NO[11] [use_node:345] [unilabos.utils.log.post_process]
26-07-30 [23:15:21,973] [TRACE] [/devices/szlab_mixer_stirrer] 【.get_property】获取同步属性: status [get_property:371] [unilabos.ros.nodes.base_device_node]
26-07-30 [23:15:21,976] [DEBUG] 使用节点: '传感器状态_上位机[3].NO[12]', NodeId: ns=4;s=上位机通讯|传感器状态_上位机[3].NO[12] [use_node:345] [unilabos.utils.log.post_process]
26-07-30 [23:15:21,981] [TRACE] [/devices/szlab_mixer_photoshotting] 【.get_property】获取同步属性: last_photo_path [get_property:371] [unilabos.ros.nodes.base_device_node]
26-07-30 [23:15:21,982] [TRACE] [/devices/szlab_mixer_photoshotting] 【.get_property】获取同步属性: last_result [get_property:371] [unilabos.ros.nodes.base_device_node]
26-07-30 [23:15:21,983] [TRACE] [/devices/szlab_mixer_photoshotting] 【.get_property】获取同步属性: status [get_property:371] [unilabos.ros.nodes.base_device_node]
26-07-30 [23:15:21,990] [TRACE] [/devices/szlab_mixer_pump] 【.get_property】获取同步属性: status [get_property:371] [unilabos.ros.nodes.base_device_node]
26-07-30 [23:15:22,022] [TRACE] [/devices/szlab_mixer_pipetting_station] 【.get_property】获取同步属性: status [get_property:371] [unilabos.ros.nodes.base_device_node]
26-07-30 [23:15:22,137] [DEBUG] 使用节点: '传感器状态_上位机[3].NO[13]', NodeId: ns=4;s=上位机通讯|传感器状态_上位机[3].NO[13] [use_node:345] [unilabos.utils.log.post_process]
26-07-30 [23:15:22,301] [TRACE] [/devices/szlab_poly_plc] 【.get_property】获取同步属性: powder_container_occupied [get_property:371] [unilabos.ros.nodes.base_device_node]
26-07-30 [23:15:22,301] [DEBUG] 使用节点: '传感器状态_上位机[3].NO[8]', NodeId: ns=4;s=上位机通讯|传感器状态_上位机[3].NO[8] [use_node:345] [unilabos.utils.log.post_process]
26-07-30 [23:15:22,463] [DEBUG] 使用节点: '传感器状态_上位机[3].NO[9]', NodeId: ns=4;s=上位机通讯|传感器状态_上位机[3].NO[9] [use_node:345] [unilabos.utils.log.post_process]
26-07-30 [23:15:22,624] [DEBUG] 使用节点: '传感器状态_上位机[3].NO[10]', NodeId: ns=4;s=上位机通讯|传感器状态_上位机[3].NO[10] [use_node:345] [unilabos.utils.log.post_process]
26-07-30 [23:15:22,786] [DEBUG] 使用节点: '传感器状态_上位机[3].NO[11]', NodeId: ns=4;s=上位机通讯|传感器状态_上位机[3].NO[11] [use_node:345] [unilabos.utils.log.post_process]
26-07-30 [23:15:22,947] [DEBUG] 使用节点: '传感器状态_上位机[3].NO[12]', NodeId: ns=4;s=上位机通讯|传感器状态_上位机[3].NO[12] [use_node:345] [unilabos.utils.log.post_process]
26-07-30 [23:15:23,011] [TRACE] [/devices/szlab_s08_cap_station] 【.get_property】获取同步属性: last_s08_status [get_property:371] [unilabos.ros.nodes.base_device_node]
26-07-30 [23:15:23,108] [DEBUG] 使用节点: '传感器状态_上位机[3].NO[13]', NodeId: ns=4;s=上位机通讯|传感器状态_上位机[3].NO[13] [use_node:345] [unilabos.utils.log.post_process]
26-07-30 [23:15:23,272] [TRACE] [/devices/szlab_poly_plc] 【.get_property】获取同步属性: powder_container_occupied [get_property:371] [unilabos.ros.nodes.base_device_node]
26-07-30 [23:15:23,272] [DEBUG] 使用节点: '传感器状态_上位机[3].NO[8]', NodeId: ns=4;s=上位机通讯|传感器状态_上位机[3].NO[8] [use_node:345] [unilabos.utils.log.post_process]
26-07-30 [23:15:23,434] [DEBUG] 使用节点: '传感器状态_上位机[3].NO[9]', NodeId: ns=4;s=上位机通讯|传感器状态_上位机[3].NO[9] [use_node:345] [unilabos.utils.log.post_process]
26-07-30 [23:15:23,596] [DEBUG] 使用节点: '传感器状态_上位机[3].NO[10]', NodeId: ns=4;s=上位机通讯|传感器状态_上位机[3].NO[10] [use_node:345] [unilabos.utils.log.post_process]
26-07-30 [23:15:23,758] [DEBUG] 使用节点: '传感器状态_上位机[3].NO[11]', NodeId: ns=4;s=上位机通讯|传感器状态_上位机[3].NO[11] [use_node:345] [unilabos.utils.log.post_process]
26-07-30 [23:15:23,919] [DEBUG] 使用节点: '传感器状态_上位机[3].NO[12]', NodeId: ns=4;s=上位机通讯|传感器状态_上位机[3].NO[12] [use_node:345] [unilabos.utils.log.post_process]
26-07-30 [23:15:24,080] [DEBUG] 使用节点: '传感器状态_上位机[3].NO[13]', NodeId: ns=4;s=上位机通讯|传感器状态_上位机[3].NO[13] [use_node:345] [unilabos.utils.log.post_process]
26-07-30 [23:15:24,244] [TRACE] [/devices/szlab_poly_plc] 【.get_property】获取同步属性: powder_container_occupied [get_property:371] [unilabos.ros.nodes.base_device_node]
26-07-30 [23:15:24,244] [DEBUG] 使用节点: '传感器状态_上位机[3].NO[8]', NodeId: ns=4;s=上位机通讯|传感器状态_上位机[3].NO[8] [use_node:345] [unilabos.utils.log.post_process]
26-07-30 [23:15:24,406] [DEBUG] 使用节点: '传感器状态_上位机[3].NO[9]', NodeId: ns=4;s=上位机通讯|传感器状态_上位机[3].NO[9] [use_node:345] [unilabos.utils.log.post_process]
26-07-30 [23:15:24,567] [DEBUG] 使用节点: '传感器状态_上位机[3].NO[10]', NodeId: ns=4;s=上位机通讯|传感器状态_上位机[3].NO[10] [use_node:345] [unilabos.utils.log.post_process]
26-07-30 [23:15:24,728] [DEBUG] 使用节点: '传感器状态_上位机[3].NO[11]', NodeId: ns=4;s=上位机通讯|传感器状态_上位机[3].NO[11] [use_node:345] [unilabos.utils.log.post_process]
26-07-30 [23:15:24,889] [DEBUG] 使用节点: '传感器状态_上位机[3].NO[12]', NodeId: ns=4;s=上位机通讯|传感器状态_上位机[3].NO[12] [use_node:345] [unilabos.utils.log.post_process]
26-07-30 [23:15:25,011] [TRACE] [/devices/szlab_s08_cap_station] 【.get_property】获取同步属性: last_s08_status [get_property:371] [unilabos.ros.nodes.base_device_node]
26-07-30 [23:15:25,050] [DEBUG] 使用节点: '传感器状态_上位机[3].NO[13]', NodeId: ns=4;s=上位机通讯|传感器状态_上位机[3].NO[13] [use_node:345] [unilabos.utils.log.post_process]
26-07-30 [23:15:25,214] [TRACE] [/devices/szlab_poly_plc] 【.get_property】获取同步属性: powder_container_occupied [get_property:371] [unilabos.ros.nodes.base_device_node]
26-07-30 [23:15:25,214] [DEBUG] 使用节点: '传感器状态_上位机[3].NO[8]', NodeId: ns=4;s=上位机通讯|传感器状态_上位机[3].NO[8] [use_node:345] [unilabos.utils.log.post_process]
26-07-30 [23:15:25,375] [DEBUG] 使用节点: '传感器状态_上位机[3].NO[9]', NodeId: ns=4;s=上位机通讯|传感器状态_上位机[3].NO[9] [use_node:345] [unilabos.utils.log.post_process]
26-07-30 [23:15:25,537] [DEBUG] 使用节点: '传感器状态_上位机[3].NO[10]', NodeId: ns=4;s=上位机通讯|传感器状态_上位机[3].NO[10] [use_node:345] [unilabos.utils.log.post_process]
26-07-30 [23:15:25,698] [DEBUG] 使用节点: '传感器状态_上位机[3].NO[11]', NodeId: ns=4;s=上位机通讯|传感器状态_上位机[3].NO[11] [use_node:345] [unilabos.utils.log.post_process]
26-07-30 [23:15:25,859] [DEBUG] 使用节点: '传感器状态_上位机[3].NO[12]', NodeId: ns=4;s=上位机通讯|传感器状态_上位机[3].NO[12] [use_node:345] [unilabos.utils.log.post_process]
26-07-30 [23:15:26,020] [DEBUG] 使用节点: '传感器状态_上位机[3].NO[13]', NodeId: ns=4;s=上位机通讯|传感器状态_上位机[3].NO[13] [use_node:345] [unilabos.utils.log.post_process]
26-07-30 [23:15:26,185] [TRACE] [/devices/szlab_poly_plc] 【.get_property】获取同步属性: powder_container_occupied [get_property:371] [unilabos.ros.nodes.base_device_node]
26-07-30 [23:15:26,185] [DEBUG] 使用节点: '传感器状态_上位机[3].NO[8]', NodeId: ns=4;s=上位机通讯|传感器状态_上位机[3].NO[8] [use_node:345] [unilabos.utils.log.post_process]
26-07-30 [23:15:26,198] [TRACE] [/devices/host_node] [Host Node] Sending goal for /devices/szlab_mixer_pump/_execute_driver_command: {'string': '{"function_name": "run_solvent_addition", "function_args": {"volume_pump_1": 0, "volume_pump_2": 0, "pump": 1, "volume": 8, "skip_level_check": false, "skip_robot": true, "beaker_true_means_present": true}, "unilabos_param": {"sample_uuids": {}}}'} [send_goal:942] [unilabos.ros.nodes.presets.host_node]
26-07-30 [23:15:26,198] [TRACE] [/devices/host_node] [Host Node] Sending goal for /devices/szlab_mixer_pump/_execute_driver_command: unilabos_msgs.action.StrSingleInput_Goal(string='{"function_name": "run_solvent_addition", "function_args": {"volume_pump_1": 0, "volume_pump_2": 0, "pump": 1, "volume": 8, "skip_level_check": false, "skip_robot": true, "beaker_true_means_present": true}, "unilabos_param": {"sample_uuids": {}}}') [send_goal:943] [unilabos.ros.nodes.presets.host_node]
26-07-30 [23:15:26,200] [DEBUG] [/devices/szlab_mixer_pump] 任务 _execute_driver_command 接收到原始目标: {'string': '{"function_name": "run_solvent_addition", "function_args": {"volume_pump_1": 0, "volume_pump_2": 0, "pump": 1, "volume": 8, "skip_level_check": false, "skip_robot": true, "beaker_true_means_present": true}, "unilabos_param": {"sample_uuids": {}}}'} [execute_callback:2086] [unilabos.ros.nodes.base_device_node]
26-07-30 [23:15:26,201] [TRACE] [/devices/szlab_mixer_pump] 任务 _execute_driver_command 接收到原始目标: {'string': '{"function_name": "run_solvent_addition", "function_args": {"volume_pump_1": 0, "volume_pump_2": 0, "pump": 1, "volume": 8, "skip_level_check": false, "skip_robot": true, "beaker_true_means_present": true}, "unilabos_param": {"sample_uuids": {}}}'} [execute_callback:2087] [unilabos.ros.nodes.base_device_node]
26-07-30 [23:15:26,201] [TRACE] [/devices/szlab_mixer_pump] 同步执行动作 <bound method BaseROS2DeviceNode._execute_driver_command of <unilabos.ros.nodes.base_device_node.BaseROS2DeviceNode object at 0x7eff94be7090>> [execute_callback:2188] [unilabos.ros.nodes.base_device_node]
26-07-30 [23:15:26,202] [DEBUG] [/devices/szlab_mixer_pump] [call_device_action] -> /devices/szlab_poly_plc/_execute_driver_command, args={'node_name': 'S06准备信号', 'use_cache': True} [call_device_action:1649] [unilabos.ros.nodes.base_device_node]
26-07-30 [23:15:26,202] [INFO] [/devices/host_node] [Host Node] Goal /devices/szlab_mixer_pump/_execute_driver_command (szlab_mixer_pump_production-001-szlab_mixer_pump.run_solvent_addition) accepted [goal_response_callback:1108] [unilabos.ros.nodes.presets.host_node]
26-07-30 [23:15:26,205] [DEBUG] [/devices/szlab_poly_plc] 任务 _execute_driver_command 接收到原始目标: {'string': '{"function_name": "read_variable", "function_args": {"node_name": "S06准备信号", "use_cache": true}, "unilabos_param": {"sample_uuids": {}}}'} [execute_callback:2086] [unilabos.ros.nodes.base_device_node]
26-07-30 [23:15:26,205] [TRACE] [/devices/szlab_poly_plc] 任务 _execute_driver_command 接收到原始目标: {'string': '{"function_name": "read_variable", "function_args": {"node_name": "S06准备信号", "use_cache": true}, "unilabos_param": {"sample_uuids": {}}}'} [execute_callback:2087] [unilabos.ros.nodes.base_device_node]
26-07-30 [23:15:26,205] [TRACE] [/devices/szlab_poly_plc] 同步执行动作 <bound method BaseROS2DeviceNode._execute_driver_command of <unilabos.ros.nodes.base_device_node.BaseROS2DeviceNode object at 0x7eff959f3ad0>> [execute_callback:2188] [unilabos.ros.nodes.base_device_node]
26-07-30 [23:15:26,347] [DEBUG] 使用节点: '传感器状态_上位机[3].NO[9]', NodeId: ns=4;s=上位机通讯|传感器状态_上位机[3].NO[9] [use_node:345] [unilabos.utils.log.post_process]
26-07-30 [23:15:26,508] [DEBUG] 使用节点: '传感器状态_上位机[3].NO[10]', NodeId: ns=4;s=上位机通讯|传感器状态_上位机[3].NO[10] [use_node:345] [unilabos.utils.log.post_process]
26-07-30 [23:15:26,669] [DEBUG] 使用节点: '传感器状态_上位机[3].NO[11]', NodeId: ns=4;s=上位机通讯|传感器状态_上位机[3].NO[11] [use_node:345] [unilabos.utils.log.post_process]
26-07-30 [23:15:26,830] [DEBUG] 使用节点: '传感器状态_上位机[3].NO[12]', NodeId: ns=4;s=上位机通讯|传感器状态_上位机[3].NO[12] [use_node:345] [unilabos.utils.log.post_process]
26-07-30 [23:15:26,973] [TRACE] [/devices/szlab_mixer_stirrer] 【.get_property】获取同步属性: status [get_property:371] [unilabos.ros.nodes.base_device_node]
26-07-30 [23:15:26,981] [TRACE] [/devices/szlab_mixer_photoshotting] 【.get_property】获取同步属性: last_photo_path [get_property:371] [unilabos.ros.nodes.base_device_node]
26-07-30 [23:15:26,982] [TRACE] [/devices/szlab_mixer_photoshotting] 【.get_property】获取同步属性: status [get_property:371] [unilabos.ros.nodes.base_device_node]
26-07-30 [23:15:26,983] [TRACE] [/devices/szlab_mixer_photoshotting] 【.get_property】获取同步属性: last_result [get_property:371] [unilabos.ros.nodes.base_device_node]
26-07-30 [23:15:26,990] [TRACE] [/devices/szlab_mixer_pump] 【.get_property】获取同步属性: status [get_property:371] [unilabos.ros.nodes.base_device_node]
26-07-30 [23:15:26,991] [DEBUG] 使用节点: '传感器状态_上位机[3].NO[13]', NodeId: ns=4;s=上位机通讯|传感器状态_上位机[3].NO[13] [use_node:345] [unilabos.utils.log.post_process]
26-07-30 [23:15:26,992] [TRACE] [/devices/host_node] Status updated: szlab_mixer_pump.status = Running [property_callback:886] [unilabos.ros.nodes.presets.host_node]
26-07-30 [23:15:27,011] [TRACE] [/devices/szlab_s08_cap_station] 【.get_property】获取同步属性: last_s08_status [get_property:371] [unilabos.ros.nodes.base_device_node]
26-07-30 [23:15:27,021] [TRACE] [/devices/szlab_mixer_pipetting_station] 【.get_property】获取同步属性: status [get_property:371] [unilabos.ros.nodes.base_device_node]
26-07-30 [23:15:27,035] [TRACE] [/devices/host_node] [Host Node] Discovering devices in the network... [_discover_devices:472] [unilabos.ros.nodes.presets.host_node]
26-07-30 [23:15:27,035] [TRACE] [/devices/host_node] [Host Node] Total online devices: 9 [_discover_devices:525] [unilabos.ros.nodes.presets.host_node]
26-07-30 [23:15:27,154] [DEBUG] 使用节点: 'S06准备信号', NodeId: ns=4;s=上位机通讯|S06准备信号 [use_node:345] [unilabos.utils.log.post_process]
26-07-30 [23:15:27,156] [TRACE] [/devices/szlab_poly_plc] 【.get_property】获取同步属性: powder_container_occupied [get_property:371] [unilabos.ros.nodes.base_device_node]
26-07-30 [23:15:27,315] [DEBUG] 使用节点: '传感器状态_上位机[3].NO[8]', NodeId: ns=4;s=上位机通讯|传感器状态_上位机[3].NO[8] [use_node:345] [unilabos.utils.log.post_process]
26-07-30 [23:15:27,316] [TRACE] [/devices/szlab_poly_plc] 动作 _execute_driver_command 完成并返回结果 [execute_callback:2364] [unilabos.ros.nodes.base_device_node]
26-07-30 [23:15:27,356] [DEBUG] [/devices/szlab_mixer_pump] [call_device_action] -> /devices/szlab_poly_plc/_execute_driver_command, args={'node_name': '传感器状态_上位机[3].NO[1]', 'use_cache': True} [call_device_action:1649] [unilabos.ros.nodes.base_device_node]
26-07-30 [23:15:27,358] [DEBUG] [/devices/szlab_poly_plc] 任务 _execute_driver_command 接收到原始目标: {'string': '{"function_name": "read_variable", "function_args": {"node_name": "传感器状态_上位机[3].NO[1]", "use_cache": true}, "unilabos_param": {"sample_uuids": {}}}'} [execute_callback:2086] [unilabos.ros.nodes.base_device_node]
26-07-30 [23:15:27,360] [TRACE] [/devices/szlab_poly_plc] 任务 _execute_driver_command 接收到原始目标: {'string': '{"function_name": "read_variable", "function_args": {"node_name": "传感器状态_上位机[3].NO[1]", "use_cache": true}, "unilabos_param": {"sample_uuids": {}}}'} [execute_callback:2087] [unilabos.ros.nodes.base_device_node]
26-07-30 [23:15:27,360] [TRACE] [/devices/szlab_poly_plc] 同步执行动作 <bound method BaseROS2DeviceNode._execute_driver_command of <unilabos.ros.nodes.base_device_node.BaseROS2DeviceNode object at 0x7eff959f3ad0>> [execute_callback:2188] [unilabos.ros.nodes.base_device_node]
26-07-30 [23:15:27,476] [DEBUG] 使用节点: '传感器状态_上位机[3].NO[9]', NodeId: ns=4;s=上位机通讯|传感器状态_上位机[3].NO[9] [use_node:345] [unilabos.utils.log.post_process]
26-07-30 [23:15:27,637] [DEBUG] 使用节点: '传感器状态_上位机[3].NO[10]', NodeId: ns=4;s=上位机通讯|传感器状态_上位机[3].NO[10] [use_node:345] [unilabos.utils.log.post_process]
26-07-30 [23:15:27,799] [DEBUG] 使用节点: '传感器状态_上位机[3].NO[11]', NodeId: ns=4;s=上位机通讯|传感器状态_上位机[3].NO[11] [use_node:345] [unilabos.utils.log.post_process]
26-07-30 [23:15:27,960] [DEBUG] 使用节点: '传感器状态_上位机[3].NO[12]', NodeId: ns=4;s=上位机通讯|传感器状态_上位机[3].NO[12] [use_node:345] [unilabos.utils.log.post_process]
26-07-30 [23:15:28,121] [DEBUG] 使用节点: '传感器状态_上位机[3].NO[13]', NodeId: ns=4;s=上位机通讯|传感器状态_上位机[3].NO[13] [use_node:345] [unilabos.utils.log.post_process]
26-07-30 [23:15:29,011] [TRACE] [/devices/szlab_s08_cap_station] 【.get_property】获取同步属性: last_s08_status [get_property:371] [unilabos.ros.nodes.base_device_node]
26-07-30 [23:15:29,061] [DEBUG] 使用节点: '传感器状态_上位机[3].NO[1]', NodeId: ns=4;s=上位机通讯|传感器状态_上位机[3].NO[1] [use_node:345] [unilabos.utils.log.post_process]
26-07-30 [23:15:29,064] [TRACE] [/devices/szlab_poly_plc] 【.get_property】获取同步属性: powder_container_occupied [get_property:371] [unilabos.ros.nodes.base_device_node]
26-07-30 [23:15:29,605] [DEBUG] 使用节点: '传感器状态_上位机[3].NO[8]', NodeId: ns=4;s=上位机通讯|传感器状态_上位机[3].NO[8] [use_node:345] [unilabos.utils.log.post_process]
26-07-30 [23:15:29,606] [TRACE] [/devices/szlab_poly_plc] 动作 _execute_driver_command 完成并返回结果 [execute_callback:2364] [unilabos.ros.nodes.base_device_node]
26-07-30 [23:15:29,660] [DEBUG] [/devices/szlab_mixer_pump] [call_device_action] -> /devices/szlab_poly_plc/_execute_driver_command, args={'node_name': '传感器状态_上位机[4].NO[12]', 'use_cache': True} [call_device_action:1649] [unilabos.ros.nodes.base_device_node]
26-07-30 [23:15:29,664] [DEBUG] [/devices/szlab_poly_plc] 任务 _execute_driver_command 接收到原始目标: {'string': '{"function_name": "read_variable", "function_args": {"node_name": "传感器状态_上位机[4].NO[12]", "use_cache": true}, "unilabos_param": {"sample_uuids": {}}}'} [execute_callback:2086] [unilabos.ros.nodes.base_device_node]
26-07-30 [23:15:29,666] [TRACE] [/devices/szlab_poly_plc] 任务 _execute_driver_command 接收到原始目标: {'string': '{"function_name": "read_variable", "function_args": {"node_name": "传感器状态_上位机[4].NO[12]", "use_cache": true}, "unilabos_param": {"sample_uuids": {}}}'} [execute_callback:2087] [unilabos.ros.nodes.base_device_node]
26-07-30 [23:15:29,666] [TRACE] [/devices/szlab_poly_plc] 同步执行动作 <bound method BaseROS2DeviceNode._execute_driver_command of <unilabos.ros.nodes.base_device_node.BaseROS2DeviceNode object at 0x7eff959f3ad0>> [execute_callback:2188] [unilabos.ros.nodes.base_device_node]
26-07-30 [23:15:29,766] [DEBUG] 使用节点: '传感器状态_上位机[3].NO[9]', NodeId: ns=4;s=上位机通讯|传感器状态_上位机[3].NO[9] [use_node:345] [unilabos.utils.log.post_process]
26-07-30 [23:15:29,927] [DEBUG] 使用节点: '传感器状态_上位机[3].NO[10]', NodeId: ns=4;s=上位机通讯|传感器状态_上位机[3].NO[10] [use_node:345] [unilabos.utils.log.post_process]
26-07-30 [23:15:30,088] [DEBUG] 使用节点: '传感器状态_上位机[3].NO[11]', NodeId: ns=4;s=上位机通讯|传感器状态_上位机[3].NO[11] [use_node:345] [unilabos.utils.log.post_process]
26-07-30 [23:15:30,249] [DEBUG] 使用节点: '传感器状态_上位机[3].NO[12]', NodeId: ns=4;s=上位机通讯|传感器状态_上位机[3].NO[12] [use_node:345] [unilabos.utils.log.post_process]
26-07-30 [23:15:30,412] [DEBUG] 使用节点: '传感器状态_上位机[3].NO[13]', NodeId: ns=4;s=上位机通讯|传感器状态_上位机[3].NO[13] [use_node:345] [unilabos.utils.log.post_process]
26-07-30 [23:15:30,574] [DEBUG] 使用节点: '传感器状态_上位机[4].NO[12]', NodeId: ns=4;s=上位机通讯|传感器状态_上位机[4].NO[12] [use_node:345] [unilabos.utils.log.post_process]
26-07-30 [23:15:30,576] [TRACE] [/devices/szlab_poly_plc] 【.get_property】获取同步属性: powder_container_occupied [get_property:371] [unilabos.ros.nodes.base_device_node]
26-07-30 [23:15:30,735] [DEBUG] 使用节点: '传感器状态_上位机[3].NO[8]', NodeId: ns=4;s=上位机通讯|传感器状态_上位机[3].NO[8] [use_node:345] [unilabos.utils.log.post_process]
26-07-30 [23:15:30,736] [TRACE] [/devices/szlab_poly_plc] 动作 _execute_driver_command 完成并返回结果 [execute_callback:2364] [unilabos.ros.nodes.base_device_node]
26-07-30 [23:15:30,762] [DEBUG] [/devices/szlab_mixer_pump] [call_device_action] -> /devices/szlab_poly_plc/_execute_driver_command, args={'node_name': 'S06允许加工', 'use_cache': True} [call_device_action:1649] [unilabos.ros.nodes.base_device_node]
26-07-30 [23:15:30,765] [DEBUG] [/devices/szlab_poly_plc] 任务 _execute_driver_command 接收到原始目标: {'string': '{"function_name": "read_variable", "function_args": {"node_name": "S06允许加工", "use_cache": true}, "unilabos_param": {"sample_uuids": {}}}'} [execute_callback:2086] [unilabos.ros.nodes.base_device_node]
26-07-30 [23:15:30,766] [TRACE] [/devices/szlab_poly_plc] 任务 _execute_driver_command 接收到原始目标: {'string': '{"function_name": "read_variable", "function_args": {"node_name": "S06允许加工", "use_cache": true}, "unilabos_param": {"sample_uuids": {}}}'} [execute_callback:2087] [unilabos.ros.nodes.base_device_node]
26-07-30 [23:15:30,767] [TRACE] [/devices/szlab_poly_plc] 同步执行动作 <bound method BaseROS2DeviceNode._execute_driver_command of <unilabos.ros.nodes.base_device_node.BaseROS2DeviceNode object at 0x7eff959f3ad0>> [execute_callback:2188] [unilabos.ros.nodes.base_device_node]
26-07-30 [23:15:31,011] [TRACE] [/devices/szlab_s08_cap_station] 【.get_property】获取同步属性: last_s08_status [get_property:371] [unilabos.ros.nodes.base_device_node]
26-07-30 [23:15:31,269] [DEBUG] 使用节点: '传感器状态_上位机[3].NO[9]', NodeId: ns=4;s=上位机通讯|传感器状态_上位机[3].NO[9] [use_node:345] [unilabos.utils.log.post_process]
26-07-30 [23:15:31,431] [DEBUG] 使用节点: '传感器状态_上位机[3].NO[10]', NodeId: ns=4;s=上位机通讯|传感器状态_上位机[3].NO[10] [use_node:345] [unilabos.utils.log.post_process]
26-07-30 [23:15:31,592] [DEBUG] 使用节点: '传感器状态_上位机[3].NO[11]', NodeId: ns=4;s=上位机通讯|传感器状态_上位机[3].NO[11] [use_node:345] [unilabos.utils.log.post_process]
26-07-30 [23:15:31,753] [DEBUG] 使用节点: '传感器状态_上位机[3].NO[12]', NodeId: ns=4;s=上位机通讯|传感器状态_上位机[3].NO[12] [use_node:345] [unilabos.utils.log.post_process]
26-07-30 [23:15:31,914] [DEBUG] 使用节点: '传感器状态_上位机[3].NO[13]', NodeId: ns=4;s=上位机通讯|传感器状态_上位机[3].NO[13] [use_node:345] [unilabos.utils.log.post_process]
26-07-30 [23:15:31,973] [TRACE] [/devices/szlab_mixer_stirrer] 【.get_property】获取同步属性: status [get_property:371] [unilabos.ros.nodes.base_device_node]
26-07-30 [23:15:31,981] [TRACE] [/devices/szlab_mixer_photoshotting] 【.get_property】获取同步属性: last_photo_path [get_property:371] [unilabos.ros.nodes.base_device_node]
26-07-30 [23:15:31,982] [TRACE] [/devices/szlab_mixer_photoshotting] 【.get_property】获取同步属性: last_result [get_property:371] [unilabos.ros.nodes.base_device_node]
26-07-30 [23:15:31,983] [TRACE] [/devices/szlab_mixer_photoshotting] 【.get_property】获取同步属性: status [get_property:371] [unilabos.ros.nodes.base_device_node]
26-07-30 [23:15:31,990] [TRACE] [/devices/szlab_mixer_pump] 【.get_property】获取同步属性: status [get_property:371] [unilabos.ros.nodes.base_device_node]
26-07-30 [23:15:32,022] [TRACE] [/devices/szlab_mixer_pipetting_station] 【.get_property】获取同步属性: status [get_property:371] [unilabos.ros.nodes.base_device_node]
26-07-30 [23:15:32,076] [DEBUG] 使用节点: 'S06允许加工', NodeId: ns=4;s=上位机通讯|S06允许加工 [use_node:345] [unilabos.utils.log.post_process]
26-07-30 [23:15:32,078] [TRACE] [/devices/szlab_poly_plc] 【.get_property】获取同步属性: powder_container_occupied [get_property:371] [unilabos.ros.nodes.base_device_node]
26-07-30 [23:15:32,237] [DEBUG] 使用节点: '传感器状态_上位机[3].NO[8]', NodeId: ns=4;s=上位机通讯|传感器状态_上位机[3].NO[8] [use_node:345] [unilabos.utils.log.post_process]
26-07-30 [23:15:32,239] [TRACE] [/devices/szlab_poly_plc] 动作 _execute_driver_command 完成并返回结果 [execute_callback:2364] [unilabos.ros.nodes.base_device_node]
26-07-30 [23:15:32,266] [DEBUG] [/devices/szlab_mixer_pump] [call_device_action] -> /devices/szlab_poly_plc/_execute_driver_command, args={'node_name': 'S06_1号溶液添加量'} [call_device_action:1649] [unilabos.ros.nodes.base_device_node]
26-07-30 [23:15:32,268] [DEBUG] [/devices/szlab_poly_plc] 任务 _execute_driver_command 接收到原始目标: {'string': '{"function_name": "check_variable_accessible", "function_args": {"node_name": "S06_1号溶液添加量"}, "unilabos_param": {"sample_uuids": {}}}'} [execute_callback:2086] [unilabos.ros.nodes.base_device_node]
26-07-30 [23:15:32,269] [TRACE] [/devices/szlab_poly_plc] 任务 _execute_driver_command 接收到原始目标: {'string': '{"function_name": "check_variable_accessible", "function_args": {"node_name": "S06_1号溶液添加量"}, "unilabos_param": {"sample_uuids": {}}}'} [execute_callback:2087] [unilabos.ros.nodes.base_device_node]
26-07-30 [23:15:32,269] [TRACE] [/devices/szlab_poly_plc] 同步执行动作 <bound method BaseROS2DeviceNode._execute_driver_command of <unilabos.ros.nodes.base_device_node.BaseROS2DeviceNode object at 0x7eff959f3ad0>> [execute_callback:2188] [unilabos.ros.nodes.base_device_node]
26-07-30 [23:15:32,271] [DEBUG] 使用节点: 'S06_1号溶液添加量', NodeId: ns=4;s=上位机通讯|S06_1号溶液添加量 [use_node:345] [unilabos.utils.log.post_process]
26-07-30 [23:15:32,403] [DEBUG] 使用节点: '传感器状态_上位机[3].NO[9]', NodeId: ns=4;s=上位机通讯|传感器状态_上位机[3].NO[9] [use_node:345] [unilabos.utils.log.post_process]
26-07-30 [23:15:32,725] [DEBUG] 使用节点: '传感器状态_上位机[3].NO[10]', NodeId: ns=4;s=上位机通讯|传感器状态_上位机[3].NO[10] [use_node:345] [unilabos.utils.log.post_process]
26-07-30 [23:15:32,726] [TRACE] [/devices/szlab_poly_plc] 动作 _execute_driver_command 完成并返回结果 [execute_callback:2364] [unilabos.ros.nodes.base_device_node]
26-07-30 [23:15:32,767] [DEBUG] [/devices/szlab_mixer_pump] [call_device_action] -> /devices/szlab_poly_plc/_execute_driver_command, args={'node_name': 'S06工艺选择', 'value': 1} [call_device_action:1649] [unilabos.ros.nodes.base_device_node]
26-07-30 [23:15:32,770] [DEBUG] [/devices/szlab_poly_plc] 任务 _execute_driver_command 接收到原始目标: {'string': '{"function_name": "write_variable", "function_args": {"node_name": "S06工艺选择", "value": 1}, "unilabos_param": {"sample_uuids": {}}}'} [execute_callback:2086] [unilabos.ros.nodes.base_device_node]
26-07-30 [23:15:32,772] [TRACE] [/devices/szlab_poly_plc] 任务 _execute_driver_command 接收到原始目标: {'string': '{"function_name": "write_variable", "function_args": {"node_name": "S06工艺选择", "value": 1}, "unilabos_param": {"sample_uuids": {}}}'} [execute_callback:2087] [unilabos.ros.nodes.base_device_node]
26-07-30 [23:15:32,773] [TRACE] [/devices/szlab_poly_plc] 同步执行动作 <bound method BaseROS2DeviceNode._execute_driver_command of <unilabos.ros.nodes.base_device_node.BaseROS2DeviceNode object at 0x7eff959f3ad0>> [execute_callback:2188] [unilabos.ros.nodes.base_device_node]
26-07-30 [23:15:32,887] [DEBUG] 使用节点: '传感器状态_上位机[3].NO[11]', NodeId: ns=4;s=上位机通讯|传感器状态_上位机[3].NO[11] [use_node:345] [unilabos.utils.log.post_process]
26-07-30 [23:15:33,011] [TRACE] [/devices/szlab_s08_cap_station] 【.get_property】获取同步属性: last_s08_status [get_property:371] [unilabos.ros.nodes.base_device_node]
26-07-30 [23:15:33,048] [DEBUG] 使用节点: '传感器状态_上位机[3].NO[12]', NodeId: ns=4;s=上位机通讯|传感器状态_上位机[3].NO[12] [use_node:345] [unilabos.utils.log.post_process]
26-07-30 [23:15:33,209] [DEBUG] 使用节点: '传感器状态_上位机[3].NO[13]', NodeId: ns=4;s=上位机通讯|传感器状态_上位机[3].NO[13] [use_node:345] [unilabos.utils.log.post_process]
26-07-30 [23:15:33,371] [DEBUG] 使用节点: 'S06工艺选择', NodeId: ns=4;s=上位机通讯|S06工艺选择 [use_node:345] [unilabos.utils.log.post_process]
26-07-30 [23:15:33,374] [TRACE] [/devices/szlab_poly_plc] 【.get_property】获取同步属性: powder_container_occupied [get_property:371] [unilabos.ros.nodes.base_device_node]
26-07-30 [23:15:33,693] [DEBUG] 使用节点: '传感器状态_上位机[3].NO[8]', NodeId: ns=4;s=上位机通讯|传感器状态_上位机[3].NO[8] [use_node:345] [unilabos.utils.log.post_process]
26-07-30 [23:15:33,695] [TRACE] [/devices/szlab_poly_plc] 动作 _execute_driver_command 完成并返回结果 [execute_callback:2364] [unilabos.ros.nodes.base_device_node]
26-07-30 [23:15:33,720] [DEBUG] [/devices/szlab_mixer_pump] [call_device_action] -> /devices/szlab_poly_plc/_execute_driver_command, args={'node_name': 'S06_1号溶液添加量', 'value': 8} [call_device_action:1649] [unilabos.ros.nodes.base_device_node]
26-07-30 [23:15:33,722] [DEBUG] [/devices/szlab_poly_plc] 任务 _execute_driver_command 接收到原始目标: {'string': '{"function_name": "write_variable", "function_args": {"node_name": "S06_1号溶液添加量", "value": 8}, "unilabos_param": {"sample_uuids": {}}}'} [execute_callback:2086] [unilabos.ros.nodes.base_device_node]
26-07-30 [23:15:33,723] [TRACE] [/devices/szlab_poly_plc] 任务 _execute_driver_command 接收到原始目标: {'string': '{"function_name": "write_variable", "function_args": {"node_name": "S06_1号溶液添加量", "value": 8}, "unilabos_param": {"sample_uuids": {}}}'} [execute_callback:2087] [unilabos.ros.nodes.base_device_node]
26-07-30 [23:15:33,724] [TRACE] [/devices/szlab_poly_plc] 同步执行动作 <bound method BaseROS2DeviceNode._execute_driver_command of <unilabos.ros.nodes.base_device_node.BaseROS2DeviceNode object at 0x7eff959f3ad0>> [execute_callback:2188] [unilabos.ros.nodes.base_device_node]
26-07-30 [23:15:35,011] [TRACE] [/devices/szlab_s08_cap_station] 【.get_property】获取同步属性: last_s08_status [get_property:371] [unilabos.ros.nodes.base_device_node]
26-07-30 [23:15:35,365] [DEBUG] 使用节点: '传感器状态_上位机[3].NO[9]', NodeId: ns=4;s=上位机通讯|传感器状态_上位机[3].NO[9] [use_node:345] [unilabos.utils.log.post_process]
26-07-30 [23:15:35,526] [DEBUG] 使用节点: '传感器状态_上位机[3].NO[10]', NodeId: ns=4;s=上位机通讯|传感器状态_上位机[3].NO[10] [use_node:345] [unilabos.utils.log.post_process]
26-07-30 [23:15:35,687] [DEBUG] 使用节点: '传感器状态_上位机[3].NO[11]', NodeId: ns=4;s=上位机通讯|传感器状态_上位机[3].NO[11] [use_node:345] [unilabos.utils.log.post_process]
26-07-30 [23:15:35,849] [DEBUG] 使用节点: '传感器状态_上位机[3].NO[12]', NodeId: ns=4;s=上位机通讯|传感器状态_上位机[3].NO[12] [use_node:345] [unilabos.utils.log.post_process]
26-07-30 [23:15:36,389] [DEBUG] 使用节点: '传感器状态_上位机[3].NO[13]', NodeId: ns=4;s=上位机通讯|传感器状态_上位机[3].NO[13] [use_node:345] [unilabos.utils.log.post_process]
26-07-30 [23:15:36,551] [DEBUG] 使用节点: 'S06_1号溶液添加量', NodeId: ns=4;s=上位机通讯|S06_1号溶液添加量 [use_node:345] [unilabos.utils.log.post_process]
26-07-30 [23:15:36,554] [TRACE] [/devices/szlab_poly_plc] 【.get_property】获取同步属性: powder_container_occupied [get_property:371] [unilabos.ros.nodes.base_device_node]
26-07-30 [23:15:36,873] [DEBUG] 使用节点: '传感器状态_上位机[3].NO[8]', NodeId: ns=4;s=上位机通讯|传感器状态_上位机[3].NO[8] [use_node:345] [unilabos.utils.log.post_process]
26-07-30 [23:15:36,875] [TRACE] [/devices/szlab_poly_plc] 动作 _execute_driver_command 完成并返回结果 [execute_callback:2364] [unilabos.ros.nodes.base_device_node]
26-07-30 [23:15:36,926] [DEBUG] [/devices/szlab_mixer_pump] [call_device_action] -> /devices/szlab_poly_plc/_execute_driver_command, args={'node_name': 'S06参数写入完成', 'value': True} [call_device_action:1649] [unilabos.ros.nodes.base_device_node]
26-07-30 [23:15:36,928] [DEBUG] [/devices/szlab_poly_plc] 任务 _execute_driver_command 接收到原始目标: {'string': '{"function_name": "write_variable", "function_args": {"node_name": "S06参数写入完成", "value": true}, "unilabos_param": {"sample_uuids": {}}}'} [execute_callback:2086] [unilabos.ros.nodes.base_device_node]
26-07-30 [23:15:36,928] [TRACE] [/devices/szlab_poly_plc] 任务 _execute_driver_command 接收到原始目标: {'string': '{"function_name": "write_variable", "function_args": {"node_name": "S06参数写入完成", "value": true}, "unilabos_param": {"sample_uuids": {}}}'} [execute_callback:2087] [unilabos.ros.nodes.base_device_node]
26-07-30 [23:15:36,928] [TRACE] [/devices/szlab_poly_plc] 同步执行动作 <bound method BaseROS2DeviceNode._execute_driver_command of <unilabos.ros.nodes.base_device_node.BaseROS2DeviceNode object at 0x7eff959f3ad0>> [execute_callback:2188] [unilabos.ros.nodes.base_device_node]
26-07-30 [23:15:36,973] [TRACE] [/devices/szlab_mixer_stirrer] 【.get_property】获取同步属性: status [get_property:371] [unilabos.ros.nodes.base_device_node]
26-07-30 [23:15:36,981] [TRACE] [/devices/szlab_mixer_photoshotting] 【.get_property】获取同步属性: last_photo_path [get_property:371] [unilabos.ros.nodes.base_device_node]
26-07-30 [23:15:36,982] [TRACE] [/devices/szlab_mixer_photoshotting] 【.get_property】获取同步属性: last_result [get_property:371] [unilabos.ros.nodes.base_device_node]
26-07-30 [23:15:36,983] [TRACE] [/devices/szlab_mixer_photoshotting] 【.get_property】获取同步属性: status [get_property:371] [unilabos.ros.nodes.base_device_node]
26-07-30 [23:15:36,990] [TRACE] [/devices/szlab_mixer_pump] 【.get_property】获取同步属性: status [get_property:371] [unilabos.ros.nodes.base_device_node]
26-07-30 [23:15:37,011] [TRACE] [/devices/szlab_s08_cap_station] 【.get_property】获取同步属性: last_s08_status [get_property:371] [unilabos.ros.nodes.base_device_node]
26-07-30 [23:15:37,022] [TRACE] [/devices/szlab_mixer_pipetting_station] 【.get_property】获取同步属性: status [get_property:371] [unilabos.ros.nodes.base_device_node]
26-07-30 [23:15:37,035] [DEBUG] 使用节点: '传感器状态_上位机[3].NO[9]', NodeId: ns=4;s=上位机通讯|传感器状态_上位机[3].NO[9] [use_node:345] [unilabos.utils.log.post_process]
26-07-30 [23:15:37,196] [DEBUG] 使用节点: '传感器状态_上位机[3].NO[10]', NodeId: ns=4;s=上位机通讯|传感器状态_上位机[3].NO[10] [use_node:345] [unilabos.utils.log.post_process]
26-07-30 [23:15:37,357] [DEBUG] 使用节点: '传感器状态_上位机[3].NO[11]', NodeId: ns=4;s=上位机通讯|传感器状态_上位机[3].NO[11] [use_node:345] [unilabos.utils.log.post_process]
26-07-30 [23:15:37,518] [DEBUG] 使用节点: '传感器状态_上位机[3].NO[12]', NodeId: ns=4;s=上位机通讯|传感器状态_上位机[3].NO[12] [use_node:345] [unilabos.utils.log.post_process]
26-07-30 [23:15:37,679] [DEBUG] 使用节点: '传感器状态_上位机[3].NO[13]', NodeId: ns=4;s=上位机通讯|传感器状态_上位机[3].NO[13] [use_node:345] [unilabos.utils.log.post_process]
26-07-30 [23:15:37,840] [DEBUG] 使用节点: 'S06参数写入完成', NodeId: ns=4;s=上位机通讯|S06参数写入完成 [use_node:345] [unilabos.utils.log.post_process]
26-07-30 [23:15:37,843] [TRACE] [/devices/szlab_poly_plc] 【.get_property】获取同步属性: powder_container_occupied [get_property:371] [unilabos.ros.nodes.base_device_node]
26-07-30 [23:15:38,163] [DEBUG] 使用节点: '传感器状态_上位机[3].NO[8]', NodeId: ns=4;s=上位机通讯|传感器状态_上位机[3].NO[8] [use_node:345] [unilabos.utils.log.post_process]
26-07-30 [23:15:38,165] [TRACE] [/devices/szlab_poly_plc] 动作 _execute_driver_command 完成并返回结果 [execute_callback:2364] [unilabos.ros.nodes.base_device_node]
26-07-30 [23:15:38,178] [DEBUG] [/devices/szlab_mixer_pump] [call_device_action] -> /devices/szlab_poly_plc/_execute_driver_command, args={'node_name': 'S06加工完成', 'timeout': 300.0, 'interval': 0.2} [call_device_action:1649] [unilabos.ros.nodes.base_device_node]
26-07-30 [23:15:38,181] [DEBUG] [/devices/szlab_poly_plc] 任务 _execute_driver_command 接收到原始目标: {'string': '{"function_name": "wait_new_cycle_done", "function_args": {"node_name": "S06加工完成", "timeout": 300.0, "interval": 0.2}, "unilabos_param": {"sample_uuids": {}}}'} [execute_callback:2086] [unilabos.ros.nodes.base_device_node]
26-07-30 [23:15:38,183] [TRACE] [/devices/szlab_poly_plc] 任务 _execute_driver_command 接收到原始目标: {'string': '{"function_name": "wait_new_cycle_done", "function_args": {"node_name": "S06加工完成", "timeout": 300.0, "interval": 0.2}, "unilabos_param": {"sample_uuids": {}}}'} [execute_callback:2087] [unilabos.ros.nodes.base_device_node]
26-07-30 [23:15:38,184] [TRACE] [/devices/szlab_poly_plc] 同步执行动作 <bound method BaseROS2DeviceNode._execute_driver_command of <unilabos.ros.nodes.base_device_node.BaseROS2DeviceNode object at 0x7eff959f3ad0>> [execute_callback:2188] [unilabos.ros.nodes.base_device_node]
26-07-30 [23:15:38,693] [DEBUG] 使用节点: '传感器状态_上位机[3].NO[9]', NodeId: ns=4;s=上位机通讯|传感器状态_上位机[3].NO[9] [use_node:345] [unilabos.utils.log.post_process]
26-07-30 [23:15:38,854] [DEBUG] 使用节点: '传感器状态_上位机[3].NO[10]', NodeId: ns=4;s=上位机通讯|传感器状态_上位机[3].NO[10] [use_node:345] [unilabos.utils.log.post_process]
26-07-30 [23:15:39,011] [TRACE] [/devices/szlab_s08_cap_station] 【.get_property】获取同步属性: last_s08_status [get_property:371] [unilabos.ros.nodes.base_device_node]
26-07-30 [23:15:39,015] [DEBUG] 使用节点: '传感器状态_上位机[3].NO[11]', NodeId: ns=4;s=上位机通讯|传感器状态_上位机[3].NO[11] [use_node:345] [unilabos.utils.log.post_process]
26-07-30 [23:15:39,176] [DEBUG] 使用节点: '传感器状态_上位机[3].NO[12]', NodeId: ns=4;s=上位机通讯|传感器状态_上位机[3].NO[12] [use_node:345] [unilabos.utils.log.post_process]
26-07-30 [23:15:39,337] [DEBUG] 使用节点: '传感器状态_上位机[3].NO[13]', NodeId: ns=4;s=上位机通讯|传感器状态_上位机[3].NO[13] [use_node:345] [unilabos.utils.log.post_process]
26-07-30 [23:15:39,498] [DEBUG] 使用节点: 'S06加工完成', NodeId: ns=4;s=上位机通讯|S06加工完成 [use_node:345] [unilabos.utils.log.post_process]
26-07-30 [23:15:39,501] [TRACE] [/devices/szlab_poly_plc] 【.get_property】获取同步属性: powder_container_occupied [get_property:371] [unilabos.ros.nodes.base_device_node]
26-07-30 [23:15:39,659] [DEBUG] 使用节点: '传感器状态_上位机[3].NO[8]', NodeId: ns=4;s=上位机通讯|传感器状态_上位机[3].NO[8] [use_node:345] [unilabos.utils.log.post_process]
26-07-30 [23:15:40,197] [DEBUG] 使用节点: '传感器状态_上位机[3].NO[9]', NodeId: ns=4;s=上位机通讯|传感器状态_上位机[3].NO[9] [use_node:345] [unilabos.utils.log.post_process]
26-07-30 [23:15:40,749] [DEBUG] 使用节点: '传感器状态_上位机[3].NO[10]', NodeId: ns=4;s=上位机通讯|传感器状态_上位机[3].NO[10] [use_node:345] [unilabos.utils.log.post_process]
26-07-30 [23:15:40,910] [DEBUG] 使用节点: '传感器状态_上位机[3].NO[11]', NodeId: ns=4;s=上位机通讯|传感器状态_上位机[3].NO[11] [use_node:345] [unilabos.utils.log.post_process]
26-07-30 [23:15:41,011] [TRACE] [/devices/szlab_s08_cap_station] 【.get_property】获取同步属性: last_s08_status [get_property:371] [unilabos.ros.nodes.base_device_node]
26-07-30 [23:15:41,071] [DEBUG] 使用节点: '传感器状态_上位机[3].NO[12]', NodeId: ns=4;s=上位机通讯|传感器状态_上位机[3].NO[12] [use_node:345] [unilabos.utils.log.post_process]
26-07-30 [23:15:41,232] [DEBUG] 使用节点: '传感器状态_上位机[3].NO[13]', NodeId: ns=4;s=上位机通讯|传感器状态_上位机[3].NO[13] [use_node:345] [unilabos.utils.log.post_process]
26-07-30 [23:15:41,394] [DEBUG] 使用节点: 'S06加工完成', NodeId: ns=4;s=上位机通讯|S06加工完成 [use_node:345] [unilabos.utils.log.post_process]
26-07-30 [23:15:41,397] [TRACE] [/devices/szlab_poly_plc] 【.get_property】获取同步属性: powder_container_occupied [get_property:371] [unilabos.ros.nodes.base_device_node]
26-07-30 [23:15:41,555] [DEBUG] 使用节点: '传感器状态_上位机[3].NO[8]', NodeId: ns=4;s=上位机通讯|传感器状态_上位机[3].NO[8] [use_node:345] [unilabos.utils.log.post_process]
26-07-30 [23:15:41,557] [TRACE] [/devices/szlab_poly_plc] 动作 _execute_driver_command 完成并返回结果 [execute_callback:2364] [unilabos.ros.nodes.base_device_node]
26-07-30 [23:15:41,584] [DEBUG] [/devices/szlab_mixer_pump] [call_device_action] -> /devices/szlab_poly_plc/_execute_driver_command, args={'node_name': 'S06参数写入完成', 'value': False} [call_device_action:1649] [unilabos.ros.nodes.base_device_node]
26-07-30 [23:15:41,586] [DEBUG] [/devices/szlab_poly_plc] 任务 _execute_driver_command 接收到原始目标: {'string': '{"function_name": "write_variable", "function_args": {"node_name": "S06参数写入完成", "value": false}, "unilabos_param": {"sample_uuids": {}}}'} [execute_callback:2086] [unilabos.ros.nodes.base_device_node]
26-07-30 [23:15:41,587] [TRACE] [/devices/szlab_poly_plc] 任务 _execute_driver_command 接收到原始目标: {'string': '{"function_name": "write_variable", "function_args": {"node_name": "S06参数写入完成", "value": false}, "unilabos_param": {"sample_uuids": {}}}'} [execute_callback:2087] [unilabos.ros.nodes.base_device_node]
26-07-30 [23:15:41,589] [TRACE] [/devices/szlab_poly_plc] 同步执行动作 <bound method BaseROS2DeviceNode._execute_driver_command of <unilabos.ros.nodes.base_device_node.BaseROS2DeviceNode object at 0x7eff959f3ad0>> [execute_callback:2188] [unilabos.ros.nodes.base_device_node]
26-07-30 [23:15:41,717] [DEBUG] 使用节点: '传感器状态_上位机[3].NO[9]', NodeId: ns=4;s=上位机通讯|传感器状态_上位机[3].NO[9] [use_node:345] [unilabos.utils.log.post_process]
26-07-30 [23:15:41,878] [DEBUG] 使用节点: '传感器状态_上位机[3].NO[10]', NodeId: ns=4;s=上位机通讯|传感器状态_上位机[3].NO[10] [use_node:345] [unilabos.utils.log.post_process]
26-07-30 [23:15:41,973] [TRACE] [/devices/szlab_mixer_stirrer] 【.get_property】获取同步属性: status [get_property:371] [unilabos.ros.nodes.base_device_node]
26-07-30 [23:15:41,981] [TRACE] [/devices/szlab_mixer_photoshotting] 【.get_property】获取同步属性: last_photo_path [get_property:371] [unilabos.ros.nodes.base_device_node]
26-07-30 [23:15:41,982] [TRACE] [/devices/szlab_mixer_photoshotting] 【.get_property】获取同步属性: last_result [get_property:371] [unilabos.ros.nodes.base_device_node]
26-07-30 [23:15:41,984] [TRACE] [/devices/szlab_mixer_photoshotting] 【.get_property】获取同步属性: status [get_property:371] [unilabos.ros.nodes.base_device_node]
26-07-30 [23:15:41,990] [TRACE] [/devices/szlab_mixer_pump] 【.get_property】获取同步属性: status [get_property:371] [unilabos.ros.nodes.base_device_node]
26-07-30 [23:15:42,022] [TRACE] [/devices/szlab_mixer_pipetting_station] 【.get_property】获取同步属性: status [get_property:371] [unilabos.ros.nodes.base_device_node]
26-07-30 [23:15:42,035] [TRACE] [/devices/host_node] [Host Node] Discovering devices in the network... [_discover_devices:472] [unilabos.ros.nodes.presets.host_node]
26-07-30 [23:15:42,035] [TRACE] [/devices/host_node] [Host Node] Total online devices: 9 [_discover_devices:525] [unilabos.ros.nodes.presets.host_node]
26-07-30 [23:15:42,039] [DEBUG] 使用节点: '传感器状态_上位机[3].NO[11]', NodeId: ns=4;s=上位机通讯|传感器状态_上位机[3].NO[11] [use_node:345] [unilabos.utils.log.post_process]
26-07-30 [23:15:42,201] [DEBUG] 使用节点: '传感器状态_上位机[3].NO[12]', NodeId: ns=4;s=上位机通讯|传感器状态_上位机[3].NO[12] [use_node:345] [unilabos.utils.log.post_process]
26-07-30 [23:15:42,757] [DEBUG] 使用节点: '传感器状态_上位机[3].NO[13]', NodeId: ns=4;s=上位机通讯|传感器状态_上位机[3].NO[13] [use_node:345] [unilabos.utils.log.post_process]
26-07-30 [23:15:42,918] [DEBUG] 使用节点: 'S06参数写入完成', NodeId: ns=4;s=上位机通讯|S06参数写入完成 [use_node:345] [unilabos.utils.log.post_process]
26-07-30 [23:15:42,921] [TRACE] [/devices/szlab_poly_plc] 【.get_property】获取同步属性: powder_container_occupied [get_property:371] [unilabos.ros.nodes.base_device_node]
26-07-30 [23:15:43,011] [TRACE] [/devices/szlab_s08_cap_station] 【.get_property】获取同步属性: last_s08_status [get_property:371] [unilabos.ros.nodes.base_device_node]
26-07-30 [23:15:44,006] [DEBUG] 使用节点: '传感器状态_上位机[3].NO[8]', NodeId: ns=4;s=上位机通讯|传感器状态_上位机[3].NO[8] [use_node:345] [unilabos.utils.log.post_process]
26-07-30 [23:15:44,007] [TRACE] [/devices/szlab_poly_plc] 动作 _execute_driver_command 完成并返回结果 [execute_callback:2364] [unilabos.ros.nodes.base_device_node]
26-07-30 [23:15:44,040] [DEBUG] [/devices/szlab_mixer_pump] [call_device_action] -> /devices/szlab_poly_plc/_execute_driver_command, args={'node_name': 'S06工艺选择', 'value': 0} [call_device_action:1649] [unilabos.ros.nodes.base_device_node]
26-07-30 [23:15:44,042] [DEBUG] [/devices/szlab_poly_plc] 任务 _execute_driver_command 接收到原始目标: {'string': '{"function_name": "write_variable", "function_args": {"node_name": "S06工艺选择", "value": 0}, "unilabos_param": {"sample_uuids": {}}}'} [execute_callback:2086] [unilabos.ros.nodes.base_device_node]
26-07-30 [23:15:44,045] [TRACE] [/devices/szlab_poly_plc] 任务 _execute_driver_command 接收到原始目标: {'string': '{"function_name": "write_variable", "function_args": {"node_name": "S06工艺选择", "value": 0}, "unilabos_param": {"sample_uuids": {}}}'} [execute_callback:2087] [unilabos.ros.nodes.base_device_node]
26-07-30 [23:15:44,046] [TRACE] [/devices/szlab_poly_plc] 同步执行动作 <bound method BaseROS2DeviceNode._execute_driver_command of <unilabos.ros.nodes.base_device_node.BaseROS2DeviceNode object at 0x7eff959f3ad0>> [execute_callback:2188] [unilabos.ros.nodes.base_device_node]
26-07-30 [23:15:44,167] [DEBUG] 使用节点: '传感器状态_上位机[3].NO[9]', NodeId: ns=4;s=上位机通讯|传感器状态_上位机[3].NO[9] [use_node:345] [unilabos.utils.log.post_process]
26-07-30 [23:15:44,328] [DEBUG] 使用节点: '传感器状态_上位机[3].NO[10]', NodeId: ns=4;s=上位机通讯|传感器状态_上位机[3].NO[10] [use_node:345] [unilabos.utils.log.post_process]
26-07-30 [23:15:44,489] [DEBUG] 使用节点: '传感器状态_上位机[3].NO[11]', NodeId: ns=4;s=上位机通讯|传感器状态_上位机[3].NO[11] [use_node:345] [unilabos.utils.log.post_process]
26-07-30 [23:15:44,650] [DEBUG] 使用节点: '传感器状态_上位机[3].NO[12]', NodeId: ns=4;s=上位机通讯|传感器状态_上位机[3].NO[12] [use_node:345] [unilabos.utils.log.post_process]
26-07-30 [23:15:44,812] [DEBUG] 使用节点: '传感器状态_上位机[3].NO[13]', NodeId: ns=4;s=上位机通讯|传感器状态_上位机[3].NO[13] [use_node:345] [unilabos.utils.log.post_process]
26-07-30 [23:15:44,973] [DEBUG] 使用节点: 'S06工艺选择', NodeId: ns=4;s=上位机通讯|S06工艺选择 [use_node:345] [unilabos.utils.log.post_process]
26-07-30 [23:15:44,976] [TRACE] [/devices/szlab_poly_plc] 【.get_property】获取同步属性: powder_container_occupied [get_property:371] [unilabos.ros.nodes.base_device_node]
26-07-30 [23:15:45,011] [TRACE] [/devices/szlab_s08_cap_station] 【.get_property】获取同步属性: last_s08_status [get_property:371] [unilabos.ros.nodes.base_device_node]
26-07-30 [23:15:45,296] [DEBUG] 使用节点: '传感器状态_上位机[3].NO[8]', NodeId: ns=4;s=上位机通讯|传感器状态_上位机[3].NO[8] [use_node:345] [unilabos.utils.log.post_process]
26-07-30 [23:15:45,298] [TRACE] [/devices/szlab_poly_plc] 动作 _execute_driver_command 完成并返回结果 [execute_callback:2364] [unilabos.ros.nodes.base_device_node]
26-07-30 [23:15:45,342] [DEBUG] [/devices/szlab_mixer_pump] [call_device_action] -> /devices/szlab_poly_plc/_execute_driver_command, args={'node_name': 'S06_1号溶液添加量', 'value': 0} [call_device_action:1649] [unilabos.ros.nodes.base_device_node]
26-07-30 [23:15:45,345] [DEBUG] [/devices/szlab_poly_plc] 任务 _execute_driver_command 接收到原始目标: {'string': '{"function_name": "write_variable", "function_args": {"node_name": "S06_1号溶液添加量", "value": 0}, "unilabos_param": {"sample_uuids": {}}}'} [execute_callback:2086] [unilabos.ros.nodes.base_device_node]
26-07-30 [23:15:45,348] [TRACE] [/devices/szlab_poly_plc] 任务 _execute_driver_command 接收到原始目标: {'string': '{"function_name": "write_variable", "function_args": {"node_name": "S06_1号溶液添加量", "value": 0}, "unilabos_param": {"sample_uuids": {}}}'} [execute_callback:2087] [unilabos.ros.nodes.base_device_node]
26-07-30 [23:15:45,348] [TRACE] [/devices/szlab_poly_plc] 同步执行动作 <bound method BaseROS2DeviceNode._execute_driver_command of <unilabos.ros.nodes.base_device_node.BaseROS2DeviceNode object at 0x7eff959f3ad0>> [execute_callback:2188] [unilabos.ros.nodes.base_device_node]
26-07-30 [23:15:45,458] [DEBUG] 使用节点: '传感器状态_上位机[3].NO[9]', NodeId: ns=4;s=上位机通讯|传感器状态_上位机[3].NO[9] [use_node:345] [unilabos.utils.log.post_process]
26-07-30 [23:15:45,619] [DEBUG] 使用节点: '传感器状态_上位机[3].NO[10]', NodeId: ns=4;s=上位机通讯|传感器状态_上位机[3].NO[10] [use_node:345] [unilabos.utils.log.post_process]
26-07-30 [23:15:45,781] [DEBUG] 使用节点: '传感器状态_上位机[3].NO[11]', NodeId: ns=4;s=上位机通讯|传感器状态_上位机[3].NO[11] [use_node:345] [unilabos.utils.log.post_process]
26-07-30 [23:15:45,942] [DEBUG] 使用节点: '传感器状态_上位机[3].NO[12]', NodeId: ns=4;s=上位机通讯|传感器状态_上位机[3].NO[12] [use_node:345] [unilabos.utils.log.post_process]
26-07-30 [23:15:46,469] [DEBUG] 使用节点: '传感器状态_上位机[3].NO[13]', NodeId: ns=4;s=上位机通讯|传感器状态_上位机[3].NO[13] [use_node:345] [unilabos.utils.log.post_process]
26-07-30 [23:15:46,630] [DEBUG] 使用节点: 'S06_1号溶液添加量', NodeId: ns=4;s=上位机通讯|S06_1号溶液添加量 [use_node:345] [unilabos.utils.log.post_process]
26-07-30 [23:15:46,634] [TRACE] [/devices/szlab_poly_plc] 【.get_property】获取同步属性: powder_container_occupied [get_property:371] [unilabos.ros.nodes.base_device_node]
26-07-30 [23:15:46,953] [DEBUG] 使用节点: '传感器状态_上位机[3].NO[8]', NodeId: ns=4;s=上位机通讯|传感器状态_上位机[3].NO[8] [use_node:345] [unilabos.utils.log.post_process]
26-07-30 [23:15:46,955] [TRACE] [/devices/szlab_poly_plc] 动作 _execute_driver_command 完成并返回结果 [execute_callback:2364] [unilabos.ros.nodes.base_device_node]
26-07-30 [23:15:46,973] [TRACE] [/devices/szlab_mixer_stirrer] 【.get_property】获取同步属性: status [get_property:371] [unilabos.ros.nodes.base_device_node]
26-07-30 [23:15:46,981] [TRACE] [/devices/szlab_mixer_photoshotting] 【.get_property】获取同步属性: last_photo_path [get_property:371] [unilabos.ros.nodes.base_device_node]
26-07-30 [23:15:46,982] [TRACE] [/devices/szlab_mixer_photoshotting] 【.get_property】获取同步属性: last_result [get_property:371] [unilabos.ros.nodes.base_device_node]
26-07-30 [23:15:46,984] [TRACE] [/devices/szlab_mixer_photoshotting] 【.get_property】获取同步属性: status [get_property:371] [unilabos.ros.nodes.base_device_node]
26-07-30 [23:15:46,990] [TRACE] [/devices/szlab_mixer_pump] 【.get_property】获取同步属性: status [get_property:371] [unilabos.ros.nodes.base_device_node]
26-07-30 [23:15:46,996] [TRACE] [/devices/szlab_mixer_pump] 动作 _execute_driver_command 完成并返回结果 [execute_callback:2364] [unilabos.ros.nodes.base_device_node]
26-07-30 [23:15:46,999] [INFO] [/devices/host_node] [Host Node] Result for /devices/szlab_mixer_pump/_execute_driver_command (szlab_mi): success [get_result_callback:1174] [unilabos.ros.nodes.presets.host_node]
26-07-30 [23:15:47,000] [TRACE] [/devices/host_node] [Host Node] Result data: {'return_info': '{"error": "", "suc": true, "return_value": {"success": true, "message": "S06 泵 1 加液流程完成", "data": {"pump": 1, "volume": 8, "volume_pump_1": 0, "volume_pump_2": 0}, "steps": [{"step": "写入溶液添加量并启动 S06", "success": true, "message": "S06 工艺 1 溶液添加完成", "data": {"process": 1, "volume": 8, "volume_pump_1": 0, "volume_pump_2": 0, "amount_values": {"S06_1号溶液添加量": 8}}}, {"step": "机械臂至磁搅", "success": true, "message": "已跳过机械臂搬运", "skipped": true}]}}', 'success': True} [get_result_callback:1176] [unilabos.ros.nodes.presets.host_node]
26-07-30 [23:15:47,000] [TRACE] [/devices/host_node] [Host Node] Removed goal szlab_mi from _goals [get_result_callback:1181] [unilabos.ros.nodes.presets.host_node]
26-07-30 [23:15:47,000] [TRACE] [JobResultStore] Stored result for job szlab_mi, status=4 [trace:478] [unilabos.utils.log.log]
26-07-30 [23:15:47,011] [TRACE] [/devices/szlab_s08_cap_station] 【.get_property】获取同步属性: last_s08_status [get_property:371] [unilabos.ros.nodes.base_device_node]
26-07-30 [23:15:47,022] [TRACE] [/devices/szlab_mixer_pipetting_station] 【.get_property】获取同步属性: status [get_property:371] [unilabos.ros.nodes.base_device_node]
26-07-30 [23:15:47,881] [DEBUG] 使用节点: '传感器状态_上位机[3].NO[9]', NodeId: ns=4;s=上位机通讯|传感器状态_上位机[3].NO[9] [use_node:345] [unilabos.utils.log.post_process]
26-07-30 [23:15:48,043] [DEBUG] 使用节点: '传感器状态_上位机[3].NO[10]', NodeId: ns=4;s=上位机通讯|传感器状态_上位机[3].NO[10] [use_node:345] [unilabos.utils.log.post_process]
26-07-30 [23:15:48,204] [DEBUG] 使用节点: '传感器状态_上位机[3].NO[11]', NodeId: ns=4;s=上位机通讯|传感器状态_上位机[3].NO[11] [use_node:345] [unilabos.utils.log.post_process]
26-07-30 [23:15:48,365] [DEBUG] 使用节点: '传感器状态_上位机[3].NO[12]', NodeId: ns=4;s=上位机通讯|传感器状态_上位机[3].NO[12] [use_node:345] [unilabos.utils.log.post_process]
26-07-30 [23:15:48,526] [DEBUG] 使用节点: '传感器状态_上位机[3].NO[13]', NodeId: ns=4;s=上位机通讯|传感器状态_上位机[3].NO[13] [use_node:345] [unilabos.utils.log.post_process]
26-07-30 [23:15:49,011] [TRACE] [/devices/szlab_s08_cap_station] 【.get_property】获取同步属性: last_s08_status [get_property:371] [unilabos.ros.nodes.base_device_node]
26-07-30 [23:15:49,067] [TRACE] [/devices/szlab_poly_plc] 【.get_property】获取同步属性: powder_container_occupied [get_property:371] [unilabos.ros.nodes.base_device_node]
26-07-30 [23:15:49,067] [DEBUG] 使用节点: '传感器状态_上位机[3].NO[8]', NodeId: ns=4;s=上位机通讯|传感器状态_上位机[3].NO[8] [use_node:345] [unilabos.utils.log.post_process]
26-07-30 [23:15:49,229] [DEBUG] 使用节点: '传感器状态_上位机[3].NO[9]', NodeId: ns=4;s=上位机通讯|传感器状态_上位机[3].NO[9] [use_node:345] [unilabos.utils.log.post_process]
26-07-30 [23:15:49,390] [DEBUG] 使用节点: '传感器状态_上位机[3].NO[10]', NodeId: ns=4;s=上位机通讯|传感器状态_上位机[3].NO[10] [use_node:345] [unilabos.utils.log.post_process]
26-07-30 [23:15:49,551] [DEBUG] 使用节点: '传感器状态_上位机[3].NO[11]', NodeId: ns=4;s=上位机通讯|传感器状态_上位机[3].NO[11] [use_node:345] [unilabos.utils.log.post_process]
26-07-30 [23:15:49,712] [DEBUG] 使用节点: '传感器状态_上位机[3].NO[12]', NodeId: ns=4;s=上位机通讯|传感器状态_上位机[3].NO[12] [use_node:345] [unilabos.utils.log.post_process]
26-07-30 [23:15:49,874] [DEBUG] 使用节点: '传感器状态_上位机[3].NO[13]', NodeId: ns=4;s=上位机通讯|传感器状态_上位机[3].NO[13] [use_node:345] [unilabos.utils.log.post_process]
26-07-30 [23:15:50,407] [TRACE] [/devices/szlab_poly_plc] 【.get_property】获取同步属性: powder_container_occupied [get_property:371] [unilabos.ros.nodes.base_device_node]
26-07-30 [23:15:50,408] [DEBUG] 使用节点: '传感器状态_上位机[3].NO[8]', NodeId: ns=4;s=上位机通讯|传感器状态_上位机[3].NO[8] [use_node:345] [unilabos.utils.log.post_process]
26-07-30 [23:15:50,569] [DEBUG] 使用节点: '传感器状态_上位机[3].NO[9]', NodeId: ns=4;s=上位机通讯|传感器状态_上位机[3].NO[9] [use_node:345] [unilabos.utils.log.post_process]
26-07-30 [23:15:50,731] [DEBUG] 使用节点: '传感器状态_上位机[3].NO[10]', NodeId: ns=4;s=上位机通讯|传感器状态_上位机[3].NO[10] [use_node:345] [unilabos.utils.log.post_process]
26-07-30 [23:15:50,893] [DEBUG] 使用节点: '传感器状态_上位机[3].NO[11]', NodeId: ns=4;s=上位机通讯|传感器状态_上位机[3].NO[11] [use_node:345] [unilabos.utils.log.post_process]
26-07-30 [23:15:51,011] [TRACE] [/devices/szlab_s08_cap_station] 【.get_property】获取同步属性: last_s08_status [get_property:371] [unilabos.ros.nodes.base_device_node]
26-07-30 [23:15:51,054] [DEBUG] 使用节点: '传感器状态_上位机[3].NO[12]', NodeId: ns=4;s=上位机通讯|传感器状态_上位机[3].NO[12] [use_node:345] [unilabos.utils.log.post_process]
26-07-30 [23:15:51,216] [DEBUG] 使用节点: '传感器状态_上位机[3].NO[13]', NodeId: ns=4;s=上位机通讯|传感器状态_上位机[3].NO[13] [use_node:345] [unilabos.utils.log.post_process]
26-07-30 [23:15:51,380] [TRACE] [/devices/szlab_poly_plc] 【.get_property】获取同步属性: powder_container_occupied [get_property:371] [unilabos.ros.nodes.base_device_node]
26-07-30 [23:15:51,380] [DEBUG] 使用节点: '传感器状态_上位机[3].NO[8]', NodeId: ns=4;s=上位机通讯|传感器状态_上位机[3].NO[8] [use_node:345] [unilabos.utils.log.post_process]
26-07-30 [23:15:51,541] [DEBUG] 使用节点: '传感器状态_上位机[3].NO[9]', NodeId: ns=4;s=上位机通讯|传感器状态_上位机[3].NO[9] [use_node:345] [unilabos.utils.log.post_process]
26-07-30 [23:15:51,702] [DEBUG] 使用节点: '传感器状态_上位机[3].NO[10]', NodeId: ns=4;s=上位机通讯|传感器状态_上位机[3].NO[10] [use_node:345] [unilabos.utils.log.post_process]
26-07-30 [23:15:51,864] [DEBUG] 使用节点: '传感器状态_上位机[3].NO[11]', NodeId: ns=4;s=上位机通讯|传感器状态_上位机[3].NO[11] [use_node:345] [unilabos.utils.log.post_process]
26-07-30 [23:15:51,973] [TRACE] [/devices/szlab_mixer_stirrer] 【.get_property】获取同步属性: status [get_property:371] [unilabos.ros.nodes.base_device_node]
26-07-30 [23:15:51,981] [TRACE] [/devices/szlab_mixer_photoshotting] 【.get_property】获取同步属性: last_photo_path [get_property:371] [unilabos.ros.nodes.base_device_node]
26-07-30 [23:15:51,982] [TRACE] [/devices/szlab_mixer_photoshotting] 【.get_property】获取同步属性: last_result [get_property:371] [unilabos.ros.nodes.base_device_node]
26-07-30 [23:15:51,983] [TRACE] [/devices/szlab_mixer_photoshotting] 【.get_property】获取同步属性: status [get_property:371] [unilabos.ros.nodes.base_device_node]
26-07-30 [23:15:51,990] [TRACE] [/devices/szlab_mixer_pump] 【.get_property】获取同步属性: status [get_property:371] [unilabos.ros.nodes.base_device_node]
26-07-30 [23:15:51,992] [TRACE] [/devices/host_node] Status updated: szlab_mixer_pump.status = Idle [property_callback:886] [unilabos.ros.nodes.presets.host_node]
26-07-30 [23:15:52,022] [TRACE] [/devices/szlab_mixer_pipetting_station] 【.get_property】获取同步属性: status [get_property:371] [unilabos.ros.nodes.base_device_node]
26-07-30 [23:15:52,422] [DEBUG] 使用节点: '传感器状态_上位机[3].NO[12]', NodeId: ns=4;s=上位机通讯|传感器状态_上位机[3].NO[12] [use_node:345] [unilabos.utils.log.post_process]
26-07-30 [23:15:52,584] [DEBUG] 使用节点: '传感器状态_上位机[3].NO[13]', NodeId: ns=4;s=上位机通讯|传感器状态_上位机[3].NO[13] [use_node:345] [unilabos.utils.log.post_process]
26-07-30 [23:15:52,748] [TRACE] [/devices/szlab_poly_plc] 【.get_property】获取同步属性: powder_container_occupied [get_property:371] [unilabos.ros.nodes.base_device_node]
26-07-30 [23:15:52,748] [DEBUG] 使用节点: '传感器状态_上位机[3].NO[8]', NodeId: ns=4;s=上位机通讯|传感器状态_上位机[3].NO[8] [use_node:345] [unilabos.utils.log.post_process]
26-07-30 [23:15:53,011] [TRACE] [/devices/szlab_s08_cap_station] 【.get_property】获取同步属性: last_s08_status [get_property:371] [unilabos.ros.nodes.base_device_node]
26-07-30 [23:15:53,285] [DEBUG] 使用节点: '传感器状态_上位机[3].NO[9]', NodeId: ns=4;s=上位机通讯|传感器状态_上位机[3].NO[9] [use_node:345] [unilabos.utils.log.post_process]
26-07-30 [23:15:53,446] [DEBUG] 使用节点: '传感器状态_上位机[3].NO[10]', NodeId: ns=4;s=上位机通讯|传感器状态_上位机[3].NO[10] [use_node:345] [unilabos.utils.log.post_process]
26-07-30 [23:15:53,607] [DEBUG] 使用节点: '传感器状态_上位机[3].NO[11]', NodeId: ns=4;s=上位机通讯|传感器状态_上位机[3].NO[11] [use_node:345] [unilabos.utils.log.post_process]
26-07-30 [23:15:53,769] [DEBUG] 使用节点: '传感器状态_上位机[3].NO[12]', NodeId: ns=4;s=上位机通讯|传感器状态_上位机[3].NO[12] [use_node:345] [unilabos.utils.log.post_process]
26-07-30 [23:15:53,930] [DEBUG] 使用节点: '传感器状态_上位机[3].NO[13]', NodeId: ns=4;s=上位机通讯|传感器状态_上位机[3].NO[13] [use_node:345] [unilabos.utils.log.post_process]
26-07-30 [23:15:54,094] [TRACE] [/devices/szlab_poly_plc] 【.get_property】获取同步属性: powder_container_occupied [get_property:371] [unilabos.ros.nodes.base_device_node]
26-07-30 [23:15:54,094] [DEBUG] 使用节点: '传感器状态_上位机[3].NO[8]', NodeId: ns=4;s=上位机通讯|传感器状态_上位机[3].NO[8] [use_node:345] [unilabos.utils.log.post_process]
26-07-30 [23:15:54,255] [DEBUG] 使用节点: '传感器状态_上位机[3].NO[9]', NodeId: ns=4;s=上位机通讯|传感器状态_上位机[3].NO[9] [use_node:345] [unilabos.utils.log.post_process]
26-07-30 [23:15:55,011] [TRACE] [/devices/szlab_s08_cap_station] 【.get_property】获取同步属性: last_s08_status [get_property:371] [unilabos.ros.nodes.base_device_node]
26-07-30 [23:15:55,173] [DEBUG] 使用节点: '传感器状态_上位机[3].NO[10]', NodeId: ns=4;s=上位机通讯|传感器状态_上位机[3].NO[10] [use_node:345] [unilabos.utils.log.post_process]
26-07-30 [23:15:55,335] [DEBUG] 使用节点: '传感器状态_上位机[3].NO[11]', NodeId: ns=4;s=上位机通讯|传感器状态_上位机[3].NO[11] [use_node:345] [unilabos.utils.log.post_process]
26-07-30 [23:15:55,496] [DEBUG] 使用节点: '传感器状态_上位机[3].NO[12]', NodeId: ns=4;s=上位机通讯|传感器状态_上位机[3].NO[12] [use_node:345] [unilabos.utils.log.post_process]
26-07-30 [23:15:55,657] [DEBUG] 使用节点: '传感器状态_上位机[3].NO[13]', NodeId: ns=4;s=上位机通讯|传感器状态_上位机[3].NO[13] [use_node:345] [unilabos.utils.log.post_process]
26-07-30 [23:15:55,821] [TRACE] [/devices/szlab_poly_plc] 【.get_property】获取同步属性: powder_container_occupied [get_property:371] [unilabos.ros.nodes.base_device_node]
26-07-30 [23:15:55,822] [DEBUG] 使用节点: '传感器状态_上位机[3].NO[8]', NodeId: ns=4;s=上位机通讯|传感器状态_上位机[3].NO[8] [use_node:345] [unilabos.utils.log.post_process]
26-07-30 [23:15:55,984] [DEBUG] 使用节点: '传感器状态_上位机[3].NO[9]', NodeId: ns=4;s=上位机通讯|传感器状态_上位机[3].NO[9] [use_node:345] [unilabos.utils.log.post_process]
26-07-30 [23:15:56,145] [DEBUG] 使用节点: '传感器状态_上位机[3].NO[10]', NodeId: ns=4;s=上位机通讯|传感器状态_上位机[3].NO[10] [use_node:345] [unilabos.utils.log.post_process]
26-07-30 [23:15:56,973] [TRACE] [/devices/szlab_mixer_stirrer] 【.get_property】获取同步属性: status [get_property:371] [unilabos.ros.nodes.base_device_node]
26-07-30 [23:15:56,981] [TRACE] [/devices/szlab_mixer_photoshotting] 【.get_property】获取同步属性: last_photo_path [get_property:371] [unilabos.ros.nodes.base_device_node]
26-07-30 [23:15:56,982] [TRACE] [/devices/szlab_mixer_photoshotting] 【.get_property】获取同步属性: last_result [get_property:371] [unilabos.ros.nodes.base_device_node]
26-07-30 [23:15:56,983] [TRACE] [/devices/szlab_mixer_photoshotting] 【.get_property】获取同步属性: status [get_property:371] [unilabos.ros.nodes.base_device_node]
26-07-30 [23:15:56,990] [TRACE] [/devices/szlab_mixer_pump] 【.get_property】获取同步属性: status [get_property:371] [unilabos.ros.nodes.base_device_node]
26-07-30 [23:15:57,011] [TRACE] [/devices/szlab_s08_cap_station] 【.get_property】获取同步属性: last_s08_status [get_property:371] [unilabos.ros.nodes.base_device_node]
26-07-30 [23:15:57,021] [TRACE] [/devices/szlab_mixer_pipetting_station] 【.get_property】获取同步属性: status [get_property:371] [unilabos.ros.nodes.base_device_node]
26-07-30 [23:15:57,035] [TRACE] [/devices/host_node] [Host Node] Discovering devices in the network... [_discover_devices:472] [unilabos.ros.nodes.presets.host_node]
26-07-30 [23:15:57,035] [TRACE] [/devices/host_node] [Host Node] Total online devices: 9 [_discover_devices:525] [unilabos.ros.nodes.presets.host_node]
26-07-30 [23:15:57,061] [DEBUG] 使用节点: '传感器状态_上位机[3].NO[11]', NodeId: ns=4;s=上位机通讯|传感器状态_上位机[3].NO[11] [use_node:345] [unilabos.utils.log.post_process]
26-07-30 [23:15:57,223] [DEBUG] 使用节点: '传感器状态_上位机[3].NO[12]', NodeId: ns=4;s=上位机通讯|传感器状态_上位机[3].NO[12] [use_node:345] [unilabos.utils.log.post_process]
26-07-30 [23:15:57,384] [DEBUG] 使用节点: '传感器状态_上位机[3].NO[13]', NodeId: ns=4;s=上位机通讯|传感器状态_上位机[3].NO[13] [use_node:345] [unilabos.utils.log.post_process]
26-07-30 [23:15:57,548] [TRACE] [/devices/szlab_poly_plc] 【.get_property】获取同步属性: powder_container_occupied [get_property:371] [unilabos.ros.nodes.base_device_node]
26-07-30 [23:15:57,549] [DEBUG] 使用节点: '传感器状态_上位机[3].NO[8]', NodeId: ns=4;s=上位机通讯|传感器状态_上位机[3].NO[8] [use_node:345] [unilabos.utils.log.post_process]
26-07-30 [23:15:57,710] [DEBUG] 使用节点: '传感器状态_上位机[3].NO[9]', NodeId: ns=4;s=上位机通讯|传感器状态_上位机[3].NO[9] [use_node:345] [unilabos.utils.log.post_process]
26-07-30 [23:15:58,629] [DEBUG] 使用节点: '传感器状态_上位机[3].NO[10]', NodeId: ns=4;s=上位机通讯|传感器状态_上位机[3].NO[10] [use_node:345] [unilabos.utils.log.post_process]
26-07-30 [23:15:58,791] [DEBUG] 使用节点: '传感器状态_上位机[3].NO[11]', NodeId: ns=4;s=上位机通讯|传感器状态_上位机[3].NO[11] [use_node:345] [unilabos.utils.log.post_process]
26-07-30 [23:15:58,952] [DEBUG] 使用节点: '传感器状态_上位机[3].NO[12]', NodeId: ns=4;s=上位机通讯|传感器状态_上位机[3].NO[12] [use_node:345] [unilabos.utils.log.post_process]
26-07-30 [23:15:59,011] [TRACE] [/devices/szlab_s08_cap_station] 【.get_property】获取同步属性: last_s08_status [get_property:371] [unilabos.ros.nodes.base_device_node]
26-07-30 [23:15:59,114] [DEBUG] 使用节点: '传感器状态_上位机[3].NO[13]', NodeId: ns=4;s=上位机通讯|传感器状态_上位机[3].NO[13] [use_node:345] [unilabos.utils.log.post_process]
26-07-30 [23:15:59,279] [TRACE] [/devices/szlab_poly_plc] 【.get_property】获取同步属性: powder_container_occupied [get_property:371] [unilabos.ros.nodes.base_device_node]
26-07-30 [23:15:59,280] [DEBUG] 使用节点: '传感器状态_上位机[3].NO[8]', NodeId: ns=4;s=上位机通讯|传感器状态_上位机[3].NO[8] [use_node:345] [unilabos.utils.log.post_process]
26-07-30 [23:15:59,441] [DEBUG] 使用节点: '传感器状态_上位机[3].NO[9]', NodeId: ns=4;s=上位机通讯|传感器状态_上位机[3].NO[9] [use_node:345] [unilabos.utils.log.post_process]
26-07-30 [23:15:59,602] [DEBUG] 使用节点: '传感器状态_上位机[3].NO[10]', NodeId: ns=4;s=上位机通讯|传感器状态_上位机[3].NO[10] [use_node:345] [unilabos.utils.log.post_process]
26-07-30 [23:16:00,133] [DEBUG] 使用节点: '传感器状态_上位机[3].NO[11]', NodeId: ns=4;s=上位机通讯|传感器状态_上位机[3].NO[11] [use_node:345] [unilabos.utils.log.post_process]
26-07-30 [23:16:00,295] [DEBUG] 使用节点: '传感器状态_上位机[3].NO[12]', NodeId: ns=4;s=上位机通讯|传感器状态_上位机[3].NO[12] [use_node:345] [unilabos.utils.log.post_process]
26-07-30 [23:16:00,456] [DEBUG] 使用节点: '传感器状态_上位机[3].NO[13]', NodeId: ns=4;s=上位机通讯|传感器状态_上位机[3].NO[13] [use_node:345] [unilabos.utils.log.post_process]
26-07-30 [23:16:00,620] [TRACE] [/devices/szlab_poly_plc] 【.get_property】获取同步属性: powder_container_occupied [get_property:371] [unilabos.ros.nodes.base_device_node]
26-07-30 [23:16:00,620] [DEBUG] 使用节点: '传感器状态_上位机[3].NO[8]', NodeId: ns=4;s=上位机通讯|传感器状态_上位机[3].NO[8] [use_node:345] [unilabos.utils.log.post_process]
26-07-30 [23:16:00,782] [DEBUG] 使用节点: '传感器状态_上位机[3].NO[9]', NodeId: ns=4;s=上位机通讯|传感器状态_上位机[3].NO[9] [use_node:345] [unilabos.utils.log.post_process]
26-07-30 [23:16:01,011] [TRACE] [/devices/szlab_s08_cap_station] 【.get_property】获取同步属性: last_s08_status [get_property:371] [unilabos.ros.nodes.base_device_node]
26-07-30 [23:16:01,318] [DEBUG] 使用节点: '传感器状态_上位机[3].NO[10]', NodeId: ns=4;s=上位机通讯|传感器状态_上位机[3].NO[10] [use_node:345] [unilabos.utils.log.post_process]
26-07-30 [23:16:01,480] [DEBUG] 使用节点: '传感器状态_上位机[3].NO[11]', NodeId: ns=4;s=上位机通讯|传感器状态_上位机[3].NO[11] [use_node:345] [unilabos.utils.log.post_process]
26-07-30 [23:16:01,641] [DEBUG] 使用节点: '传感器状态_上位机[3].NO[12]', NodeId: ns=4;s=上位机通讯|传感器状态_上位机[3].NO[12] [use_node:345] [unilabos.utils.log.post_process]
26-07-30 [23:16:01,803] [DEBUG] 使用节点: '传感器状态_上位机[3].NO[13]', NodeId: ns=4;s=上位机通讯|传感器状态_上位机[3].NO[13] [use_node:345] [unilabos.utils.log.post_process]
26-07-30 [23:16:01,967] [TRACE] [/devices/szlab_poly_plc] 【.get_property】获取同步属性: powder_container_occupied [get_property:371] [unilabos.ros.nodes.base_device_node]
26-07-30 [23:16:01,968] [DEBUG] 使用节点: '传感器状态_上位机[3].NO[8]', NodeId: ns=4;s=上位机通讯|传感器状态_上位机[3].NO[8] [use_node:345] [unilabos.utils.log.post_process]
26-07-30 [23:16:01,973] [TRACE] [/devices/szlab_mixer_stirrer] 【.get_property】获取同步属性: status [get_property:371] [unilabos.ros.nodes.base_device_node]
26-07-30 [23:16:01,981] [TRACE] [/devices/szlab_mixer_photoshotting] 【.get_property】获取同步属性: last_photo_path [get_property:371] [unilabos.ros.nodes.base_device_node]
26-07-30 [23:16:01,981] [TRACE] [/devices/szlab_mixer_photoshotting] 【.get_property】获取同步属性: last_result [get_property:371] [unilabos.ros.nodes.base_device_node]
26-07-30 [23:16:01,983] [TRACE] [/devices/szlab_mixer_photoshotting] 【.get_property】获取同步属性: status [get_property:371] [unilabos.ros.nodes.base_device_node]
26-07-30 [23:16:01,990] [TRACE] [/devices/szlab_mixer_pump] 【.get_property】获取同步属性: status [get_property:371] [unilabos.ros.nodes.base_device_node]
26-07-30 [23:16:02,022] [TRACE] [/devices/szlab_mixer_pipetting_station] 【.get_property】获取同步属性: status [get_property:371] [unilabos.ros.nodes.base_device_node]
26-07-30 [23:16:02,130] [DEBUG] 使用节点: '传感器状态_上位机[3].NO[9]', NodeId: ns=4;s=上位机通讯|传感器状态_上位机[3].NO[9] [use_node:345] [unilabos.utils.log.post_process]
26-07-30 [23:16:02,291] [DEBUG] 使用节点: '传感器状态_上位机[3].NO[10]', NodeId: ns=4;s=上位机通讯|传感器状态_上位机[3].NO[10] [use_node:345] [unilabos.utils.log.post_process]
26-07-30 [23:16:02,452] [DEBUG] 使用节点: '传感器状态_上位机[3].NO[11]', NodeId: ns=4;s=上位机通讯|传感器状态_上位机[3].NO[11] [use_node:345] [unilabos.utils.log.post_process]
26-07-30 [23:16:02,614] [DEBUG] 使用节点: '传感器状态_上位机[3].NO[12]', NodeId: ns=4;s=上位机通讯|传感器状态_上位机[3].NO[12] [use_node:345] [unilabos.utils.log.post_process]
26-07-30 [23:16:03,011] [TRACE] [/devices/szlab_s08_cap_station] 【.get_property】获取同步属性: last_s08_status [get_property:371] [unilabos.ros.nodes.base_device_node]
26-07-30 [23:16:03,141] [DEBUG] 使用节点: '传感器状态_上位机[3].NO[13]', NodeId: ns=4;s=上位机通讯|传感器状态_上位机[3].NO[13] [use_node:345] [unilabos.utils.log.post_process]
26-07-30 [23:16:03,305] [TRACE] [/devices/szlab_poly_plc] 【.get_property】获取同步属性: powder_container_occupied [get_property:371] [unilabos.ros.nodes.base_device_node]
26-07-30 [23:16:03,305] [DEBUG] 使用节点: '传感器状态_上位机[3].NO[8]', NodeId: ns=4;s=上位机通讯|传感器状态_上位机[3].NO[8] [use_node:345] [unilabos.utils.log.post_process]
26-07-30 [23:16:03,467] [DEBUG] 使用节点: '传感器状态_上位机[3].NO[9]', NodeId: ns=4;s=上位机通讯|传感器状态_上位机[3].NO[9] [use_node:345] [unilabos.utils.log.post_process]
26-07-30 [23:16:04,005] [DEBUG] 使用节点: '传感器状态_上位机[3].NO[10]', NodeId: ns=4;s=上位机通讯|传感器状态_上位机[3].NO[10] [use_node:345] [unilabos.utils.log.post_process]
26-07-30 [23:16:04,166] [DEBUG] 使用节点: '传感器状态_上位机[3].NO[11]', NodeId: ns=4;s=上位机通讯|传感器状态_上位机[3].NO[11] [use_node:345] [unilabos.utils.log.post_process]
26-07-30 [23:16:04,327] [DEBUG] 使用节点: '传感器状态_上位机[3].NO[12]', NodeId: ns=4;s=上位机通讯|传感器状态_上位机[3].NO[12] [use_node:345] [unilabos.utils.log.post_process]
26-07-30 [23:16:04,489] [DEBUG] 使用节点: '传感器状态_上位机[3].NO[13]', NodeId: ns=4;s=上位机通讯|传感器状态_上位机[3].NO[13] [use_node:345] [unilabos.utils.log.post_process]
26-07-30 [23:16:04,652] [TRACE] [/devices/szlab_poly_plc] 【.get_property】获取同步属性: powder_container_occupied [get_property:371] [unilabos.ros.nodes.base_device_node]
26-07-30 [23:16:04,653] [DEBUG] 使用节点: '传感器状态_上位机[3].NO[8]', NodeId: ns=4;s=上位机通讯|传感器状态_上位机[3].NO[8] [use_node:345] [unilabos.utils.log.post_process]
26-07-30 [23:16:05,011] [TRACE] [/devices/szlab_s08_cap_station] 【.get_property】获取同步属性: last_s08_status [get_property:371] [unilabos.ros.nodes.base_device_node]
26-07-30 [23:16:05,189] [DEBUG] 使用节点: '传感器状态_上位机[3].NO[9]', NodeId: ns=4;s=上位机通讯|传感器状态_上位机[3].NO[9] [use_node:345] [unilabos.utils.log.post_process]
26-07-30 [23:16:05,350] [DEBUG] 使用节点: '传感器状态_上位机[3].NO[10]', NodeId: ns=4;s=上位机通讯|传感器状态_上位机[3].NO[10] [use_node:345] [unilabos.utils.log.post_process]
26-07-30 [23:16:05,511] [DEBUG] 使用节点: '传感器状态_上位机[3].NO[11]', NodeId: ns=4;s=上位机通讯|传感器状态_上位机[3].NO[11] [use_node:345] [unilabos.utils.log.post_process]
26-07-30 [23:16:05,672] [DEBUG] 使用节点: '传感器状态_上位机[3].NO[12]', NodeId: ns=4;s=上位机通讯|传感器状态_上位机[3].NO[12] [use_node:345] [unilabos.utils.log.post_process]
26-07-30 [23:16:06,597] [DEBUG] 使用节点: '传感器状态_上位机[3].NO[13]', NodeId: ns=4;s=上位机通讯|传感器状态_上位机[3].NO[13] [use_node:345] [unilabos.utils.log.post_process]
26-07-30 [23:16:06,760] [TRACE] [/devices/szlab_poly_plc] 【.get_property】获取同步属性: powder_container_occupied [get_property:371] [unilabos.ros.nodes.base_device_node]
26-07-30 [23:16:06,760] [DEBUG] 使用节点: '传感器状态_上位机[3].NO[8]', NodeId: ns=4;s=上位机通讯|传感器状态_上位机[3].NO[8] [use_node:345] [unilabos.utils.log.post_process]
26-07-30 [23:16:06,921] [DEBUG] 使用节点: '传感器状态_上位机[3].NO[9]', NodeId: ns=4;s=上位机通讯|传感器状态_上位机[3].NO[9] [use_node:345] [unilabos.utils.log.post_process]
26-07-30 [23:16:06,973] [TRACE] [/devices/szlab_mixer_stirrer] 【.get_property】获取同步属性: status [get_property:371] [unilabos.ros.nodes.base_device_node]
26-07-30 [23:16:06,981] [TRACE] [/devices/szlab_mixer_photoshotting] 【.get_property】获取同步属性: last_photo_path [get_property:371] [unilabos.ros.nodes.base_device_node]
26-07-30 [23:16:06,982] [TRACE] [/devices/szlab_mixer_photoshotting] 【.get_property】获取同步属性: status [get_property:371] [unilabos.ros.nodes.base_device_node]
26-07-30 [23:16:06,983] [TRACE] [/devices/szlab_mixer_photoshotting] 【.get_property】获取同步属性: last_result [get_property:371] [unilabos.ros.nodes.base_device_node]
26-07-30 [23:16:06,990] [TRACE] [/devices/szlab_mixer_pump] 【.get_property】获取同步属性: status [get_property:371] [unilabos.ros.nodes.base_device_node]
26-07-30 [23:16:07,011] [TRACE] [/devices/szlab_s08_cap_station] 【.get_property】获取同步属性: last_s08_status [get_property:371] [unilabos.ros.nodes.base_device_node]
26-07-30 [23:16:07,021] [TRACE] [/devices/szlab_mixer_pipetting_station] 【.get_property】获取同步属性: status [get_property:371] [unilabos.ros.nodes.base_device_node]
26-07-30 [23:16:07,083] [DEBUG] 使用节点: '传感器状态_上位机[3].NO[10]', NodeId: ns=4;s=上位机通讯|传感器状态_上位机[3].NO[10] [use_node:345] [unilabos.utils.log.post_process]
26-07-30 [23:16:07,621] [DEBUG] 使用节点: '传感器状态_上位机[3].NO[11]', NodeId: ns=4;s=上位机通讯|传感器状态_上位机[3].NO[11] [use_node:345] [unilabos.utils.log.post_process]
26-07-30 [23:16:08,173] [DEBUG] 使用节点: '传感器状态_上位机[3].NO[12]', NodeId: ns=4;s=上位机通讯|传感器状态_上位机[3].NO[12] [use_node:345] [unilabos.utils.log.post_process]
26-07-30 [23:16:08,334] [DEBUG] 使用节点: '传感器状态_上位机[3].NO[13]', NodeId: ns=4;s=上位机通讯|传感器状态_上位机[3].NO[13] [use_node:345] [unilabos.utils.log.post_process]
26-07-30 [23:16:08,498] [TRACE] [/devices/szlab_poly_plc] 【.get_property】获取同步属性: powder_container_occupied [get_property:371] [unilabos.ros.nodes.base_device_node]
26-07-30 [23:16:08,498] [DEBUG] 使用节点: '传感器状态_上位机[3].NO[8]', NodeId: ns=4;s=上位机通讯|传感器状态_上位机[3].NO[8] [use_node:345] [unilabos.utils.log.post_process]
26-07-30 [23:16:08,659] [DEBUG] 使用节点: '传感器状态_上位机[3].NO[9]', NodeId: ns=4;s=上位机通讯|传感器状态_上位机[3].NO[9] [use_node:345] [unilabos.utils.log.post_process]
26-07-30 [23:16:08,820] [DEBUG] 使用节点: '传感器状态_上位机[3].NO[10]', NodeId: ns=4;s=上位机通讯|传感器状态_上位机[3].NO[10] [use_node:345] [unilabos.utils.log.post_process]
26-07-30 [23:16:08,982] [DEBUG] 使用节点: '传感器状态_上位机[3].NO[11]', NodeId: ns=4;s=上位机通讯|传感器状态_上位机[3].NO[11] [use_node:345] [unilabos.utils.log.post_process]
26-07-30 [23:16:09,011] [TRACE] [/devices/szlab_s08_cap_station] 【.get_property】获取同步属性: last_s08_status [get_property:371] [unilabos.ros.nodes.base_device_node]
26-07-30 [23:16:09,144] [DEBUG] 使用节点: '传感器状态_上位机[3].NO[12]', NodeId: ns=4;s=上位机通讯|传感器状态_上位机[3].NO[12] [use_node:345] [unilabos.utils.log.post_process]
26-07-30 [23:16:09,306] [DEBUG] 使用节点: '传感器状态_上位机[3].NO[13]', NodeId: ns=4;s=上位机通讯|传感器状态_上位机[3].NO[13] [use_node:345] [unilabos.utils.log.post_process]
26-07-30 [23:16:09,864] [TRACE] [/devices/szlab_poly_plc] 【.get_property】获取同步属性: powder_container_occupied [get_property:371] [unilabos.ros.nodes.base_device_node]
26-07-30 [23:16:09,865] [DEBUG] 使用节点: '传感器状态_上位机[3].NO[8]', NodeId: ns=4;s=上位机通讯|传感器状态_上位机[3].NO[8] [use_node:345] [unilabos.utils.log.post_process]
26-07-30 [23:16:10,026] [DEBUG] 使用节点: '传感器状态_上位机[3].NO[9]', NodeId: ns=4;s=上位机通讯|传感器状态_上位机[3].NO[9] [use_node:345] [unilabos.utils.log.post_process]
26-07-30 [23:16:10,187] [DEBUG] 使用节点: '传感器状态_上位机[3].NO[10]', NodeId: ns=4;s=上位机通讯|传感器状态_上位机[3].NO[10] [use_node:345] [unilabos.utils.log.post_process]
26-07-30 [23:16:11,011] [TRACE] [/devices/szlab_s08_cap_station] 【.get_property】获取同步属性: last_s08_status [get_property:371] [unilabos.ros.nodes.base_device_node]
26-07-30 [23:16:11,109] [DEBUG] 使用节点: '传感器状态_上位机[3].NO[11]', NodeId: ns=4;s=上位机通讯|传感器状态_上位机[3].NO[11] [use_node:345] [unilabos.utils.log.post_process]
26-07-30 [23:16:11,270] [DEBUG] 使用节点: '传感器状态_上位机[3].NO[12]', NodeId: ns=4;s=上位机通讯|传感器状态_上位机[3].NO[12] [use_node:345] [unilabos.utils.log.post_process]
26-07-30 [23:16:11,431] [DEBUG] 使用节点: '传感器状态_上位机[3].NO[13]', NodeId: ns=4;s=上位机通讯|传感器状态_上位机[3].NO[13] [use_node:345] [unilabos.utils.log.post_process]
26-07-30 [23:16:11,973] [TRACE] [/devices/szlab_mixer_stirrer] 【.get_property】获取同步属性: status [get_property:371] [unilabos.ros.nodes.base_device_node]
26-07-30 [23:16:11,976] [TRACE] [/devices/szlab_poly_plc] 【.get_property】获取同步属性: powder_container_occupied [get_property:371] [unilabos.ros.nodes.base_device_node]
26-07-30 [23:16:11,976] [DEBUG] 使用节点: '传感器状态_上位机[3].NO[8]', NodeId: ns=4;s=上位机通讯|传感器状态_上位机[3].NO[8] [use_node:345] [unilabos.utils.log.post_process]
26-07-30 [23:16:11,981] [TRACE] [/devices/szlab_mixer_photoshotting] 【.get_property】获取同步属性: last_photo_path [get_property:371] [unilabos.ros.nodes.base_device_node]
26-07-30 [23:16:11,981] [TRACE] [/devices/szlab_mixer_photoshotting] 【.get_property】获取同步属性: last_result [get_property:371] [unilabos.ros.nodes.base_device_node]
26-07-30 [23:16:11,983] [TRACE] [/devices/szlab_mixer_photoshotting] 【.get_property】获取同步属性: status [get_property:371] [unilabos.ros.nodes.base_device_node]
26-07-30 [23:16:11,990] [TRACE] [/devices/szlab_mixer_pump] 【.get_property】获取同步属性: status [get_property:371] [unilabos.ros.nodes.base_device_node]
26-07-30 [23:16:12,022] [TRACE] [/devices/szlab_mixer_pipetting_station] 【.get_property】获取同步属性: status [get_property:371] [unilabos.ros.nodes.base_device_node]
26-07-30 [23:16:12,035] [TRACE] [/devices/host_node] [Host Node] Discovering devices in the network... [_discover_devices:472] [unilabos.ros.nodes.presets.host_node]
26-07-30 [23:16:12,035] [TRACE] [/devices/host_node] [Host Node] Total online devices: 9 [_discover_devices:525] [unilabos.ros.nodes.presets.host_node]
26-07-30 [23:16:12,138] [DEBUG] 使用节点: '传感器状态_上位机[3].NO[9]', NodeId: ns=4;s=上位机通讯|传感器状态_上位机[3].NO[9] [use_node:345] [unilabos.utils.log.post_process]
26-07-30 [23:16:12,299] [DEBUG] 使用节点: '传感器状态_上位机[3].NO[10]', NodeId: ns=4;s=上位机通讯|传感器状态_上位机[3].NO[10] [use_node:345] [unilabos.utils.log.post_process]
26-07-30 [23:16:12,460] [DEBUG] 使用节点: '传感器状态_上位机[3].NO[11]', NodeId: ns=4;s=上位机通讯|传感器状态_上位机[3].NO[11] [use_node:345] [unilabos.utils.log.post_process]
26-07-30 [23:16:12,622] [DEBUG] 使用节点: '传感器状态_上位机[3].NO[12]', NodeId: ns=4;s=上位机通讯|传感器状态_上位机[3].NO[12] [use_node:345] [unilabos.utils.log.post_process]
26-07-30 [23:16:12,783] [DEBUG] 使用节点: '传感器状态_上位机[3].NO[13]', NodeId: ns=4;s=上位机通讯|传感器状态_上位机[3].NO[13] [use_node:345] [unilabos.utils.log.post_process]
26-07-30 [23:16:12,947] [TRACE] [/devices/szlab_poly_plc] 【.get_property】获取同步属性: registered_variable_count [get_property:371] [unilabos.ros.nodes.base_device_node]
26-07-30 [23:16:12,949] [TRACE] [/devices/szlab_poly_plc] 【.get_property】获取同步属性: registered_variables [get_property:371] [unilabos.ros.nodes.base_device_node]
26-07-30 [23:16:12,949] [TRACE] [/devices/host_node] Status created: szlab_poly_plc.registered_variable_count = 911 [property_callback:884] [unilabos.ros.nodes.presets.host_node]
26-07-30 [23:16:12,951] [TRACE] [/devices/szlab_poly_plc] 【.get_property】获取同步属性: s10_liquid_reagent_occupied [get_property:371] [unilabos.ros.nodes.base_device_node]
26-07-30 [23:16:12,951] [TRACE] [/devices/host_node] Status created: szlab_poly_plc.registered_variables = ["PLC_R任务号", "Robot_Home", "Robot_任务允许写入", "Robot_任务写入完成", "Robot_任务完成", "S01出入料产品", "S01取放料编号", "S02取放料编号", "S03_1取料编号", "S03_1放料编号", "S03取放料产品", "S03取放料编号", "S041允许加工", "S041准备信号", "S041加工完成", "S041参数写入完成", "S041磁搅工艺选择", "S041磁搅状态", "S042允许加工", "S042准备信号", "S042加工完成", "S042参数写入完成", "S042磁搅工艺选择", "S042磁搅状态", "S043允许加工", "S043准备信号", "S043加工完成", "S043参数写入完成", "S043磁搅工艺选择", "S043磁搅状态", "S044允许加工", "S044准备信号", "S044加工完成", "S044参数写入完成", "S044磁搅工艺选择", "S044磁搅状态", "S045允许加工", "S045准备信号", "S045加工完成", "S045参数写入完成", "S045磁搅工艺选择", "S045磁搅状态", "S046允许加工", "S046准备信号", "S046加工完成", "S046参数写入完成", "S046磁搅工艺选择", "S046磁搅状态", "S04取放料编号", "S05准备信号", "S05加工完成", "S05拍照结果", "S05数据", "S05数据[0]", "S05数据[10]", "S05数据[11]", "S05数据[12]", "S05数据[13]", "S05数据[14]", "S05数据[15]", "S05数据[16]", "S05数据[17]", "S05数据[18]", "S05数据[19]", "S05数据[1]", "S05数据[20]", "S05数据[21]", "S05数据[22]", "S05数据[23]", "S05数据[24]", "S05数据[25]", "S05数据[26]", "S05数据[27]", "S05数据[28]", "S05数据[29]", "S05数据[2]", "S05数据[3]", "S05数据[4]", "S05数据[5]", "S05数据[6]", "S05数据[7]", "S05数据[8]", "S05数据[9]", "S06_1号溶液添加量", "S06_2号溶液添加量", "S06允许加工", "S06准备信号", "S06加工完成", "S06参数写入完成", "S06工艺选择", "S071取放料编号", "S072取放料产品", "S07_粗注粉开口量", "S07_粗注粉开口量[0]", "S07_粗注粉开口量[1]", "S07_粗注粉开口量[2]", "S07_粗注粉开口量[3]", "S07_粗注粉开口量[4]", "S07_粗注粉提请停止量", "S07_粗注粉提请停止量[0]", "S07_粗注粉提请停止量[1]", "S07_粗注粉提请停止量[2]", "S07_粗注粉提请停止量[3]", "S07_粗注粉提请停止量[4]", "S07_粗注粉旋转速度", "S07_粗注粉旋转速度[0]", "S07_粗注粉旋转速度[1]", "S07_粗注粉旋转速度[2]", "S07_粗注粉旋转速度[3]", "S07_粗注粉旋转速度[4]", "S07_粗注粉落粉匀速", "S07_粗注粉落粉匀速[0]", "S07_粗注粉落粉匀速[1]", "S07_粗注粉落粉匀速[2]", "S07_粗注粉落粉匀速[3]", "S07_粗注粉落粉匀速[4]", "S07_粗注粉震荡最高速度", "S07_精注粉开口量", "S07_精注粉开口量[0]", "S07_精注粉开口量[1]", "S07_精注粉开口量[2]", "S07_精注粉开口量[3]", "S07_精注粉开口量[4]", "S07_精注粉提请停止量", "S07_精注粉提请停止量[0]", "S07_精注粉提请停止量[1]", "S07_精注粉提请停止量[2]", "S07_精注粉提请停止量[3]", "S07_精注粉提请停止量[4]", "S07_精注粉旋转速度", "S07_精注粉旋转速度[0]", "S07_精注粉旋转速度[1]", "S07_精注粉旋转速度[2]", "S07_精注粉旋转速度[3]", "S07_精注粉旋转速度[4]", "S07_精注粉落粉匀速", "S07_精注粉落粉匀速[0]", "S07_精注粉落粉匀速[1]", "S07_精注粉落粉匀速[2]", "S07_精注粉落粉匀速[3]", "S07_精注粉落粉匀速[4]", "S07_精注粉震荡最高速度", "S07上下料位置", "S07位置10二维码", "S07位置10二维码[0]", "S07位置10二维码[10]", "S07位置10二维码[11]", "S07位置10二维码[12]", "S07位置10二维码[13]", "S07位置10二维码[14]", "S07位置10二维码[15]", "S07位置10二维码[16]", "S07位置10二维码[17]", "S07位置10二维码[18]", "S07位置10二维码[19]", "S07位置10二维码[1]", "S07位置10二维码[20]", "S07位置10二维码[21]", "S07位置10二维码[22]", "S07位置10二维码[23]", "S07位置10二维码[24]", "S07位置10二维码[25]", "S07位置10二维码[26]", "S07位置10二维码[27]", "S07位置10二维码[28]", "S07位置10二维码[29]", "S07位置10二维码[2]", "S07位置10二维码[3]", "S07位置10二维码[4]", "S07位置10二维码[5]", "S07位置10二维码[6]", "S07位置10二维码[7]", "S07位置10二维码[8]", "S07位置10二维码[9]", "S07位置1二维码", "S07位置1二维码[0]", "S07位置1二维码[10]", "S07位置1二维码[11]", "S07位置1二维码[12]", "S07位置1二维码[13]", "S07位置1二维码[14]", "S07位置1二维码[15]", "S07位置1二维码[16]", "S07位置1二维码[17]", "S07位置1二维码[18]", "S07位置1二维码[19]", "S07位置1二维码[1]", "S07位置1二维码[20]", "S07位置1二维码[21]", "S07位置1二维码[22]", "S07位置1二维码[23]", "S07位置1二维码[24]", "S07位置1二维码[25]", "S07位置1二维码[26]", "S07位置1二维码[27]", "S07位置1二维码[28]", "S07位置1二维码[29]", "S07位置1二维码[2]", "S07位置1二维码[3]", "S07位置1二维码[4]", "S07位置1二维码[5]", "S07位置1二维码[6]", "S07位置1二维码[7]", "S07位置1二维码[8]", "S07位置1二维码[9]", "S07位置2二维码", "S07位置2二维码[0]", "S07位置2二维码[10]", "S07位置2二维码[11]", "S07位置2二维码[12]", "S07位置2二维码[13]", "S07位置2二维码[14]", "S07位置2二维码[15]", "S07位置2二维码[16]", "S07位置2二维码[17]", "S07位置2二维码[18]", "S07位置2二维码[19]", "S07位置2二维码[1]", "S07位置2二维码[20]", "S07位置2二维码[21]", "S07位置2二维码[22]", "S07位置2二维码[23]", "S07位置2二维码[24]", "S07位置2二维码[25]", "S07位置2二维码[26]", "S07位置2二维码[27]", "S07位置2二维码[28]", "S07位置2二维码[29]", "S07位置2二维码[2]", "S07位置2二维码[3]", "S07位置2二维码[4]", "S07位置2二维码[5]", "S07位置2二维码[6]", "S07位置2二维码[7]", "S07位置2二维码[8]", "S07位置2二维码[9]", "S07位置3二维码", "S07位置3二维码[0]", "S07位置3二维码[10]", "S07位置3二维码[11]", "S07位置3二维码[12]", "S07位置3二维码[13]", "S07位置3二维码[14]", "S07位置3二维码[15]", "S07位置3二维码[16]", "S07位置3二维码[17]", "S07位置3二维码[18]", "S07位置3二维码[19]", "S07位置3二维码[1]", "S07位置3二维码[20]", "S07位置3二维码[21]", "S07位置3二维码[22]", "S07位置3二维码[23]", "S07位置3二维码[24]", "S07位置3二维码[25]", "S07位置3二维码[26]", "S07位置3二维码[27]", "S07位置3二维码[28]", "S07位置3二维码[29]", "S07位置3二维码[2]", "S07位置3二维码[3]", "S07位置3二维码[4]", "S07位置3二维码[5]", "S07位置3二维码[6]", "S07位置3二维码[7]", "S07位置3二维码[8]", "S07位置3二维码[9]", "S07位置4二维码", "S07位置4二维码[0]", "S07位置4二维码[10]", "S07位置4二维码[11]", "S07位置4二维码[12]", "S07位置4二维码[13]", "S07位置4二维码[14]", "S07位置4二维码[15]", "S07位置4二维码[16]", "S07位置4二维码[17]", "S07位置4二维码[18]", "S07位置4二维码[19]", "S07位置4二维码[1]", "S07位置4二维码[20]", "S07位置4二维码[21]", "S07位置4二维码[22]", "S07位置4二维码[23]", "S07位置4二维码[24]", "S07位置4二维码[25]", "S07位置4二维码[26]", "S07位置4二维码[27]", "S07位置4二维码[28]", "S07位置4二维码[29]", "S07位置4二维码[2]", "S07位置4二维码[3]", "S07位置4二维码[4]", "S07位置4二维码[5]", "S07位置4二维码[6]", "S07位置4二维码[7]", "S07位置4二维码[8]", "S07位置4二维码[9]", "S07位置5二维码", "S07位置5二维码[0]", "S07位置5二维码[10]", "S07位置5二维码[11]", "S07位置5二维码[12]", "S07位置5二维码[13]", "S07位置5二维码[14]", "S07位置5二维码[15]", "S07位置5二维码[16]", "S07位置5二维码[17]", "S07位置5二维码[18]", "S07位置5二维码[19]", "S07位置5二维码[1]", "S07位置5二维码[20]", "S07位置5二维码[21]", "S07位置5二维码[22]", "S07位置5二维码[23]", "S07位置5二维码[24]", "S07位置5二维码[25]", "S07位置5二维码[26]", "S07位置5二维码[27]", "S07位置5二维码[28]", "S07位置5二维码[29]", "S07位置5二维码[2]", "S07位置5二维码[3]", "S07位置5二维码[4]", "S07位置5二维码[5]", "S07位置5二维码[6]", "S07位置5二维码[7]", "S07位置5二维码[8]", "S07位置5二维码[9]", "S07位置6二维码", "S07位置6二维码[0]", "S07位置6二维码[10]", "S07位置6二维码[11]", "S07位置6二维码[12]", "S07位置6二维码[13]", "S07位置6二维码[14]", "S07位置6二维码[15]", "S07位置6二维码[16]", "S07位置6二维码[17]", "S07位置6二维码[18]", "S07位置6二维码[19]", "S07位置6二维码[1]", "S07位置6二维码[20]", "S07位置6二维码[21]", "S07位置6二维码[22]", "S07位置6二维码[23]", "S07位置6二维码[24]", "S07位置6二维码[25]", "S07位置6二维码[26]", "S07位置6二维码[27]", "S07位置6二维码[28]", "S07位置6二维码[29]", "S07位置6二维码[2]", "S07位置6二维码[3]", "S07位置6二维码[4]", "S07位置6二维码[5]", "S07位置6二维码[6]", "S07位置6二维码[7]", "S07位置6二维码[8]", "S07位置6二维码[9]", "S07位置7二维码", "S07位置7二维码[0]", "S07位置7二维码[10]", "S07位置7二维码[11]", "S07位置7二维码[12]", "S07位置7二维码[13]", "S07位置7二维码[14]", "S07位置7二维码[15]", "S07位置7二维码[16]", "S07位置7二维码[17]", "S07位置7二维码[18]", "S07位置7二维码[19]", "S07位置7二维码[1]", "S07位置7二维码[20]", "S07位置7二维码[21]", "S07位置7二维码[22]", "S07位置7二维码[23]", "S07位置7二维码[24]", "S07位置7二维码[25]", "S07位置7二维码[26]", "S07位置7二维码[27]", "S07位置7二维码[28]", "S07位置7二维码[29]", "S07位置7二维码[2]", "S07位置7二维码[3]", "S07位置7二维码[4]", "S07位置7二维码[5]", "S07位置7二维码[6]", "S07位置7二维码[7]", "S07位置7二维码[8]", "S07位置7二维码[9]", "S07位置8二维码", "S07位置8二维码[0]", "S07位置8二维码[10]", "S07位置8二维码[11]", "S07位置8二维码[12]", "S07位置8二维码[13]", "S07位置8二维码[14]", "S07位置8二维码[15]", "S07位置8二维码[16]", "S07位置8二维码[17]", "S07位置8二维码[18]", "S07位置8二维码[19]", "S07位置8二维码[1]", "S07位置8二维码[20]", "S07位置8二维码[21]", "S07位置8二维码[22]", "S07位置8二维码[23]", "S07位置8二维码[24]", "S07位置8二维码[25]", "S07位置8二维码[26]", "S07位置8二维码[27]", "S07位置8二维码[28]", "S07位置8二维码[29]", "S07位置8二维码[2]", "S07位置8二维码[3]", "S07位置8二维码[4]", "S07位置8二维码[5]", "S07位置8二维码[6]", "S07位置8二维码[7]", "S07位置8二维码[8]", "S07位置8二维码[9]", "S07位置9二维码", "S07位置9二维码[0]", "S07位置9二维码[10]", "S07位置9二维码[11]", "S07位置9二维码[12]", "S07位置9二维码[13]", "S07位置9二维码[14]", "S07位置9二维码[15]", "S07位置9二维码[16]", "S07位置9二维码[17]", "S07位置9二维码[18]", "S07位置9二维码[19]", "S07位置9二维码[1]", "S07位置9二维码[20]", "S07位置9二维码[21]", "S07位置9二维码[22]", "S07位置9二维码[23]", "S07位置9二维码[24]", "S07位置9二维码[25]", "S07位置9二维码[26]", "S07位置9二维码[27]", "S07位置9二维码[28]", "S07位置9二维码[29]", "S07位置9二维码[2]", "S07位置9二维码[3]", "S07位置9二维码[4]", "S07位置9二维码[5]", "S07位置9二维码[6]", "S07位置9二维码[7]", "S07位置9二维码[8]", "S07位置9二维码[9]", "S07允许加工", "S07原点信号", "S07参数写入完成", "S07工艺完成", "S07工艺选择", "S07注粉重量", "S07粗注粉位置号", "S07精注粉位置号", "S082_1数据缓存", "S082_1数据缓存[0]", "S082_1数据缓存[10]", "S082_1数据缓存[11]", "S082_1数据缓存[12]", "S082_1数据缓存[13]", "S082_1数据缓存[14]", "S082_1数据缓存[15]", "S082_1数据缓存[16]", "S082_1数据缓存[17]", "S082_1数据缓存[18]", "S082_1数据缓存[19]", "S082_1数据缓存[1]", "S082_1数据缓存[20]", "S082_1数据缓存[21]", "S082_1数据缓存[22]", "S082_1数据缓存[23]", "S082_1数据缓存[24]", "S082_1数据缓存[25]", "S082_1数据缓存[26]", "S082_1数据缓存[27]", "S082_1数据缓存[28]", "S082_1数据缓存[29]", "S082_1数据缓存[2]", "S082_1数据缓存[3]", "S082_1数据缓存[4]", "S082_1数据缓存[5]", "S082_1数据缓存[6]", "S082_1数据缓存[7]", "S082_1数据缓存[8]", "S082_1数据缓存[9]", "S082_2数据缓存", "S082_2数据缓存[0]", "S082_2数据缓存[10]", "S082_2数据缓存[11]", "S082_2数据缓存[12]", "S082_2数据缓存[13]", "S082_2数据缓存[14]", "S082_2数据缓存[15]", "S082_2数据缓存[16]", "S082_2数据缓存[17]", "S082_2数据缓存[18]", "S082_2数据缓存[19]", "S082_2数据缓存[1]", "S082_2数据缓存[20]", "S082_2数据缓存[21]", "S082_2数据缓存[22]", "S082_2数据缓存[23]", "S082_2数据缓存[24]", "S082_2数据缓存[25]", "S082_2数据缓存[26]", "S082_2数据缓存[27]", "S082_2数据缓存[28]", "S082_2数据缓存[29]", "S082_2数据缓存[2]", "S082_2数据缓存[3]", "S082_2数据缓存[4]", "S082_2数据缓存[5]", "S082_2数据缓存[6]", "S082_2数据缓存[7]", "S082_2数据缓存[8]", "S082_2数据缓存[9]", "S082_3数据缓存", "S082_3数据缓存[0]", "S082_3数据缓存[10]", "S082_3数据缓存[11]", "S082_3数据缓存[12]", "S082_3数据缓存[13]", "S082_3数据缓存[14]", "S082_3数据缓存[15]", "S082_3数据缓存[16]", "S082_3数据缓存[17]", "S082_3数据缓存[18]", "S082_3数据缓存[19]", "S082_3数据缓存[1]", "S082_3数据缓存[20]", "S082_3数据缓存[21]", "S082_3数据缓存[22]", "S082_3数据缓存[23]", "S082_3数据缓存[24]", "S082_3数据缓存[25]", "S082_3数据缓存[26]", "S082_3数据缓存[27]", "S082_3数据缓存[28]", "S082_3数据缓存[29]", "S082_3数据缓存[2]", "S082_3数据缓存[3]", "S082_3数据缓存[4]", "S082_3数据缓存[5]", "S082_3数据缓存[6]", "S082_3数据缓存[7]", "S082_3数据缓存[8]", "S082_3数据缓存[9]", "S082_4数据缓存", "S082_4数据缓存[0]", "S082_4数据缓存[10]", "S082_4数据缓存[11]", "S082_4数据缓存[12]", "S082_4数据缓存[13]", "S082_4数据缓存[14]", "S082_4数据缓存[15]", "S082_4数据缓存[16]", "S082_4数据缓存[17]", "S082_4数据缓存[18]", "S082_4数据缓存[19]", "S082_4数据缓存[1]", "S082_4数据缓存[20]", "S082_4数据缓存[21]", "S082_4数据缓存[22]", "S082_4数据缓存[23]", "S082_4数据缓存[24]", "S082_4数据缓存[25]", "S082_4数据缓存[26]", "S082_4数据缓存[27]", "S082_4数据缓存[28]", "S082_4数据缓存[29]", "S082_4数据缓存[2]", "S082_4数据缓存[3]", "S082_4数据缓存[4]", "S082_4数据缓存[5]", "S082_4数据缓存[6]", "S082_4数据缓存[7]", "S082_4数据缓存[8]", "S082_4数据缓存[9]", "S082_5数据缓存", "S082_5数据缓存[0]", "S082_5数据缓存[10]", "S082_5数据缓存[11]", "S082_5数据缓存[12]", "S082_5数据缓存[13]", "S082_5数据缓存[14]", "S082_5数据缓存[15]", "S082_5数据缓存[16]", "S082_5数据缓存[17]", "S082_5数据缓存[18]", "S082_5数据缓存[19]", "S082_5数据缓存[1]", "S082_5数据缓存[20]", "S082_5数据缓存[21]", "S082_5数据缓存[22]", "S082_5数据缓存[23]", "S082_5数据缓存[24]", "S082_5数据缓存[25]", "S082_5数据缓存[26]", "S082_5数据缓存[27]", "S082_5数据缓存[28]", "S082_5数据缓存[29]", "S082_5数据缓存[2]", "S082_5数据缓存[3]", "S082_5数据缓存[4]", "S082_5数据缓存[5]", "S082_5数据缓存[6]", "S082_5数据缓存[7]", "S082_5数据缓存[8]", "S082_5数据缓存[9]", "S082瓶盖暂存位", "S08倒料产品选择", "S08允许加工", "S08原点信号", "S08参数写入完成", "S08取放料产品", "S08取放料编号", "S08工艺完成", "S08工艺选择", "S09TIP盒工位编号", "S09TIP编号", "S09允许加工", "S09原点信号_1", "S09原点信号_2", "S09原点信号_3", "S09原点信号_4", "S09参数写入完成", "S09取放料产品", "S09取放料编号", "S09天平读数", "S09天平读数稳定", "S09工艺完成", "S09工艺选择", "S09抽液量", "S09放液量", "S09液体瓶1剩余液量", "S09液体瓶2剩余液量", "S09液体瓶3剩余液量", "S09液体瓶4剩余液量", "S09液体瓶5剩余液量", "S09液体瓶编号", "S10取放料编号", "S11取放料产品", "S11取放料编号", "任务号", "传感器状态_上位机", "传感器状态_上位机[0]", "传感器状态_上位机[0].NO", "传感器状态_上位机[0].NO[0]", "传感器状态_上位机[0].NO[10]", "传感器状态_上位机[0].NO[11]", "传感器状态_上位机[0].NO[12]", "传感器状态_上位机[0].NO[13]", "传感器状态_上位机[0].NO[14]", "传感器状态_上位机[0].NO[15]", "传感器状态_上位机[0].NO[1]", "传感器状态_上位机[0].NO[2]", "传感器状态_上位机[0].NO[3]", "传感器状态_上位机[0].NO[4]", "传感器状态_上位机[0].NO[5]", "传感器状态_上位机[0].NO[6]", "传感器状态_上位机[0].NO[7]", "传感器状态_上位机[0].NO[8]", "传感器状态_上位机[0].NO[9]", "传感器状态_上位机[1]", "传感器状态_上位机[1].NO", "传感器状态_上位机[1].NO[0]", "传感器状态_上位机[1].NO[10]", "传感器状态_上位机[1].NO[11]", "传感器状态_上位机[1].NO[12]", "传感器状态_上位机[1].NO[13]", "传感器状态_上位机[1].NO[14]", "传感器状态_上位机[1].NO[15]", "传感器状态_上位机[1].NO[1]", "传感器状态_上位机[1].NO[2]", "传感器状态_上位机[1].NO[3]", "传感器状态_上位机[1].NO[4]", "传感器状态_上位机[1].NO[5]", "传感器状态_上位机[1].NO[6]", "传感器状态_上位机[1].NO[7]", "传感器状态_上位机[1].NO[8]", "传感器状态_上位机[1].NO[9]", "传感器状态_上位机[2]", "传感器状态_上位机[2].NO", "传感器状态_上位机[2].NO[0]", "传感器状态_上位机[2].NO[10]", "传感器状态_上位机[2].NO[11]", "传感器状态_上位机[2].NO[12]", "传感器状态_上位机[2].NO[13]", "传感器状态_上位机[2].NO[14]", "传感器状态_上位机[2].NO[15]", "传感器状态_上位机[2].NO[1]", "传感器状态_上位机[2].NO[2]", "传感器状态_上位机[2].NO[3]", "传感器状态_上位机[2].NO[4]", "传感器状态_上位机[2].NO[5]", "传感器状态_上位机[2].NO[6]", "传感器状态_上位机[2].NO[7]", "传感器状态_上位机[2].NO[8]", "传感器状态_上位机[2].NO[9]", "传感器状态_上位机[3]", "传感器状态_上位机[3].NO", "传感器状态_上位机[3].NO[0]", "传感器状态_上位机[3].NO[10]", "传感器状态_上位机[3].NO[11]", "传感器状态_上位机[3].NO[12]", "传感器状态_上位机[3].NO[13]", "传感器状态_上位机[3].NO[14]", "传感器状态_上位机[3].NO[15]", "传感器状态_上位机[3].NO[1]", "传感器状态_上位机[3].NO[2]", "传感器状态_上位机[3].NO[3]", "传感器状态_上位机[3].NO[4]", "传感器状态_上位机[3].NO[5]", "传感器状态_上位机[3].NO[6]", "传感器状态_上位机[3].NO[7]", "传感器状态_上位机[3].NO[8]", "传感器状态_上位机[3].NO[9]", "传感器状态_上位机[4]", "传感器状态_上位机[4].NO", "传感器状态_上位机[4].NO[0]", "传感器状态_上位机[4].NO[10]", "传感器状态_上位机[4].NO[11]", "传感器状态_上位机[4].NO[12]", "传感器状态_上位机[4].NO[13]", "传感器状态_上位机[4].NO[14]", "传感器状态_上位机[4].NO[15]", "传感器状态_上位机[4].NO[1]", "传感器状态_上位机[4].NO[2]", "传感器状态_上位机[4].NO[3]", "传感器状态_上位机[4].NO[4]", "传感器状态_上位机[4].NO[5]", "传感器状态_上位机[4].NO[6]", "传感器状态_上位机[4].NO[7]", "传感器状态_上位机[4].NO[8]", "传感器状态_上位机[4].NO[9]", "传感器状态_上位机[5]", "传感器状态_上位机[5].NO", "传感器状态_上位机[5].NO[0]", "传感器状态_上位机[5].NO[10]", "传感器状态_上位机[5].NO[11]", "传感器状态_上位机[5].NO[12]", "传感器状态_上位机[5].NO[13]", "传感器状态_上位机[5].NO[14]", "传感器状态_上位机[5].NO[15]", "传感器状态_上位机[5].NO[1]", "传感器状态_上位机[5].NO[2]", "传感器状态_上位机[5].NO[3]", "传感器状态_上位机[5].NO[4]", "传感器状态_上位机[5].NO[5]", "传感器状态_上位机[5].NO[6]", "传感器状态_上位机[5].NO[7]", "传感器状态_上位机[5].NO[8]", "传感器状态_上位机[5].NO[9]", "传感器状态_上位机[6]", "传感器状态_上位机[6].NO", "传感器状态_上位机[6].NO[0]", "传感器状态_上位机[6].NO[10]", "传感器状态_上位机[6].NO[11]", "传感器状态_上位机[6].NO[12]", "传感器状态_上位机[6].NO[13]", "传感器状态_上位机[6].NO[14]", "传感器状态_上位机[6].NO[15]", "传感器状态_上位机[6].NO[1]", "传感器状态_上位机[6].NO[2]", "传感器状态_上位机[6].NO[3]", "传感器状态_上位机[6].NO[4]", "传感器状态_上位机[6].NO[5]", "传感器状态_上位机[6].NO[6]", "传感器状态_上位机[6].NO[7]", "传感器状态_上位机[6].NO[8]", "传感器状态_上位机[6].NO[9]", "传感器状态_上位机[7]", "传感器状态_上位机[7].NO", "传感器状态_上位机[7].NO[0]", "传感器状态_上位机[7].NO[10]", "传感器状态_上位机[7].NO[11]", "传感器状态_上位机[7].NO[12]", "传感器状态_上位机[7].NO[13]", "传感器状态_上位机[7].NO[14]", "传感器状态_上位机[7].NO[15]", "传感器状态_上位机[7].NO[1]", "传感器状态_上位机[7].NO[2]", "传感器状态_上位机[7].NO[3]", "传感器状态_上位机[7].NO[4]", "传感器状态_上位机[7].NO[5]", "传感器状态_上位机[7].NO[6]", "传感器状态_上位机[7].NO[7]", "传感器状态_上位机[7].NO[8]", "传感器状态_上位机[7].NO[9]", "传感器状态_上位机[8]", "传感器状态_上位机[8].NO", "传感器状态_上位机[8].NO[0]", "传感器状态_上位机[8].NO[10]", "传感器状态_上位机[8].NO[11]", "传感器状态_上位机[8].NO[12]", "传感器状态_上位机[8].NO[13]", "传感器状态_上位机[8].NO[14]", "传感器状态_上位机[8].NO[15]", "传感器状态_上位机[8].NO[1]", "传感器状态_上位机[8].NO[2]", "传感器状态_上位机[8].NO[3]", "传感器状态_上位机[8].NO[4]", "传感器状态_上位机[8].NO[5]", "传感器状态_上位机[8].NO[6]", "传感器状态_上位机[8].NO[7]", "传感器状态_上位机[8].NO[8]", "传感器状态_上位机[8].NO[9]", "传感器状态_上位机[9]", "传感器状态_上位机[9].NO", "传感器状态_上位机[9].NO[0]", "传感器状态_上位机[9].NO[10]", "传感器状态_上位机[9].NO[11]", "传感器状态_上位机[9].NO[12]", "传感器状态_上位机[9].NO[13]", "传感器状态_上位机[9].NO[14]", "传感器状态_上位机[9].NO[15]", "传感器状态_上位机[9].NO[1]", "传感器状态_上位机[9].NO[2]", "传感器状态_上位机[9].NO[3]", "传感器状态_上位机[9].NO[4]", "传感器状态_上位机[9].NO[5]", "传感器状态_上位机[9].NO[6]", "传感器状态_上位机[9].NO[7]", "传感器状态_上位机[9].NO[8]", "传感器状态_上位机[9].NO[9]", "工站状态", "工站状态[0]", "工站状态[10]", "工站状态[11]", "工站状态[1]", "工站状态[2]", "工站状态[3]", "工站状态[4]", "工站状态[5]", "工站状态[6]", "工站状态[7]", "工站状态[8]", "工站状态[9]", "物料二维码_上位机", "物料二维码_上位机[0]", "物料二维码_上位机[10]", "物料二维码_上位机[11]", "物料二维码_上位机[12]", "物料二维码_上位机[13]", "物料二维码_上位机[14]", "物料二维码_上位机[15]", "物料二维码_上位机[16]", "物料二维码_上位机[17]", "物料二维码_上位机[18]", "物料二维码_上位机[19]", "物料二维码_上位机[1]", "物料二维码_上位机[20]", "物料二维码_上位机[21]", "物料二维码_上位机[22]", "物料二维码_上位机[23]", "物料二维码_上位机[24]", "物料二维码_上位机[25]", "物料二维码_上位机[26]", "物料二维码_上位机[27]", "物料二维码_上位机[28]", "物料二维码_上位机[29]", "物料二维码_上位机[2]", "物料二维码_上位机[3]", "物料二维码_上位机[4]", "物料二维码_上位机[5]", "物料二维码_上位机[6]", "物料二维码_上位机[7]", "物料二维码_上位机[8]", "物料二维码_上位机[9]", "磁搅安全温度设置_上位机", "磁搅安全温度设置_上位机[0]", "磁搅安全温度设置_上位机[1]", "磁搅安全温度设置_上位机[2]", "磁搅安全温度设置_上位机[3]", "磁搅安全温度设置_上位机[4]", "磁搅安全温度设置_上位机[5]", "磁搅时间设置_上位机", "磁搅时间设置_上位机[0]", "磁搅时间设置_上位机[1]", "磁搅时间设置_上位机[2]", "磁搅时间设置_上位机[3]", "磁搅时间设置_上位机[4]", "磁搅时间设置_上位机[5]", "磁搅温度反馈_上位机", "磁搅温度反馈_上位机[0]", "磁搅温度反馈_上位机[1]", "磁搅温度反馈_上位机[2]", "磁搅温度反馈_上位机[3]", "磁搅温度反馈_上位机[4]", "磁搅温度反馈_上位机[5]", "磁搅温度设置_上位机", "磁搅温度设置_上位机[0]", "磁搅温度设置_上位机[1]", "磁搅温度设置_上位机[2]", "磁搅温度设置_上位机[3]", "磁搅温度设置_上位机[4]", "磁搅温度设置_上位机[5]", "磁搅速度设置_上位机", "磁搅速度设置_上位机[0]", "磁搅速度设置_上位机[1]", "磁搅速度设置_上位机[2]", "磁搅速度设置_上位机[3]", "磁搅速度设置_上位机[4]", "磁搅速度设置_上位机[5]"] [property_callback:884] [unilabos.ros.nodes.presets.host_node]
26-07-30 [23:16:12,951] [DEBUG] 使用节点: '传感器状态_上位机[4].NO[12]', NodeId: ns=4;s=上位机通讯|传感器状态_上位机[4].NO[12] [use_node:345] [unilabos.utils.log.post_process]
26-07-30 [23:16:13,011] [TRACE] [/devices/szlab_s08_cap_station] 【.get_property】获取同步属性: last_s08_status [get_property:371] [unilabos.ros.nodes.base_device_node]
26-07-30 [23:16:13,509] [DEBUG] 使用节点: '传感器状态_上位机[4].NO[13]', NodeId: ns=4;s=上位机通讯|传感器状态_上位机[4].NO[13] [use_node:345] [unilabos.utils.log.post_process]
26-07-30 [23:16:13,670] [DEBUG] 使用节点: '传感器状态_上位机[4].NO[14]', NodeId: ns=4;s=上位机通讯|传感器状态_上位机[4].NO[14] [use_node:345] [unilabos.utils.log.post_process]
26-07-30 [23:16:13,831] [DEBUG] 使用节点: '传感器状态_上位机[4].NO[15]', NodeId: ns=4;s=上位机通讯|传感器状态_上位机[4].NO[15] [use_node:345] [unilabos.utils.log.post_process]
26-07-30 [23:16:14,373] [DEBUG] 使用节点: '传感器状态_上位机[5].NO[0]', NodeId: ns=4;s=上位机通讯|传感器状态_上位机[5].NO[0] [use_node:345] [unilabos.utils.log.post_process]
26-07-30 [23:16:14,534] [DEBUG] 使用节点: '传感器状态_上位机[5].NO[1]', NodeId: ns=4;s=上位机通讯|传感器状态_上位机[5].NO[1] [use_node:345] [unilabos.utils.log.post_process]
26-07-30 [23:16:14,695] [DEBUG] 使用节点: '传感器状态_上位机[5].NO[2]', NodeId: ns=4;s=上位机通讯|传感器状态_上位机[5].NO[2] [use_node:345] [unilabos.utils.log.post_process]
26-07-30 [23:16:15,011] [TRACE] [/devices/szlab_s08_cap_station] 【.get_property】获取同步属性: last_s08_status [get_property:371] [unilabos.ros.nodes.base_device_node]
26-07-30 [23:16:15,237] [DEBUG] 使用节点: '传感器状态_上位机[5].NO[3]', NodeId: ns=4;s=上位机通讯|传感器状态_上位机[5].NO[3] [use_node:345] [unilabos.utils.log.post_process]
26-07-30 [23:16:15,399] [DEBUG] 使用节点: '传感器状态_上位机[5].NO[4]', NodeId: ns=4;s=上位机通讯|传感器状态_上位机[5].NO[4] [use_node:345] [unilabos.utils.log.post_process]
26-07-30 [23:16:15,560] [DEBUG] 使用节点: '传感器状态_上位机[5].NO[5]', NodeId: ns=4;s=上位机通讯|传感器状态_上位机[5].NO[5] [use_node:345] [unilabos.utils.log.post_process]
26-07-30 [23:16:15,721] [DEBUG] 使用节点: '传感器状态_上位机[5].NO[6]', NodeId: ns=4;s=上位机通讯|传感器状态_上位机[5].NO[6] [use_node:345] [unilabos.utils.log.post_process]
26-07-30 [23:16:16,261] [DEBUG] 使用节点: '传感器状态_上位机[5].NO[7]', NodeId: ns=4;s=上位机通讯|传感器状态_上位机[5].NO[7] [use_node:345] [unilabos.utils.log.post_process]
26-07-30 [23:16:16,422] [DEBUG] 使用节点: '传感器状态_上位机[5].NO[8]', NodeId: ns=4;s=上位机通讯|传感器状态_上位机[5].NO[8] [use_node:345] [unilabos.utils.log.post_process]
26-07-30 [23:16:16,583] [DEBUG] 使用节点: '传感器状态_上位机[5].NO[9]', NodeId: ns=4;s=上位机通讯|传感器状态_上位机[5].NO[9] [use_node:345] [unilabos.utils.log.post_process]
26-07-30 [23:16:16,973] [TRACE] [/devices/szlab_mixer_stirrer] 【.get_property】获取同步属性: status [get_property:371] [unilabos.ros.nodes.base_device_node]
26-07-30 [23:16:16,981] [TRACE] [/devices/szlab_mixer_photoshotting] 【.get_property】获取同步属性: last_photo_path [get_property:371] [unilabos.ros.nodes.base_device_node]
26-07-30 [23:16:16,982] [TRACE] [/devices/szlab_mixer_photoshotting] 【.get_property】获取同步属性: last_result [get_property:371] [unilabos.ros.nodes.base_device_node]
26-07-30 [23:16:16,983] [TRACE] [/devices/szlab_mixer_photoshotting] 【.get_property】获取同步属性: status [get_property:371] [unilabos.ros.nodes.base_device_node]
26-07-30 [23:16:16,990] [TRACE] [/devices/szlab_mixer_pump] 【.get_property】获取同步属性: status [get_property:371] [unilabos.ros.nodes.base_device_node]
26-07-30 [23:16:17,011] [TRACE] [/devices/szlab_s08_cap_station] 【.get_property】获取同步属性: last_s08_status [get_property:371] [unilabos.ros.nodes.base_device_node]
26-07-30 [23:16:17,021] [TRACE] [/devices/szlab_mixer_pipetting_station] 【.get_property】获取同步属性: status [get_property:371] [unilabos.ros.nodes.base_device_node]
26-07-30 [23:16:17,125] [DEBUG] 使用节点: '传感器状态_上位机[5].NO[10]', NodeId: ns=4;s=上位机通讯|传感器状态_上位机[5].NO[10] [use_node:345] [unilabos.utils.log.post_process]
26-07-30 [23:16:17,286] [DEBUG] 使用节点: '传感器状态_上位机[5].NO[11]', NodeId: ns=4;s=上位机通讯|传感器状态_上位机[5].NO[11] [use_node:345] [unilabos.utils.log.post_process]
26-07-30 [23:16:17,447] [DEBUG] 使用节点: '传感器状态_上位机[5].NO[12]', NodeId: ns=4;s=上位机通讯|传感器状态_上位机[5].NO[12] [use_node:345] [unilabos.utils.log.post_process]
26-07-30 [23:16:17,609] [DEBUG] 使用节点: '传感器状态_上位机[5].NO[13]', NodeId: ns=4;s=上位机通讯|传感器状态_上位机[5].NO[13] [use_node:345] [unilabos.utils.log.post_process]
26-07-30 [23:16:17,770] [DEBUG] 使用节点: '传感器状态_上位机[5].NO[14]', NodeId: ns=4;s=上位机通讯|传感器状态_上位机[5].NO[14] [use_node:345] [unilabos.utils.log.post_process]
26-07-30 [23:16:18,309] [DEBUG] 使用节点: '传感器状态_上位机[5].NO[15]', NodeId: ns=4;s=上位机通讯|传感器状态_上位机[5].NO[15] [use_node:345] [unilabos.utils.log.post_process]
26-07-30 [23:16:18,472] [TRACE] [/devices/host_node] Status created: szlab_poly_plc.s10_liquid_reagent_occupied = {"1-1": false, "1-2": false, "1-3": false, "1-4": false, "1-5": false, "2-1": false, "2-2": false, "2-3": false, "2-4": false, "2-5": false, "3-1": false, "3-2": false, "3-3": false, "3-4": false, "3-5": false, "4-1": false, "4-2": false, "4-3": false, "4-4": false, "4-5": false} [property_callback:884] [unilabos.ros.nodes.presets.host_node]
26-07-30 [23:16:18,473] [TRACE] [/devices/szlab_poly_plc] 【.get_property】获取同步属性: powder_container_occupied [get_property:371] [unilabos.ros.nodes.base_device_node]
26-07-30 [23:16:18,473] [DEBUG] 使用节点: '传感器状态_上位机[3].NO[8]', NodeId: ns=4;s=上位机通讯|传感器状态_上位机[3].NO[8] [use_node:345] [unilabos.utils.log.post_process]
26-07-30 [23:16:18,635] [DEBUG] 使用节点: '传感器状态_上位机[3].NO[9]', NodeId: ns=4;s=上位机通讯|传感器状态_上位机[3].NO[9] [use_node:345] [unilabos.utils.log.post_process]
26-07-30 [23:16:19,011] [TRACE] [/devices/szlab_s08_cap_station] 【.get_property】获取同步属性: last_s08_status [get_property:371] [unilabos.ros.nodes.base_device_node]
26-07-30 [23:16:19,173] [DEBUG] 使用节点: '传感器状态_上位机[3].NO[10]', NodeId: ns=4;s=上位机通讯|传感器状态_上位机[3].NO[10] [use_node:345] [unilabos.utils.log.post_process]
26-07-30 [23:16:19,335] [DEBUG] 使用节点: '传感器状态_上位机[3].NO[11]', NodeId: ns=4;s=上位机通讯|传感器状态_上位机[3].NO[11] [use_node:345] [unilabos.utils.log.post_process]
26-07-30 [23:16:19,877] [DEBUG] 使用节点: '传感器状态_上位机[3].NO[12]', NodeId: ns=4;s=上位机通讯|传感器状态_上位机[3].NO[12] [use_node:345] [unilabos.utils.log.post_process]
26-07-30 [23:16:20,038] [DEBUG] 使用节点: '传感器状态_上位机[3].NO[13]', NodeId: ns=4;s=上位机通讯|传感器状态_上位机[3].NO[13] [use_node:345] [unilabos.utils.log.post_process]
26-07-30 [23:16:20,202] [TRACE] [/devices/szlab_poly_plc] 【.get_property】获取同步属性: powder_container_occupied [get_property:371] [unilabos.ros.nodes.base_device_node]
26-07-30 [23:16:20,202] [DEBUG] 使用节点: '传感器状态_上位机[3].NO[8]', NodeId: ns=4;s=上位机通讯|传感器状态_上位机[3].NO[8] [use_node:345] [unilabos.utils.log.post_process]
26-07-30 [23:16:20,363] [DEBUG] 使用节点: '传感器状态_上位机[3].NO[9]', NodeId: ns=4;s=上位机通讯|传感器状态_上位机[3].NO[9] [use_node:345] [unilabos.utils.log.post_process]
26-07-30 [23:16:20,901] [DEBUG] 使用节点: '传感器状态_上位机[3].NO[10]', NodeId: ns=4;s=上位机通讯|传感器状态_上位机[3].NO[10] [use_node:345] [unilabos.utils.log.post_process]
26-07-30 [23:16:21,011] [TRACE] [/devices/szlab_s08_cap_station] 【.get_property】获取同步属性: last_s08_status [get_property:371] [unilabos.ros.nodes.base_device_node]
26-07-30 [23:16:21,062] [DEBUG] 使用节点: '传感器状态_上位机[3].NO[11]', NodeId: ns=4;s=上位机通讯|传感器状态_上位机[3].NO[11] [use_node:345] [unilabos.utils.log.post_process]
26-07-30 [23:16:21,223] [DEBUG] 使用节点: '传感器状态_上位机[3].NO[12]', NodeId: ns=4;s=上位机通讯|传感器状态_上位机[3].NO[12] [use_node:345] [unilabos.utils.log.post_process]
26-07-30 [23:16:21,384] [DEBUG] 使用节点: '传感器状态_上位机[3].NO[13]', NodeId: ns=4;s=上位机通讯|传感器状态_上位机[3].NO[13] [use_node:345] [unilabos.utils.log.post_process]
26-07-30 [23:16:21,549] [TRACE] [/devices/szlab_poly_plc] 【.get_property】获取同步属性: powder_container_occupied [get_property:371] [unilabos.ros.nodes.base_device_node]
26-07-30 [23:16:21,549] [DEBUG] 使用节点: '传感器状态_上位机[3].NO[8]', NodeId: ns=4;s=上位机通讯|传感器状态_上位机[3].NO[8] [use_node:345] [unilabos.utils.log.post_process]
26-07-30 [23:16:21,710] [DEBUG] 使用节点: '传感器状态_上位机[3].NO[9]', NodeId: ns=4;s=上位机通讯|传感器状态_上位机[3].NO[9] [use_node:345] [unilabos.utils.log.post_process]
26-07-30 [23:16:21,973] [TRACE] [/devices/szlab_mixer_stirrer] 【.get_property】获取同步属性: status [get_property:371] [unilabos.ros.nodes.base_device_node]
26-07-30 [23:16:21,981] [TRACE] [/devices/szlab_mixer_photoshotting] 【.get_property】获取同步属性: last_photo_path [get_property:371] [unilabos.ros.nodes.base_device_node]
26-07-30 [23:16:21,982] [TRACE] [/devices/szlab_mixer_photoshotting] 【.get_property】获取同步属性: last_result [get_property:371] [unilabos.ros.nodes.base_device_node]
26-07-30 [23:16:21,983] [TRACE] [/devices/szlab_mixer_photoshotting] 【.get_property】获取同步属性: status [get_property:371] [unilabos.ros.nodes.base_device_node]
26-07-30 [23:16:21,990] [TRACE] [/devices/szlab_mixer_pump] 【.get_property】获取同步属性: status [get_property:371] [unilabos.ros.nodes.base_device_node]
26-07-30 [23:16:22,022] [TRACE] [/devices/szlab_mixer_pipetting_station] 【.get_property】获取同步属性: status [get_property:371] [unilabos.ros.nodes.base_device_node]
26-07-30 [23:16:22,249] [DEBUG] 使用节点: '传感器状态_上位机[3].NO[10]', NodeId: ns=4;s=上位机通讯|传感器状态_上位机[3].NO[10] [use_node:345] [unilabos.utils.log.post_process]
26-07-30 [23:16:22,411] [DEBUG] 使用节点: '传感器状态_上位机[3].NO[11]', NodeId: ns=4;s=上位机通讯|传感器状态_上位机[3].NO[11] [use_node:345] [unilabos.utils.log.post_process]
26-07-30 [23:16:22,573] [DEBUG] 使用节点: '传感器状态_上位机[3].NO[12]', NodeId: ns=4;s=上位机通讯|传感器状态_上位机[3].NO[12] [use_node:345] [unilabos.utils.log.post_process]
26-07-30 [23:16:22,734] [DEBUG] 使用节点: '传感器状态_上位机[3].NO[13]', NodeId: ns=4;s=上位机通讯|传感器状态_上位机[3].NO[13] [use_node:345] [unilabos.utils.log.post_process]
26-07-30 [23:16:22,897] [TRACE] [/devices/szlab_poly_plc] 【.get_property】获取同步属性: powder_container_occupied [get_property:371] [unilabos.ros.nodes.base_device_node]
26-07-30 [23:16:22,898] [DEBUG] 使用节点: '传感器状态_上位机[3].NO[8]', NodeId: ns=4;s=上位机通讯|传感器状态_上位机[3].NO[8] [use_node:345] [unilabos.utils.log.post_process]
26-07-30 [23:16:23,011] [TRACE] [/devices/szlab_s08_cap_station] 【.get_property】获取同步属性: last_s08_status [get_property:371] [unilabos.ros.nodes.base_device_node]
26-07-30 [23:16:23,059] [DEBUG] 使用节点: '传感器状态_上位机[3].NO[9]', NodeId: ns=4;s=上位机通讯|传感器状态_上位机[3].NO[9] [use_node:345] [unilabos.utils.log.post_process]
26-07-30 [23:16:23,220] [DEBUG] 使用节点: '传感器状态_上位机[3].NO[10]', NodeId: ns=4;s=上位机通讯|传感器状态_上位机[3].NO[10] [use_node:345] [unilabos.utils.log.post_process]
26-07-30 [23:16:23,383] [DEBUG] 使用节点: '传感器状态_上位机[3].NO[11]', NodeId: ns=4;s=上位机通讯|传感器状态_上位机[3].NO[11] [use_node:345] [unilabos.utils.log.post_process]
26-07-30 [23:16:23,544] [DEBUG] 使用节点: '传感器状态_上位机[3].NO[12]', NodeId: ns=4;s=上位机通讯|传感器状态_上位机[3].NO[12] [use_node:345] [unilabos.utils.log.post_process]
26-07-30 [23:16:24,101] [DEBUG] 使用节点: '传感器状态_上位机[3].NO[13]', NodeId: ns=4;s=上位机通讯|传感器状态_上位机[3].NO[13] [use_node:345] [unilabos.utils.log.post_process]
26-07-30 [23:16:24,264] [TRACE] [/devices/szlab_poly_plc] 【.get_property】获取同步属性: powder_container_occupied [get_property:371] [unilabos.ros.nodes.base_device_node]
26-07-30 [23:16:24,265] [DEBUG] 使用节点: '传感器状态_上位机[3].NO[8]', NodeId: ns=4;s=上位机通讯|传感器状态_上位机[3].NO[8] [use_node:345] [unilabos.utils.log.post_process]
26-07-30 [23:16:24,426] [DEBUG] 使用节点: '传感器状态_上位机[3].NO[9]', NodeId: ns=4;s=上位机通讯|传感器状态_上位机[3].NO[9] [use_node:345] [unilabos.utils.log.post_process]
26-07-30 [23:16:24,587] [DEBUG] 使用节点: '传感器状态_上位机[3].NO[10]', NodeId: ns=4;s=上位机通讯|传感器状态_上位机[3].NO[10] [use_node:345] [unilabos.utils.log.post_process]
26-07-30 [23:16:24,748] [DEBUG] 使用节点: '传感器状态_上位机[3].NO[11]', NodeId: ns=4;s=上位机通讯|传感器状态_上位机[3].NO[11] [use_node:345] [unilabos.utils.log.post_process]
26-07-30 [23:16:25,011] [TRACE] [/devices/szlab_s08_cap_station] 【.get_property】获取同步属性: last_s08_status [get_property:371] [unilabos.ros.nodes.base_device_node]
26-07-30 [23:16:25,285] [DEBUG] 使用节点: '传感器状态_上位机[3].NO[12]', NodeId: ns=4;s=上位机通讯|传感器状态_上位机[3].NO[12] [use_node:345] [unilabos.utils.log.post_process]
26-07-30 [23:16:25,837] [DEBUG] 使用节点: '传感器状态_上位机[3].NO[13]', NodeId: ns=4;s=上位机通讯|传感器状态_上位机[3].NO[13] [use_node:345] [unilabos.utils.log.post_process]
26-07-30 [23:16:26,001] [TRACE] [/devices/szlab_poly_plc] 【.get_property】获取同步属性: powder_container_occupied [get_property:371] [unilabos.ros.nodes.base_device_node]
26-07-30 [23:16:26,001] [DEBUG] 使用节点: '传感器状态_上位机[3].NO[8]', NodeId: ns=4;s=上位机通讯|传感器状态_上位机[3].NO[8] [use_node:345] [unilabos.utils.log.post_process]
26-07-30 [23:16:26,533] [DEBUG] 使用节点: '传感器状态_上位机[3].NO[9]', NodeId: ns=4;s=上位机通讯|传感器状态_上位机[3].NO[9] [use_node:345] [unilabos.utils.log.post_process]
26-07-30 [23:16:26,694] [DEBUG] 使用节点: '传感器状态_上位机[3].NO[10]', NodeId: ns=4;s=上位机通讯|传感器状态_上位机[3].NO[10] [use_node:345] [unilabos.utils.log.post_process]
26-07-30 [23:16:26,856] [DEBUG] 使用节点: '传感器状态_上位机[3].NO[11]', NodeId: ns=4;s=上位机通讯|传感器状态_上位机[3].NO[11] [use_node:345] [unilabos.utils.log.post_process]
26-07-30 [23:16:26,973] [TRACE] [/devices/szlab_mixer_stirrer] 【.get_property】获取同步属性: status [get_property:371] [unilabos.ros.nodes.base_device_node]
26-07-30 [23:16:26,981] [TRACE] [/devices/szlab_mixer_photoshotting] 【.get_property】获取同步属性: last_photo_path [get_property:371] [unilabos.ros.nodes.base_device_node]
26-07-30 [23:16:26,982] [TRACE] [/devices/szlab_mixer_photoshotting] 【.get_property】获取同步属性: status [get_property:371] [unilabos.ros.nodes.base_device_node]
26-07-30 [23:16:26,983] [TRACE] [/devices/szlab_mixer_photoshotting] 【.get_property】获取同步属性: last_result [get_property:371] [unilabos.ros.nodes.base_device_node]
26-07-30 [23:16:26,990] [TRACE] [/devices/szlab_mixer_pump] 【.get_property】获取同步属性: status [get_property:371] [unilabos.ros.nodes.base_device_node]
26-07-30 [23:16:27,011] [TRACE] [/devices/szlab_s08_cap_station] 【.get_property】获取同步属性: last_s08_status [get_property:371] [unilabos.ros.nodes.base_device_node]
26-07-30 [23:16:27,022] [TRACE] [/devices/szlab_mixer_pipetting_station] 【.get_property】获取同步属性: status [get_property:371] [unilabos.ros.nodes.base_device_node]
26-07-30 [23:16:27,035] [TRACE] [/devices/host_node] [Host Node] Discovering devices in the network... [_discover_devices:472] [unilabos.ros.nodes.presets.host_node]
26-07-30 [23:16:27,035] [TRACE] [/devices/host_node] [Host Node] Total online devices: 9 [_discover_devices:525] [unilabos.ros.nodes.presets.host_node]
26-07-30 [23:16:27,405] [DEBUG] 使用节点: '传感器状态_上位机[3].NO[12]', NodeId: ns=4;s=上位机通讯|传感器状态_上位机[3].NO[12] [use_node:345] [unilabos.utils.log.post_process]
26-07-30 [23:16:27,949] [DEBUG] 使用节点: '传感器状态_上位机[3].NO[13]', NodeId: ns=4;s=上位机通讯|传感器状态_上位机[3].NO[13] [use_node:345] [unilabos.utils.log.post_process]
26-07-30 [23:16:28,113] [TRACE] [/devices/szlab_poly_plc] 【.get_property】获取同步属性: powder_container_occupied [get_property:371] [unilabos.ros.nodes.base_device_node]
26-07-30 [23:16:28,113] [DEBUG] 使用节点: '传感器状态_上位机[3].NO[8]', NodeId: ns=4;s=上位机通讯|传感器状态_上位机[3].NO[8] [use_node:345] [unilabos.utils.log.post_process]
26-07-30 [23:16:28,645] [DEBUG] 使用节点: '传感器状态_上位机[3].NO[9]', NodeId: ns=4;s=上位机通讯|传感器状态_上位机[3].NO[9] [use_node:345] [unilabos.utils.log.post_process]
26-07-30 [23:16:28,806] [DEBUG] 使用节点: '传感器状态_上位机[3].NO[10]', NodeId: ns=4;s=上位机通讯|传感器状态_上位机[3].NO[10] [use_node:345] [unilabos.utils.log.post_process]
26-07-30 [23:16:28,967] [DEBUG] 使用节点: '传感器状态_上位机[3].NO[11]', NodeId: ns=4;s=上位机通讯|传感器状态_上位机[3].NO[11] [use_node:345] [unilabos.utils.log.post_process]
26-07-30 [23:16:29,011] [TRACE] [/devices/szlab_s08_cap_station] 【.get_property】获取同步属性: last_s08_status [get_property:371] [unilabos.ros.nodes.base_device_node]
26-07-30 [23:16:29,513] [DEBUG] 使用节点: '传感器状态_上位机[3].NO[12]', NodeId: ns=4;s=上位机通讯|传感器状态_上位机[3].NO[12] [use_node:345] [unilabos.utils.log.post_process]
26-07-30 [23:16:30,061] [DEBUG] 使用节点: '传感器状态_上位机[3].NO[13]', NodeId: ns=4;s=上位机通讯|传感器状态_上位机[3].NO[13] [use_node:345] [unilabos.utils.log.post_process]
26-07-30 [23:16:30,225] [TRACE] [/devices/szlab_poly_plc] 【.get_property】获取同步属性: powder_container_occupied [get_property:371] [unilabos.ros.nodes.base_device_node]
26-07-30 [23:16:30,225] [DEBUG] 使用节点: '传感器状态_上位机[3].NO[8]', NodeId: ns=4;s=上位机通讯|传感器状态_上位机[3].NO[8] [use_node:345] [unilabos.utils.log.post_process]
26-07-30 [23:16:30,387] [DEBUG] 使用节点: '传感器状态_上位机[3].NO[9]', NodeId: ns=4;s=上位机通讯|传感器状态_上位机[3].NO[9] [use_node:345] [unilabos.utils.log.post_process]
26-07-30 [23:16:30,548] [DEBUG] 使用节点: '传感器状态_上位机[3].NO[10]', NodeId: ns=4;s=上位机通讯|传感器状态_上位机[3].NO[10] [use_node:345] [unilabos.utils.log.post_process]
26-07-30 [23:16:31,011] [TRACE] [/devices/szlab_s08_cap_station] 【.get_property】获取同步属性: last_s08_status [get_property:371] [unilabos.ros.nodes.base_device_node]
26-07-30 [23:16:31,461] [DEBUG] 使用节点: '传感器状态_上位机[3].NO[11]', NodeId: ns=4;s=上位机通讯|传感器状态_上位机[3].NO[11] [use_node:345] [unilabos.utils.log.post_process]
26-07-30 [23:16:31,973] [TRACE] [/devices/szlab_mixer_stirrer] 【.get_property】获取同步属性: status [get_property:371] [unilabos.ros.nodes.base_device_node]
26-07-30 [23:16:31,981] [TRACE] [/devices/szlab_mixer_photoshotting] 【.get_property】获取同步属性: last_photo_path [get_property:371] [unilabos.ros.nodes.base_device_node]
26-07-30 [23:16:31,982] [TRACE] [/devices/szlab_mixer_photoshotting] 【.get_property】获取同步属性: last_result [get_property:371] [unilabos.ros.nodes.base_device_node]
26-07-30 [23:16:31,983] [TRACE] [/devices/szlab_mixer_photoshotting] 【.get_property】获取同步属性: status [get_property:371] [unilabos.ros.nodes.base_device_node]
26-07-30 [23:16:31,990] [TRACE] [/devices/szlab_mixer_pump] 【.get_property】获取同步属性: status [get_property:371] [unilabos.ros.nodes.base_device_node]
26-07-30 [23:16:32,022] [TRACE] [/devices/szlab_mixer_pipetting_station] 【.get_property】获取同步属性: status [get_property:371] [unilabos.ros.nodes.base_device_node]
26-07-30 [23:16:33,011] [TRACE] [/devices/szlab_s08_cap_station] 【.get_property】获取同步属性: last_s08_status [get_property:371] [unilabos.ros.nodes.base_device_node]
26-07-30 [23:16:33,125] [DEBUG] 使用节点: '传感器状态_上位机[3].NO[12]', NodeId: ns=4;s=上位机通讯|传感器状态_上位机[3].NO[12] [use_node:345] [unilabos.utils.log.post_process]
26-07-30 [23:16:33,286] [DEBUG] 使用节点: '传感器状态_上位机[3].NO[13]', NodeId: ns=4;s=上位机通讯|传感器状态_上位机[3].NO[13] [use_node:345] [unilabos.utils.log.post_process]
26-07-30 [23:16:33,449] [TRACE] [/devices/szlab_poly_plc] 【.get_property】获取同步属性: powder_container_occupied [get_property:371] [unilabos.ros.nodes.base_device_node]
26-07-30 [23:16:33,450] [DEBUG] 使用节点: '传感器状态_上位机[3].NO[8]', NodeId: ns=4;s=上位机通讯|传感器状态_上位机[3].NO[8] [use_node:345] [unilabos.utils.log.post_process]
26-07-30 [23:16:33,611] [DEBUG] 使用节点: '传感器状态_上位机[3].NO[9]', NodeId: ns=4;s=上位机通讯|传感器状态_上位机[3].NO[9] [use_node:345] [unilabos.utils.log.post_process]
26-07-30 [23:16:33,772] [DEBUG] 使用节点: '传感器状态_上位机[3].NO[10]', NodeId: ns=4;s=上位机通讯|传感器状态_上位机[3].NO[10] [use_node:345] [unilabos.utils.log.post_process]
26-07-30 [23:16:33,933] [DEBUG] 使用节点: '传感器状态_上位机[3].NO[11]', NodeId: ns=4;s=上位机通讯|传感器状态_上位机[3].NO[11] [use_node:345] [unilabos.utils.log.post_process]
26-07-30 [23:16:34,094] [DEBUG] 使用节点: '传感器状态_上位机[3].NO[12]', NodeId: ns=4;s=上位机通讯|传感器状态_上位机[3].NO[12] [use_node:345] [unilabos.utils.log.post_process]
26-07-30 [23:16:34,256] [DEBUG] 使用节点: '传感器状态_上位机[3].NO[13]', NodeId: ns=4;s=上位机通讯|传感器状态_上位机[3].NO[13] [use_node:345] [unilabos.utils.log.post_process]
26-07-30 [23:16:34,419] [TRACE] [/devices/szlab_poly_plc] 【.get_property】获取同步属性: powder_container_occupied [get_property:371] [unilabos.ros.nodes.base_device_node]
26-07-30 [23:16:34,420] [DEBUG] 使用节点: '传感器状态_上位机[3].NO[8]', NodeId: ns=4;s=上位机通讯|传感器状态_上位机[3].NO[8] [use_node:345] [unilabos.utils.log.post_process]
26-07-30 [23:16:34,581] [DEBUG] 使用节点: '传感器状态_上位机[3].NO[9]', NodeId: ns=4;s=上位机通讯|传感器状态_上位机[3].NO[9] [use_node:345] [unilabos.utils.log.post_process]
26-07-30 [23:16:35,011] [TRACE] [/devices/szlab_s08_cap_station] 【.get_property】获取同步属性: last_s08_status [get_property:371] [unilabos.ros.nodes.base_device_node]
26-07-30 [23:16:35,109] [DEBUG] 使用节点: '传感器状态_上位机[3].NO[10]', NodeId: ns=4;s=上位机通讯|传感器状态_上位机[3].NO[10] [use_node:345] [unilabos.utils.log.post_process]
26-07-30 [23:16:35,270] [DEBUG] 使用节点: '传感器状态_上位机[3].NO[11]', NodeId: ns=4;s=上位机通讯|传感器状态_上位机[3].NO[11] [use_node:345] [unilabos.utils.log.post_process]
26-07-30 [23:16:35,432] [DEBUG] 使用节点: '传感器状态_上位机[3].NO[12]', NodeId: ns=4;s=上位机通讯|传感器状态_上位机[3].NO[12] [use_node:345] [unilabos.utils.log.post_process]
26-07-30 [23:16:35,593] [DEBUG] 使用节点: '传感器状态_上位机[3].NO[13]', NodeId: ns=4;s=上位机通讯|传感器状态_上位机[3].NO[13] [use_node:345] [unilabos.utils.log.post_process]
26-07-30 [23:16:35,757] [TRACE] [/devices/szlab_poly_plc] 【.get_property】获取同步属性: powder_container_occupied [get_property:371] [unilabos.ros.nodes.base_device_node]
26-07-30 [23:16:35,758] [DEBUG] 使用节点: '传感器状态_上位机[3].NO[8]', NodeId: ns=4;s=上位机通讯|传感器状态_上位机[3].NO[8] [use_node:345] [unilabos.utils.log.post_process]
26-07-30 [23:16:35,919] [DEBUG] 使用节点: '传感器状态_上位机[3].NO[9]', NodeId: ns=4;s=上位机通讯|传感器状态_上位机[3].NO[9] [use_node:345] [unilabos.utils.log.post_process]
26-07-30 [23:16:36,081] [DEBUG] 使用节点: '传感器状态_上位机[3].NO[10]', NodeId: ns=4;s=上位机通讯|传感器状态_上位机[3].NO[10] [use_node:345] [unilabos.utils.log.post_process]
26-07-30 [23:16:36,242] [DEBUG] 使用节点: '传感器状态_上位机[3].NO[11]', NodeId: ns=4;s=上位机通讯|传感器状态_上位机[3].NO[11] [use_node:345] [unilabos.utils.log.post_process]
26-07-30 [23:16:36,403] [DEBUG] 使用节点: '传感器状态_上位机[3].NO[12]', NodeId: ns=4;s=上位机通讯|传感器状态_上位机[3].NO[12] [use_node:345] [unilabos.utils.log.post_process]
26-07-30 [23:16:36,564] [DEBUG] 使用节点: '传感器状态_上位机[3].NO[13]', NodeId: ns=4;s=上位机通讯|传感器状态_上位机[3].NO[13] [use_node:345] [unilabos.utils.log.post_process]
26-07-30 [23:16:36,728] [TRACE] [/devices/szlab_poly_plc] 【.get_property】获取同步属性: powder_container_occupied [get_property:371] [unilabos.ros.nodes.base_device_node]
26-07-30 [23:16:36,728] [DEBUG] 使用节点: '传感器状态_上位机[3].NO[8]', NodeId: ns=4;s=上位机通讯|传感器状态_上位机[3].NO[8] [use_node:345] [unilabos.utils.log.post_process]
26-07-30 [23:16:36,890] [DEBUG] 使用节点: '传感器状态_上位机[3].NO[9]', NodeId: ns=4;s=上位机通讯|传感器状态_上位机[3].NO[9] [use_node:345] [unilabos.utils.log.post_process]
26-07-30 [23:16:36,973] [TRACE] [/devices/szlab_mixer_stirrer] 【.get_property】获取同步属性: status [get_property:371] [unilabos.ros.nodes.base_device_node]
26-07-30 [23:16:36,981] [TRACE] [/devices/szlab_mixer_photoshotting] 【.get_property】获取同步属性: last_photo_path [get_property:371] [unilabos.ros.nodes.base_device_node]
26-07-30 [23:16:36,982] [TRACE] [/devices/szlab_mixer_photoshotting] 【.get_property】获取同步属性: last_result [get_property:371] [unilabos.ros.nodes.base_device_node]
26-07-30 [23:16:36,983] [TRACE] [/devices/szlab_mixer_photoshotting] 【.get_property】获取同步属性: status [get_property:371] [unilabos.ros.nodes.base_device_node]
26-07-30 [23:16:36,990] [TRACE] [/devices/szlab_mixer_pump] 【.get_property】获取同步属性: status [get_property:371] [unilabos.ros.nodes.base_device_node]
26-07-30 [23:16:37,011] [TRACE] [/devices/szlab_s08_cap_station] 【.get_property】获取同步属性: last_s08_status [get_property:371] [unilabos.ros.nodes.base_device_node]
26-07-30 [23:16:37,021] [TRACE] [/devices/szlab_mixer_pipetting_station] 【.get_property】获取同步属性: status [get_property:371] [unilabos.ros.nodes.base_device_node]
26-07-30 [23:16:37,051] [DEBUG] 使用节点: '传感器状态_上位机[3].NO[10]', NodeId: ns=4;s=上位机通讯|传感器状态_上位机[3].NO[10] [use_node:345] [unilabos.utils.log.post_process]
26-07-30 [23:16:37,212] [DEBUG] 使用节点: '传感器状态_上位机[3].NO[11]', NodeId: ns=4;s=上位机通讯|传感器状态_上位机[3].NO[11] [use_node:345] [unilabos.utils.log.post_process]
26-07-30 [23:16:37,374] [DEBUG] 使用节点: '传感器状态_上位机[3].NO[12]', NodeId: ns=4;s=上位机通讯|传感器状态_上位机[3].NO[12] [use_node:345] [unilabos.utils.log.post_process]
26-07-30 [23:16:37,536] [DEBUG] 使用节点: '传感器状态_上位机[3].NO[13]', NodeId: ns=4;s=上位机通讯|传感器状态_上位机[3].NO[13] [use_node:345] [unilabos.utils.log.post_process]
26-07-30 [23:16:38,087] [TRACE] [/devices/szlab_poly_plc] 【.get_property】获取同步属性: powder_container_occupied [get_property:371] [unilabos.ros.nodes.base_device_node]
26-07-30 [23:16:38,088] [DEBUG] 使用节点: '传感器状态_上位机[3].NO[8]', NodeId: ns=4;s=上位机通讯|传感器状态_上位机[3].NO[8] [use_node:345] [unilabos.utils.log.post_process]
26-07-30 [23:16:38,249] [DEBUG] 使用节点: '传感器状态_上位机[3].NO[9]', NodeId: ns=4;s=上位机通讯|传感器状态_上位机[3].NO[9] [use_node:345] [unilabos.utils.log.post_process]
26-07-30 [23:16:39,011] [TRACE] [/devices/szlab_s08_cap_station] 【.get_property】获取同步属性: last_s08_status [get_property:371] [unilabos.ros.nodes.base_device_node]
26-07-30 [23:16:39,173] [DEBUG] 使用节点: '传感器状态_上位机[3].NO[10]', NodeId: ns=4;s=上位机通讯|传感器状态_上位机[3].NO[10] [use_node:345] [unilabos.utils.log.post_process]
26-07-30 [23:16:39,717] [DEBUG] 使用节点: '传感器状态_上位机[3].NO[11]', NodeId: ns=4;s=上位机通讯|传感器状态_上位机[3].NO[11] [use_node:345] [unilabos.utils.log.post_process]
26-07-30 [23:16:39,878] [DEBUG] 使用节点: '传感器状态_上位机[3].NO[12]', NodeId: ns=4;s=上位机通讯|传感器状态_上位机[3].NO[12] [use_node:345] [unilabos.utils.log.post_process]
26-07-30 [23:16:40,040] [DEBUG] 使用节点: '传感器状态_上位机[3].NO[13]', NodeId: ns=4;s=上位机通讯|传感器状态_上位机[3].NO[13] [use_node:345] [unilabos.utils.log.post_process]
26-07-30 [23:16:40,203] [TRACE] [/devices/szlab_poly_plc] 【.get_property】获取同步属性: powder_container_occupied [get_property:371] [unilabos.ros.nodes.base_device_node]
26-07-30 [23:16:40,203] [DEBUG] 使用节点: '传感器状态_上位机[3].NO[8]', NodeId: ns=4;s=上位机通讯|传感器状态_上位机[3].NO[8] [use_node:345] [unilabos.utils.log.post_process]
26-07-30 [23:16:40,365] [DEBUG] 使用节点: '传感器状态_上位机[3].NO[9]', NodeId: ns=4;s=上位机通讯|传感器状态_上位机[3].NO[9] [use_node:345] [unilabos.utils.log.post_process]
26-07-30 [23:16:40,526] [DEBUG] 使用节点: '传感器状态_上位机[3].NO[10]', NodeId: ns=4;s=上位机通讯|传感器状态_上位机[3].NO[10] [use_node:345] [unilabos.utils.log.post_process]
26-07-30 [23:16:40,688] [DEBUG] 使用节点: '传感器状态_上位机[3].NO[11]', NodeId: ns=4;s=上位机通讯|传感器状态_上位机[3].NO[11] [use_node:345] [unilabos.utils.log.post_process]
26-07-30 [23:16:40,849] [DEBUG] 使用节点: '传感器状态_上位机[3].NO[12]', NodeId: ns=4;s=上位机通讯|传感器状态_上位机[3].NO[12] [use_node:345] [unilabos.utils.log.post_process]
26-07-30 [23:16:41,010] [DEBUG] 使用节点: '传感器状态_上位机[3].NO[13]', NodeId: ns=4;s=上位机通讯|传感器状态_上位机[3].NO[13] [use_node:345] [unilabos.utils.log.post_process]
26-07-30 [23:16:41,012] [TRACE] [/devices/szlab_s08_cap_station] 【.get_property】获取同步属性: last_s08_status [get_property:371] [unilabos.ros.nodes.base_device_node]
26-07-30 [23:16:41,175] [TRACE] [/devices/szlab_poly_plc] 【.get_property】获取同步属性: powder_container_occupied [get_property:371] [unilabos.ros.nodes.base_device_node]
26-07-30 [23:16:41,175] [DEBUG] 使用节点: '传感器状态_上位机[3].NO[8]', NodeId: ns=4;s=上位机通讯|传感器状态_上位机[3].NO[8] [use_node:345] [unilabos.utils.log.post_process]
26-07-30 [23:16:41,337] [DEBUG] 使用节点: '传感器状态_上位机[3].NO[9]', NodeId: ns=4;s=上位机通讯|传感器状态_上位机[3].NO[9] [use_node:345] [unilabos.utils.log.post_process]
26-07-30 [23:16:41,499] [DEBUG] 使用节点: '传感器状态_上位机[3].NO[10]', NodeId: ns=4;s=上位机通讯|传感器状态_上位机[3].NO[10] [use_node:345] [unilabos.utils.log.post_process]
26-07-30 [23:16:41,660] [DEBUG] 使用节点: '传感器状态_上位机[3].NO[11]', NodeId: ns=4;s=上位机通讯|传感器状态_上位机[3].NO[11] [use_node:345] [unilabos.utils.log.post_process]
26-07-30 [23:16:41,821] [DEBUG] 使用节点: '传感器状态_上位机[3].NO[12]', NodeId: ns=4;s=上位机通讯|传感器状态_上位机[3].NO[12] [use_node:345] [unilabos.utils.log.post_process]
26-07-30 [23:16:41,973] [TRACE] [/devices/szlab_mixer_stirrer] 【.get_property】获取同步属性: status [get_property:371] [unilabos.ros.nodes.base_device_node]
26-07-30 [23:16:41,981] [TRACE] [/devices/szlab_mixer_photoshotting] 【.get_property】获取同步属性: last_photo_path [get_property:371] [unilabos.ros.nodes.base_device_node]
26-07-30 [23:16:41,983] [TRACE] [/devices/szlab_mixer_photoshotting] 【.get_property】获取同步属性: status [get_property:371] [unilabos.ros.nodes.base_device_node]
26-07-30 [23:16:41,984] [DEBUG] 使用节点: '传感器状态_上位机[3].NO[13]', NodeId: ns=4;s=上位机通讯|传感器状态_上位机[3].NO[13] [use_node:345] [unilabos.utils.log.post_process]
26-07-30 [23:16:41,984] [TRACE] [/devices/szlab_mixer_photoshotting] 【.get_property】获取同步属性: last_result [get_property:371] [unilabos.ros.nodes.base_device_node]
26-07-30 [23:16:41,990] [TRACE] [/devices/szlab_mixer_pump] 【.get_property】获取同步属性: status [get_property:371] [unilabos.ros.nodes.base_device_node]
26-07-30 [23:16:42,022] [TRACE] [/devices/szlab_mixer_pipetting_station] 【.get_property】获取同步属性: status [get_property:371] [unilabos.ros.nodes.base_device_node]
26-07-30 [23:16:42,035] [TRACE] [/devices/host_node] [Host Node] Discovering devices in the network... [_discover_devices:472] [unilabos.ros.nodes.presets.host_node]
26-07-30 [23:16:42,035] [TRACE] [/devices/host_node] [Host Node] Total online devices: 9 [_discover_devices:525] [unilabos.ros.nodes.presets.host_node]
26-07-30 [23:16:42,149] [TRACE] [/devices/szlab_poly_plc] 【.get_property】获取同步属性: powder_container_occupied [get_property:371] [unilabos.ros.nodes.base_device_node]
26-07-30 [23:16:42,149] [DEBUG] 使用节点: '传感器状态_上位机[3].NO[8]', NodeId: ns=4;s=上位机通讯|传感器状态_上位机[3].NO[8] [use_node:345] [unilabos.utils.log.post_process]
26-07-30 [23:16:42,311] [DEBUG] 使用节点: '传感器状态_上位机[3].NO[9]', NodeId: ns=4;s=上位机通讯|传感器状态_上位机[3].NO[9] [use_node:345] [unilabos.utils.log.post_process]
26-07-30 [23:16:42,473] [DEBUG] 使用节点: '传感器状态_上位机[3].NO[10]', NodeId: ns=4;s=上位机通讯|传感器状态_上位机[3].NO[10] [use_node:345] [unilabos.utils.log.post_process]
26-07-30 [23:16:42,634] [DEBUG] 使用节点: '传感器状态_上位机[3].NO[11]', NodeId: ns=4;s=上位机通讯|传感器状态_上位机[3].NO[11] [use_node:345] [unilabos.utils.log.post_process]
26-07-30 [23:16:43,011] [TRACE] [/devices/szlab_s08_cap_station] 【.get_property】获取同步属性: last_s08_status [get_property:371] [unilabos.ros.nodes.base_device_node]
26-07-30 [23:16:43,173] [DEBUG] 使用节点: '传感器状态_上位机[3].NO[12]', NodeId: ns=4;s=上位机通讯|传感器状态_上位机[3].NO[12] [use_node:345] [unilabos.utils.log.post_process]
26-07-30 [23:16:43,334] [DEBUG] 使用节点: '传感器状态_上位机[3].NO[13]', NodeId: ns=4;s=上位机通讯|传感器状态_上位机[3].NO[13] [use_node:345] [unilabos.utils.log.post_process]
26-07-30 [23:16:43,497] [ERROR] [/devices/szlab_poly_plc] 【.publish_property】发布属性 powder_container_occupied 出错: Failed to publish: publisher's context is invalid, at /home/runner/conda-bld/bld/rattler-build_ros-humble-rcl_1753312600/work/ros-humble-rcl/src/work/src/rcl/publisher.c:389
Traceback (most recent call last):
  File "/home/changjunhan/Uni-Lab-Core/Uni-Lab-OS/unilabos/ros/nodes/base_device_node.py", line 395, in publish_property
    self.publisher_.publish(msg)
  File "/home/changjunhan/.micromamba/envs/unilab/lib/python3.11/site-packages/rclpy/publisher.py", line 70, in publish
    self.__publisher.publish(msg)
rclpy._rclpy_pybind11.RCLError: Failed to publish: publisher's context is invalid, at /home/runner/conda-bld/bld/rattler-build_ros-humble-rcl_1753312600/work/ros-humble-rcl/src/work/src/rcl/publisher.c:389
 [publish_property:399] [unilabos.ros.nodes.base_device_node]
