26-07-30 [23:17:47,997] [INFO] [LOG_FILE] /home/changjunhan/Uni-Lab-Core/Uni-Lab-SZLab/runtime/all-workflows-live-e2e/edge-workdir/logs/2026-07-30 23-17-47.log [main:694] [unilabos.utils.log.main]
26-07-30 [23:17:47,998] [INFO] [COMM_LOG_FILE] /home/changjunhan/Uni-Lab-Core/Uni-Lab-SZLab/runtime/all-workflows-live-e2e/edge-workdir/logs/ws_comm_2026-07-30 23-17-47.log [main:699] [unilabos.utils.log.main]
26-07-30 [23:17:48,298] [INFO] [UniLab Registry] 构建注册表实例 [build_registry:2545] [unilabos.utils.log.registry]
26-07-30 [23:17:48,301] [INFO] [UniLab Registry] external_only 模式: 仅扫描核心文件 (host_node.py, container.py) [_run_ast_scan:384] [unilabos.utils.log.registry]
26-07-30 [23:17:48,305] [INFO] [UniLab Registry] AST 缓存统计: 48/48 命中, 0 重新解析 [_run_ast_scan:446] [unilabos.utils.log.registry]
26-07-30 [23:17:48,305] [INFO] [UniLab Registry] build 缓存命中: 跳过 10 设备 + 15 资源的 entry 构建 [_run_ast_scan:465] [unilabos.utils.log.registry]
26-07-30 [23:17:48,306] [INFO] [UniLab Registry] AST 扫描完成: 10 设备, 15 资源 (耗时 0.01s) [_run_ast_scan:504] [unilabos.utils.log.registry]
26-07-30 [23:17:48,307] [INFO] [UniLab Registry] external_only 模式: 跳过内置 YAML 注册表加载 [setup:170] [unilabos.utils.log.registry]
26-07-30 [23:17:48,308] [IO] [UniLab Registry] ----------Setup Complete---------- [trace:478] [unilabos.utils.log.log]
26-07-30 [23:17:48,310] [INFO] [UniLab Registry] 类型解析完成: 10 设备 (耗时 0.00s) [resolve_all_types:1668] [unilabos.utils.log.registry]
26-07-30 [23:17:48,484] [INFO] 正在使用ak sk作为授权信息：[] [info:410] [unilabos.utils.log.log]
26-07-30 [23:17:48,484] [INFO] HTTPClient 初始化完成: remote_addr=https://leap-lab.bohrium.com/api/v1 [info:410] [unilabos.utils.log.log]
26-07-30 [23:17:49,009] [ERROR] 请求启动配置失败: 401, {"code":5009,"error":{"msg":"login verification format error"}} [request_startup_json:463] [unilabos.utils.log.client]
26-07-30 [23:17:49,066] [IO] [CommunicationFactory] Created WebSocketClient client [trace:478] [unilabos.utils.log.log]
26-07-30 [23:17:49,098] [INFO] Backend ros started. [start_backend:50] [unilabos.utils.log.backend]
26-07-30 [23:17:49,098] [INFO] 首次添加资源，当前远程地址: https://leap-lab.bohrium.com/api/v1 [info:410] [unilabos.utils.log.log]
26-07-30 [23:17:49,111] [INFO] [Web] 启动FastAPI服务器: 0.0.0.0:18003 [info:410] [unilabos.utils.log.log]
26-07-30 [23:17:49,119] [INFO] [Uvicorn] Started server process [[36m198932[0m] [_serve:91] [uvicorn.server]
26-07-30 [23:17:49,119] [INFO] [Uvicorn] Waiting for application startup. [startup:48] [uvicorn.lifespan.on]
26-07-30 [23:17:49,119] [INFO] [Uvicorn] Application startup complete. [startup:62] [uvicorn.lifespan.on]
26-07-30 [23:17:49,119] [INFO] [Uvicorn] Uvicorn running on [1mhttp://0.0.0.0:18003[0m (Press CTRL+C to quit) [_log_started_message:222] [uvicorn.server]
26-07-30 [23:17:49,230] [ERROR] 添加物料失败: {"code":5009,"error":{"msg":"login verification format error"}} [resource_tree_add:119] [unilabos.utils.log.client]
26-07-30 [23:17:49,231] [TRACE] 添加物料失败: [{'id': 'host_node', 'uuid': '40fdc733-84bd-4cd8-aaee-4c6446ee5a27', 'name': 'host_node', 'description': '', 'schema': {}, 'model': {}, 'icon': '', 'parent_uuid': '', 'type': 'device', 'class': 'host_node', 'pose': {'size': {'depth': 0.0, 'width': 0.0, 'height': 0.0}, 'scale': {'x': 0.0, 'y': 0.0, 'z': 0.0}, 'layout': 'x-y', 'position': {'x': 0.0, 'y': 0.0, 'z': 0.0}, 'position3d': {'x': 0.0, 'y': 0.0, 'z': 0.0}, 'rotation': {'x': 0.0, 'y': 0.0, 'z': 0.0}, 'cross_section_type': 'rectangle', 'extra': None}, 'config': {}, 'data': {}, 'extra': {}, 'machine_name': '', 'barcode': '', 'barcode_symbology': ''}, {'id': 'szlab_poly_deck', 'uuid': 'ada05ed7-6410-46ad-9d67-9c00e38212dd', 'name': 'SZLab 聚合物工作站台面', 'description': '', 'schema': {}, 'model': {}, 'icon': '', 'parent_uuid': None, 'type': 'deck', 'class': 'szlab_poly_studio_deck', 'pose': {'size': {'depth': 0.0, 'width': 0.0, 'height': 0.0}, 'scale': {'x': 0.0, 'y': 0.0, 'z': 0.0}, 'layout': 'x-y', 'position': {'x': 0.0, 'y': 0.0, 'z': 0.0}, 'position3d': {'x': 0.0, 'y': 0.0, 'z': 0.0}, 'rotation': {'x': 0.0, 'y': 0.0, 'z': 0.0}, 'cross_section_type': 'rectangle', 'extra': None}, 'config': {'setup': False}, 'data': {}, 'extra': {}, 'machine_name': '', 'barcode': '', 'barcode_symbology': ''}, {'id': 's1_loading_buffer', 'uuid': '9ecd00cc-c596-4948-8c2a-151ccd5c5a4e', 'name': 'S1 上料过渡仓', 'description': '', 'schema': {}, 'model': {}, 'icon': '', 'parent_uuid': 'ada05ed7-6410-46ad-9d67-9c00e38212dd', 'type': 'warehouse', 'class': 'szlab_poly_s1_loading_buffer_warehouse', 'pose': {'size': {'depth': 0.0, 'width': 0.0, 'height': 0.0}, 'scale': {'x': 0.0, 'y': 0.0, 'z': 0.0}, 'layout': 'x-y', 'position': {'x': 100.0, 'y': 100.0, 'z': 0.0}, 'position3d': {'x': 0.0, 'y': 0.0, 'z': 0.0}, 'rotation': {'x': 0.0, 'y': 0.0, 'z': 0.0}, 'cross_section_type': 'rectangle', 'extra': None}, 'config': {}, 'data': {}, 'extra': {}, 'machine_name': '', 'barcode': '', 'barcode_symbology': ''}, {'id': 's2_tip_warehouse', 'uuid': '4a15b640-63dd-4342-bca9-c2bdf4f8211f', 'name': 'S2 枪头仓占位', 'description': '', 'schema': {}, 'model': {}, 'icon': '', 'parent_uuid': 'ada05ed7-6410-46ad-9d67-9c00e38212dd', 'type': 'warehouse', 'class': 'szlab_poly_s2_tip_placeholder_warehouse', 'pose': {'size': {'depth': 0.0, 'width': 0.0, 'height': 0.0}, 'scale': {'x': 0.0, 'y': 0.0, 'z': 0.0}, 'layout': 'x-y', 'position': {'x': 100.0, 'y': 450.0, 'z': 0.0}, 'position3d': {'x': 0.0, 'y': 0.0, 'z': 0.0}, 'rotation': {'x': 0.0, 'y': 0.0, 'z': 0.0}, 'cross_section_type': 'rectangle', 'extra': None}, 'config': {}, 'data': {}, 'extra': {}, 'machine_name': '', 'barcode': '', 'barcode_symbology': ''}, {'id': 's3_unused_beaker', 'uuid': '9d39d16c-d1d0-4d8b-9dca-571edccc9030', 'name': 'S3 未使用烧杯仓', 'description': '', 'schema': {}, 'model': {}, 'icon': '', 'parent_uuid': 'ada05ed7-6410-46ad-9d67-9c00e38212dd', 'type': 'warehouse', 'class': 'szlab_poly_s3_unused_beaker_warehouse', 'pose': {'size': {'depth': 0.0, 'width': 0.0, 'height': 0.0}, 'scale': {'x': 0.0, 'y': 0.0, 'z': 0.0}, 'layout': 'x-y', 'position': {'x': 500.0, 'y': 100.0, 'z': 0.0}, 'position3d': {'x': 0.0, 'y': 0.0, 'z': 0.0}, 'rotation': {'x': 0.0, 'y': 0.0, 'z': 0.0}, 'cross_section_type': 'rectangle', 'extra': None}, 'config': {}, 'data': {}, 'extra': {}, 'machine_name': '', 'barcode': '', 'barcode_symbology': ''}, {'id': 's3_unused_vial', 'uuid': '15d3338f-a141-4d4b-a894-b3e9dfa3e025', 'name': 'S3 未使用样品瓶仓', 'description': '', 'schema': {}, 'model': {}, 'icon': '', 'parent_uuid': 'ada05ed7-6410-46ad-9d67-9c00e38212dd', 'type': 'warehouse', 'class': 'szlab_poly_s3_unused_sample_vial_warehouse', 'pose': {'size': {'depth': 0.0, 'width': 0.0, 'height': 0.0}, 'scale': {'x': 0.0, 'y': 0.0, 'z': 0.0}, 'layout': 'x-y', 'position': {'x': 500.0, 'y': 600.0, 'z': 0.0}, 'position3d': {'x': 0.0, 'y': 0.0, 'z': 0.0}, 'rotation': {'x': 0.0, 'y': 0.0, 'z': 0.0}, 'cross_section_type': 'rectangle', 'extra': None}, 'config': {}, 'data': {}, 'extra': {}, 'machine_name': '', 'barcode': '', 'barcode_symbology': ''}, {'id': 'powder_container_warehouse', 'uuid': '220e6734-a15e-4c1e-8c91-c9a4cb3bee9e', 'name': '固体粉桶仓占位', 'description': '', 'schema': {}, 'model': {}, 'icon': '', 'parent_uuid': 'ada05ed7-6410-46ad-9d67-9c00e38212dd', 'type': 'warehouse', 'class': 'szlab_poly_powder_container_placeholder_warehouse', 'pose': {'size': {'depth': 0.0, 'width': 0.0, 'height': 0.0}, 'scale': {'x': 0.0, 'y': 0.0, 'z': 0.0}, 'layout': 'x-y', 'position': {'x': 1800.0, 'y': 700.0, 'z': 0.0}, 'position3d': {'x': 0.0, 'y': 0.0, 'z': 0.0}, 'rotation': {'x': 0.0, 'y': 0.0, 'z': 0.0}, 'cross_section_type': 'rectangle', 'extra': None}, 'config': {}, 'data': {}, 'extra': {}, 'machine_name': '', 'barcode': '', 'barcode_symbology': ''}, {'id': 's10_liquid_reagent', 'uuid': '6a6c36ff-3aa8-4c64-8fd7-156365dce48a', 'name': 'S10 液体试剂瓶仓占位', 'description': '', 'schema': {}, 'model': {}, 'icon': '', 'parent_uuid': 'ada05ed7-6410-46ad-9d67-9c00e38212dd', 'type': 'warehouse', 'class': 'szlab_poly_s10_liquid_reagent_placeholder_warehouse', 'pose': {'size': {'depth': 0.0, 'width': 0.0, 'height': 0.0}, 'scale': {'x': 0.0, 'y': 0.0, 'z': 0.0}, 'layout': 'x-y', 'position': {'x': 1800.0, 'y': 100.0, 'z': 0.0}, 'position3d': {'x': 0.0, 'y': 0.0, 'z': 0.0}, 'rotation': {'x': 0.0, 'y': 0.0, 'z': 0.0}, 'cross_section_type': 'rectangle', 'extra': None}, 'config': {}, 'data': {}, 'extra': {}, 'machine_name': '', 'barcode': '', 'barcode_symbology': ''}, {'id': 's11_used_beaker', 'uuid': '5aa1b995-b117-4a06-970f-efe7f83dbf28', 'name': 'S11 使用烧杯成品仓', 'description': '', 'schema': {}, 'model': {}, 'icon': '', 'parent_uuid': 'ada05ed7-6410-46ad-9d67-9c00e38212dd', 'type': 'warehouse', 'class': 'szlab_poly_s11_used_beaker_warehouse', 'pose': {'size': {'depth': 0.0, 'width': 0.0, 'height': 0.0}, 'scale': {'x': 0.0, 'y': 0.0, 'z': 0.0}, 'layout': 'x-y', 'position': {'x': 1100.0, 'y': 100.0, 'z': 0.0}, 'position3d': {'x': 0.0, 'y': 0.0, 'z': 0.0}, 'rotation': {'x': 0.0, 'y': 0.0, 'z': 0.0}, 'cross_section_type': 'rectangle', 'extra': None}, 'config': {}, 'data': {}, 'extra': {}, 'machine_name': '', 'barcode': '', 'barcode_symbology': ''}, {'id': 's11_used_vial', 'uuid': '6be1c0b6-87db-4fb2-8dae-0da1c381ad80', 'name': 'S11 使用样品瓶成品仓', 'description': '', 'schema': {}, 'model': {}, 'icon': '', 'parent_uuid': 'ada05ed7-6410-46ad-9d67-9c00e38212dd', 'type': 'warehouse', 'class': 'szlab_poly_s11_used_sample_vial_warehouse', 'pose': {'size': {'depth': 0.0, 'width': 0.0, 'height': 0.0}, 'scale': {'x': 0.0, 'y': 0.0, 'z': 0.0}, 'layout': 'x-y', 'position': {'x': 1100.0, 'y': 600.0, 'z': 0.0}, 'position3d': {'x': 0.0, 'y': 0.0, 'z': 0.0}, 'rotation': {'x': 0.0, 'y': 0.0, 'z': 0.0}, 'cross_section_type': 'rectangle', 'extra': None}, 'config': {}, 'data': {}, 'extra': {}, 'machine_name': '', 'barcode': '', 'barcode_symbology': ''}, {'id': 'debug_beaker_500ml', 'uuid': 'a8c338e1-2f7c-4f15-a677-219cb1d51534', 'name': '调试烧杯 500 mL', 'description': '', 'schema': {}, 'model': {}, 'icon': '', 'parent_uuid': None, 'type': 'container', 'class': 'szlab_beaker_500ml', 'pose': {'size': {'depth': 0.0, 'width': 0.0, 'height': 0.0}, 'scale': {'x': 0.0, 'y': 0.0, 'z': 0.0}, 'layout': 'x-y', 'position': {'x': 350.0, 'y': 1050.0, 'z': 0.0}, 'position3d': {'x': 0.0, 'y': 0.0, 'z': 0.0}, 'rotation': {'x': 0.0, 'y': 0.0, 'z': 0.0}, 'cross_section_type': 'rectangle', 'extra': None}, 'config': {}, 'data': {'sample_id': 'debug-beaker'}, 'extra': {}, 'machine_name': '', 'barcode': '', 'barcode_symbology': ''}, {'id': 'debug_sample_vial_250ml', 'uuid': 'ed7a9730-6245-43d7-addd-8bc0a14d4f52', 'name': '调试样品瓶 250 mL', 'description': '', 'schema': {}, 'model': {}, 'icon': '', 'parent_uuid': None, 'type': 'container', 'class': 'szlab_sample_vial_250ml', 'pose': {'size': {'depth': 0.0, 'width': 0.0, 'height': 0.0}, 'scale': {'x': 0.0, 'y': 0.0, 'z': 0.0}, 'layout': 'x-y', 'position': {'x': 550.0, 'y': 1050.0, 'z': 0.0}, 'position3d': {'x': 0.0, 'y': 0.0, 'z': 0.0}, 'rotation': {'x': 0.0, 'y': 0.0, 'z': 0.0}, 'cross_section_type': 'rectangle', 'extra': None}, 'config': {}, 'data': {'sample_id': 'debug-vial'}, 'extra': {}, 'machine_name': '', 'barcode': '', 'barcode_symbology': ''}, {'id': 'debug_reagent_bottle_100ml', 'uuid': '8b583f66-850b-41b1-8b6d-a8ccd7d3e5df', 'name': '调试液体试剂瓶 100 mL', 'description': '', 'schema': {}, 'model': {}, 'icon': '', 'parent_uuid': None, 'type': 'container', 'class': 'szlab_liquid_reagent_bottle_100ml', 'pose': {'size': {'depth': 0.0, 'width': 0.0, 'height': 0.0}, 'scale': {'x': 0.0, 'y': 0.0, 'z': 0.0}, 'layout': 'x-y', 'position': {'x': 750.0, 'y': 1050.0, 'z': 0.0}, 'position3d': {'x': 0.0, 'y': 0.0, 'z': 0.0}, 'rotation': {'x': 0.0, 'y': 0.0, 'z': 0.0}, 'cross_section_type': 'rectangle', 'extra': None}, 'config': {}, 'data': {'sample_id': 'debug-reagent'}, 'extra': {}, 'machine_name': '', 'barcode': '', 'barcode_symbology': ''}, {'id': 'debug_powder_container', 'uuid': '58c3af9c-615c-407d-a535-db6374bc5b98', 'name': '调试固体粉罐', 'description': '', 'schema': {}, 'model': {}, 'icon': '', 'parent_uuid': None, 'type': 'container', 'class': 'szlab_powder_container', 'pose': {'size': {'depth': 0.0, 'width': 0.0, 'height': 0.0}, 'scale': {'x': 0.0, 'y': 0.0, 'z': 0.0}, 'layout': 'x-y', 'position': {'x': 950.0, 'y': 1050.0, 'z': 0.0}, 'position3d': {'x': 0.0, 'y': 0.0, 'z': 0.0}, 'rotation': {'x': 0.0, 'y': 0.0, 'z': 0.0}, 'cross_section_type': 'rectangle', 'extra': None}, 'config': {}, 'data': {'sample_id': 'debug-powder'}, 'extra': {}, 'machine_name': '', 'barcode': '', 'barcode_symbology': ''}, {'id': 'szlab_poly_plc', 'uuid': '3c8f14e7-e706-41f1-b231-cff090518545', 'name': 'SZLab PLC', 'description': '', 'schema': {}, 'model': {}, 'icon': '', 'parent_uuid': None, 'type': 'device', 'class': 'szlab_poly_plc', 'pose': {'size': {'depth': 0.0, 'width': 0.0, 'height': 0.0}, 'scale': {'x': 0.0, 'y': 0.0, 'z': 0.0}, 'layout': 'x-y', 'position': {'x': 0.0, 'y': 1500.0, 'z': 0.0}, 'position3d': {'x': 0.0, 'y': 0.0, 'z': 0.0}, 'rotation': {'x': 0.0, 'y': 0.0, 'z': 0.0}, 'cross_section_type': 'rectangle', 'extra': None}, 'config': {'url': 'opc.tcp://opcua.ideawit.com:4855/xuse_sim', 'csv_path': 'szlab_plc_0730.csv', 'auto_connect': True, 'opcua_node_id_prefix': 'ns=4;s=上位机通讯|'}, 'data': {'status': 'Idle'}, 'extra': {}, 'machine_name': 'iv_yer7qchpmo4c5qwyaa06', 'barcode': '', 'barcode_symbology': ''}, {'id': 'szlab_mixer_robot', 'uuid': '8c33d315-fdf9-4512-a085-d580729eb0c6', 'name': 'SZLab 机械臂', 'description': '', 'schema': {}, 'model': {}, 'icon': '', 'parent_uuid': None, 'type': 'device', 'class': 'szlab_mixer_robot', 'pose': {'size': {'depth': 0.0, 'width': 0.0, 'height': 0.0}, 'scale': {'x': 0.0, 'y': 0.0, 'z': 0.0}, 'layout': 'x-y', 'position': {'x': 500.0, 'y': 1500.0, 'z': 0.0}, 'position3d': {'x': 0.0, 'y': 0.0, 'z': 0.0}, 'rotation': {'x': 0.0, 'y': 0.0, 'z': 0.0}, 'cross_section_type': 'rectangle', 'extra': None}, 'config': {'plc_device_id': 'szlab_poly_plc'}, 'data': {'status': 'Idle'}, 'extra': {}, 'machine_name': 'iv_yer7qchpmo4c5qwyaa06', 'barcode': '', 'barcode_symbology': ''}, {'id': 'szlab_mixer_stirrer', 'uuid': 'bbceb417-ba1a-4d81-9d87-b5e1c524ed60', 'name': 'S04 磁搅', 'description': '', 'schema': {}, 'model': {}, 'icon': '', 'parent_uuid': None, 'type': 'device', 'class': 'szlab_mixer_stirrer', 'pose': {'size': {'depth': 0.0, 'width': 0.0, 'height': 0.0}, 'scale': {'x': 0.0, 'y': 0.0, 'z': 0.0}, 'layout': 'x-y', 'position': {'x': 750.0, 'y': 1500.0, 'z': 0.0}, 'position3d': {'x': 0.0, 'y': 0.0, 'z': 0.0}, 'rotation': {'x': 0.0, 'y': 0.0, 'z': 0.0}, 'cross_section_type': 'rectangle', 'extra': None}, 'config': {'plc_device_id': 'szlab_poly_plc'}, 'data': {'status': 'Idle'}, 'extra': {}, 'machine_name': 'iv_yer7qchpmo4c5qwyaa06', 'barcode': '', 'barcode_symbology': ''}, {'id': 'szlab_mixer_photoshotting', 'uuid': '2bccb8a0-96bd-40e2-a8bd-8ec44c67eb05', 'name': 'S05 拍照检测', 'description': '', 'schema': {}, 'model': {}, 'icon': '', 'parent_uuid': None, 'type': 'device', 'class': 'szlab_mixer_photoshotting', 'pose': {'size': {'depth': 0.0, 'width': 0.0, 'height': 0.0}, 'scale': {'x': 0.0, 'y': 0.0, 'z': 0.0}, 'layout': 'x-y', 'position': {'x': 1000.0, 'y': 1500.0, 'z': 0.0}, 'position3d': {'x': 0.0, 'y': 0.0, 'z': 0.0}, 'rotation': {'x': 0.0, 'y': 0.0, 'z': 0.0}, 'cross_section_type': 'rectangle', 'extra': None}, 'config': {'plc_device_id': 'szlab_poly_plc'}, 'data': {'status': 'Idle'}, 'extra': {}, 'machine_name': 'iv_yer7qchpmo4c5qwyaa06', 'barcode': '', 'barcode_symbology': ''}, {'id': 'szlab_mixer_pump', 'uuid': '6bb0b08c-552e-4f90-a23a-3a2d7942394d', 'name': 'S06 注射泵', 'description': '', 'schema': {}, 'model': {}, 'icon': '', 'parent_uuid': None, 'type': 'device', 'class': 'szlab_mixer_pump', 'pose': {'size': {'depth': 0.0, 'width': 0.0, 'height': 0.0}, 'scale': {'x': 0.0, 'y': 0.0, 'z': 0.0}, 'layout': 'x-y', 'position': {'x': 1250.0, 'y': 1500.0, 'z': 0.0}, 'position3d': {'x': 0.0, 'y': 0.0, 'z': 0.0}, 'rotation': {'x': 0.0, 'y': 0.0, 'z': 0.0}, 'cross_section_type': 'rectangle', 'extra': None}, 'config': {'plc_device_id': 'szlab_poly_plc'}, 'data': {'status': 'Idle'}, 'extra': {}, 'machine_name': 'iv_yer7qchpmo4c5qwyaa06', 'barcode': '', 'barcode_symbology': ''}, {'id': 'szlab_s07_solid_addition', 'uuid': 'c6a72fe5-6847-48fe-b099-15bf4bbbe2d8', 'name': 'S07 固体加料', 'description': '', 'schema': {}, 'model': {}, 'icon': '', 'parent_uuid': None, 'type': 'device', 'class': 'szlab_s07_solid_addition', 'pose': {'size': {'depth': 0.0, 'width': 0.0, 'height': 0.0}, 'scale': {'x': 0.0, 'y': 0.0, 'z': 0.0}, 'layout': 'x-y', 'position': {'x': 1500.0, 'y': 1500.0, 'z': 0.0}, 'position3d': {'x': 0.0, 'y': 0.0, 'z': 0.0}, 'rotation': {'x': 0.0, 'y': 0.0, 'z': 0.0}, 'cross_section_type': 'rectangle', 'extra': None}, 'config': {'plc_device_id': 'szlab_poly_plc'}, 'data': {'status': 'Idle'}, 'extra': {}, 'machine_name': 'iv_yer7qchpmo4c5qwyaa06', 'barcode': '', 'barcode_symbology': ''}, {'id': 'szlab_s08_cap_station', 'uuid': '69abea33-3241-42da-b6ef-d23f8c2c2508', 'name': 'S08 开关盖', 'description': '', 'schema': {}, 'model': {}, 'icon': '', 'parent_uuid': None, 'type': 'device', 'class': 'szlab_s08_cap_station', 'pose': {'size': {'depth': 0.0, 'width': 0.0, 'height': 0.0}, 'scale': {'x': 0.0, 'y': 0.0, 'z': 0.0}, 'layout': 'x-y', 'position': {'x': 1750.0, 'y': 1500.0, 'z': 0.0}, 'position3d': {'x': 0.0, 'y': 0.0, 'z': 0.0}, 'rotation': {'x': 0.0, 'y': 0.0, 'z': 0.0}, 'cross_section_type': 'rectangle', 'extra': None}, 'config': {'plc_device_id': 'szlab_poly_plc'}, 'data': {'status': 'Idle'}, 'extra': {}, 'machine_name': 'iv_yer7qchpmo4c5qwyaa06', 'barcode': '', 'barcode_symbology': ''}, {'id': 'szlab_mixer_pipetting_station', 'uuid': 'a8a3c406-fdc4-47f1-ab58-4c53a27a1794', 'name': 'S09 移液站', 'description': '', 'schema': {}, 'model': {}, 'icon': '', 'parent_uuid': None, 'type': 'device', 'class': 'szlab_mixer_pipetting_station', 'pose': {'size': {'depth': 0.0, 'width': 0.0, 'height': 0.0}, 'scale': {'x': 0.0, 'y': 0.0, 'z': 0.0}, 'layout': 'x-y', 'position': {'x': 2000.0, 'y': 1500.0, 'z': 0.0}, 'position3d': {'x': 0.0, 'y': 0.0, 'z': 0.0}, 'rotation': {'x': 0.0, 'y': 0.0, 'z': 0.0}, 'cross_section_type': 'rectangle', 'extra': None}, 'config': {'plc_device_id': 'szlab_poly_plc'}, 'data': {'status': 'Idle'}, 'extra': {}, 'machine_name': 'iv_yer7qchpmo4c5qwyaa06', 'barcode': '', 'barcode_symbology': ''}] [trace:478] [unilabos.utils.log.log]
26-07-30 [23:17:49,231] [WARNING] 资源UUID未更新: 40fdc733-84bd-4cd8-aaee-4c6446ee5a27 [resource_tree_add:127] [unilabos.utils.log.client]
26-07-30 [23:17:49,231] [WARNING] 资源UUID未更新: ada05ed7-6410-46ad-9d67-9c00e38212dd [resource_tree_add:127] [unilabos.utils.log.client]
26-07-30 [23:17:49,231] [WARNING] 资源UUID未更新: 9ecd00cc-c596-4948-8c2a-151ccd5c5a4e [resource_tree_add:127] [unilabos.utils.log.client]
26-07-30 [23:17:49,231] [WARNING] 资源UUID未更新: 4a15b640-63dd-4342-bca9-c2bdf4f8211f [resource_tree_add:127] [unilabos.utils.log.client]
26-07-30 [23:17:49,231] [WARNING] 资源UUID未更新: 9d39d16c-d1d0-4d8b-9dca-571edccc9030 [resource_tree_add:127] [unilabos.utils.log.client]
26-07-30 [23:17:49,231] [WARNING] 资源UUID未更新: 15d3338f-a141-4d4b-a894-b3e9dfa3e025 [resource_tree_add:127] [unilabos.utils.log.client]
26-07-30 [23:17:49,231] [WARNING] 资源UUID未更新: 220e6734-a15e-4c1e-8c91-c9a4cb3bee9e [resource_tree_add:127] [unilabos.utils.log.client]
26-07-30 [23:17:49,231] [WARNING] 资源UUID未更新: 6a6c36ff-3aa8-4c64-8fd7-156365dce48a [resource_tree_add:127] [unilabos.utils.log.client]
26-07-30 [23:17:49,231] [WARNING] 资源UUID未更新: 5aa1b995-b117-4a06-970f-efe7f83dbf28 [resource_tree_add:127] [unilabos.utils.log.client]
26-07-30 [23:17:49,231] [WARNING] 资源UUID未更新: 6be1c0b6-87db-4fb2-8dae-0da1c381ad80 [resource_tree_add:127] [unilabos.utils.log.client]
26-07-30 [23:17:49,231] [WARNING] 资源UUID未更新: a8c338e1-2f7c-4f15-a677-219cb1d51534 [resource_tree_add:127] [unilabos.utils.log.client]
26-07-30 [23:17:49,231] [WARNING] 资源UUID未更新: ed7a9730-6245-43d7-addd-8bc0a14d4f52 [resource_tree_add:127] [unilabos.utils.log.client]
26-07-30 [23:17:49,231] [WARNING] 资源UUID未更新: 8b583f66-850b-41b1-8b6d-a8ccd7d3e5df [resource_tree_add:127] [unilabos.utils.log.client]
26-07-30 [23:17:49,231] [WARNING] 资源UUID未更新: 58c3af9c-615c-407d-a535-db6374bc5b98 [resource_tree_add:127] [unilabos.utils.log.client]
26-07-30 [23:17:49,231] [WARNING] 资源UUID未更新: 3c8f14e7-e706-41f1-b231-cff090518545 [resource_tree_add:127] [unilabos.utils.log.client]
26-07-30 [23:17:49,231] [WARNING] 资源UUID未更新: 8c33d315-fdf9-4512-a085-d580729eb0c6 [resource_tree_add:127] [unilabos.utils.log.client]
26-07-30 [23:17:49,231] [WARNING] 资源UUID未更新: bbceb417-ba1a-4d81-9d87-b5e1c524ed60 [resource_tree_add:127] [unilabos.utils.log.client]
26-07-30 [23:17:49,231] [WARNING] 资源UUID未更新: 2bccb8a0-96bd-40e2-a8bd-8ec44c67eb05 [resource_tree_add:127] [unilabos.utils.log.client]
26-07-30 [23:17:49,231] [WARNING] 资源UUID未更新: 6bb0b08c-552e-4f90-a23a-3a2d7942394d [resource_tree_add:127] [unilabos.utils.log.client]
26-07-30 [23:17:49,231] [WARNING] 资源UUID未更新: c6a72fe5-6847-48fe-b099-15bf4bbbe2d8 [resource_tree_add:127] [unilabos.utils.log.client]
26-07-30 [23:17:49,231] [WARNING] 资源UUID未更新: 69abea33-3241-42da-b6ef-d23f8c2c2508 [resource_tree_add:127] [unilabos.utils.log.client]
26-07-30 [23:17:49,231] [WARNING] 资源UUID未更新: a8a3c406-fdc4-47f1-ab58-4c53a27a1794 [resource_tree_add:127] [unilabos.utils.log.client]
26-07-30 [23:17:49,231] [INFO] [Host Node-Resource] 物料上传 133.86999999999998 ms [__init__:285] [unilabos.utils.log.host_node]
26-07-30 [23:17:49,353] [ERROR] 添加物料关系失败: 401, {"code":5009,"error":{"msg":"login verification format error"}} [resource_edge_add:67] [unilabos.utils.log.client]
26-07-30 [23:17:49,353] [INFO] [Host Node-Resource] 物料关系上传 122.05000000000001 ms [__init__:293] [unilabos.utils.log.host_node]
26-07-30 [23:17:49,374] [INFO] [Uvicorn.HTTP] 127.0.0.1:35780 - "GET /internal/v1/runtime-actions HTTP/1.1" 503 [send:482] [uvicorn.protocols.http.h11_impl]
26-07-30 [23:17:49,547] [WARNING] 未知类型 warehouse [node_to_plr_dict:614] [unilabos.utils.log.resource_tracker]
26-07-30 [23:17:49,547] [WARNING] 未知类型 warehouse [node_to_plr_dict:614] [unilabos.utils.log.resource_tracker]
26-07-30 [23:17:49,547] [WARNING] 未知类型 warehouse [node_to_plr_dict:614] [unilabos.utils.log.resource_tracker]
26-07-30 [23:17:49,551] [WARNING] 未知类型 warehouse [node_to_plr_dict:614] [unilabos.utils.log.resource_tracker]
26-07-30 [23:17:49,552] [WARNING] 未知类型 warehouse [node_to_plr_dict:614] [unilabos.utils.log.resource_tracker]
26-07-30 [23:17:49,552] [WARNING] 未知类型 warehouse [node_to_plr_dict:614] [unilabos.utils.log.resource_tracker]
26-07-30 [23:17:49,552] [WARNING] 未知类型 warehouse [node_to_plr_dict:614] [unilabos.utils.log.resource_tracker]
26-07-30 [23:17:49,553] [WARNING] 未知类型 warehouse [node_to_plr_dict:614] [unilabos.utils.log.resource_tracker]
26-07-30 [23:17:49,553] [ERROR] 转换 PLR 资源失败: Deck.__init__() got an unexpected keyword argument 'setup' {'setup': False, 'name': 'SZLab 聚合物工作站台面', 'type': 'Deck', 'size_x': 0.0, 'size_y': 0.0, 'size_z': 0.0, 'location': {'x': 0.0, 'y': 0.0, 'z': 0.0, 'type': 'Coordinate'}, 'rotation': {'x': 0, 'y': 0, 'z': 0, 'type': 'Rotation'}, 'category': 'Deck', 'children': [{'name': 'S1 上料过渡仓', 'type': 'warehouse', 'size_x': 0.0, 'size_y': 0.0, 'size_z': 0.0, 'location': {'x': 100.0, 'y': 100.0, 'z': 0.0, 'type': 'Coordinate'}, 'rotation': {'x': 0, 'y': 0, 'z': 0, 'type': 'Rotation'}, 'category': 'warehouse', 'children': [], 'parent_name': 'SZLab 聚合物工作站台面'}, {'name': 'S2 枪头仓占位', 'type': 'warehouse', 'size_x': 0.0, 'size_y': 0.0, 'size_z': 0.0, 'location': {'x': 100.0, 'y': 450.0, 'z': 0.0, 'type': 'Coordinate'}, 'rotation': {'x': 0, 'y': 0, 'z': 0, 'type': 'Rotation'}, 'category': 'warehouse', 'children': [], 'parent_name': 'SZLab 聚合物工作站台面'}, {'name': 'S3 未使用烧杯仓', 'type': 'warehouse', 'size_x': 0.0, 'size_y': 0.0, 'size_z': 0.0, 'location': {'x': 500.0, 'y': 100.0, 'z': 0.0, 'type': 'Coordinate'}, ' [to_plr_resources:683] [unilabos.utils.log.resource_tracker]
26-07-30 [23:17:49,554] [ERROR] 堆栈: Traceback (most recent call last):
  File "/home/changjunhan/Uni-Lab-Core/Uni-Lab-OS/unilabos/resources/resource_tracker.py", line 670, in to_plr_resources
    plr_resource = sub_cls.deserialize(plr_dict, allow_marshal=True)
                   ^^^^^^^^^^^^^^^^^^^^^^^^^^^^^^^^^^^^^^^^^^^^^^^^^
  File "/home/changjunhan/.micromamba/envs/unilab/lib/python3.11/site-packages/pylabrobot/resources/resource.py", line 761, in deserialize
    resource = subclass(**deserialize(data_copy, allow_marshal=allow_marshal))
               ^^^^^^^^^^^^^^^^^^^^^^^^^^^^^^^^^^^^^^^^^^^^^^^^^^^^^^^^^^^^^^^
TypeError: Deck.__init__() got an unexpected keyword argument 'setup'
 [to_plr_resources:686] [unilabos.utils.log.resource_tracker]
26-07-30 [23:17:49,554] [WARNING] [Host Node-Resource] 根节点物料<unilabos.resources.resource_tracker.ResourceTreeInstance object at 0x7f2172f70d10>序列化失败！ [warning:427] [unilabos.utils.log.log]
26-07-30 [23:17:49,555] [TRACE] 设置资源UUID: 调试烧杯 500 mL -> a8c338e1-2f7c-4f15-a677-219cb1d51534 [trace:478] [unilabos.utils.log.log]
26-07-30 [23:17:49,555] [TRACE] 设置资源Extra: 调试烧杯 500 mL -> {'unilabos_frontend_pose_extra': None, 'unilabos_resource_class': 'szlab_beaker_500ml'} [trace:478] [unilabos.utils.log.log]
26-07-30 [23:17:49,555] [TRACE] 收集资源UUID映射: a8c338e1-2f7c-4f15-a677-219cb1d51534 -> RegularContainer(name='调试烧杯 500 mL', location=Coordinate(350.000, 1050.000, 000.000), size_x=0.0, size_y=0.0, size_z=0.0, category=container)  [trace:478] [unilabos.utils.log.log]
26-07-30 [23:17:49,555] [TRACE] 设置资源UUID: 调试样品瓶 250 mL -> ed7a9730-6245-43d7-addd-8bc0a14d4f52 [trace:478] [unilabos.utils.log.log]
26-07-30 [23:17:49,555] [TRACE] 设置资源Extra: 调试样品瓶 250 mL -> {'unilabos_frontend_pose_extra': None, 'unilabos_resource_class': 'szlab_sample_vial_250ml'} [trace:478] [unilabos.utils.log.log]
26-07-30 [23:17:49,555] [TRACE] 收集资源UUID映射: ed7a9730-6245-43d7-addd-8bc0a14d4f52 -> RegularContainer(name='调试样品瓶 250 mL', location=Coordinate(550.000, 1050.000, 000.000), size_x=0.0, size_y=0.0, size_z=0.0, category=container)  [trace:478] [unilabos.utils.log.log]
26-07-30 [23:17:49,555] [TRACE] 设置资源UUID: 调试液体试剂瓶 100 mL -> 8b583f66-850b-41b1-8b6d-a8ccd7d3e5df [trace:478] [unilabos.utils.log.log]
26-07-30 [23:17:49,555] [TRACE] 设置资源Extra: 调试液体试剂瓶 100 mL -> {'unilabos_frontend_pose_extra': None, 'unilabos_resource_class': 'szlab_liquid_reagent_bottle_100ml'} [trace:478] [unilabos.utils.log.log]
26-07-30 [23:17:49,555] [TRACE] 收集资源UUID映射: 8b583f66-850b-41b1-8b6d-a8ccd7d3e5df -> RegularContainer(name='调试液体试剂瓶 100 mL', location=Coordinate(750.000, 1050.000, 000.000), size_x=0.0, size_y=0.0, size_z=0.0, category=container)  [trace:478] [unilabos.utils.log.log]
26-07-30 [23:17:49,555] [TRACE] 设置资源UUID: 调试固体粉罐 -> 58c3af9c-615c-407d-a535-db6374bc5b98 [trace:478] [unilabos.utils.log.log]
26-07-30 [23:17:49,555] [TRACE] 设置资源Extra: 调试固体粉罐 -> {'unilabos_frontend_pose_extra': None, 'unilabos_resource_class': 'szlab_powder_container'} [trace:478] [unilabos.utils.log.log]
26-07-30 [23:17:49,555] [TRACE] 收集资源UUID映射: 58c3af9c-615c-407d-a535-db6374bc5b98 -> RegularContainer(name='调试固体粉罐', location=Coordinate(950.000, 1050.000, 000.000), size_x=0.0, size_y=0.0, size_z=0.0, category=container)  [trace:478] [unilabos.utils.log.log]
26-07-30 [23:17:49,593] [TRACE] [/devices/host_node] 发布动作: create_resource, 类型: unilabos_msgs.action._resource_create_from_outer_easy.ResourceCreateFromOuterEasy [create_ros_action_server:1856] [unilabos.ros.nodes.base_device_node]
26-07-30 [23:17:49,594] [TRACE] [/devices/host_node] 发布动作: test_latency, 类型: unilabos_msgs.action._empty_in.EmptyIn [create_ros_action_server:1856] [unilabos.ros.nodes.base_device_node]
26-07-30 [23:17:49,595] [TRACE] [/devices/host_node] 发布动作: _execute_driver_command, 类型: unilabos_msgs.action._str_single_input.StrSingleInput [create_ros_action_server:1856] [unilabos.ros.nodes.base_device_node]
26-07-30 [23:17:49,595] [TRACE] [/devices/host_node] 发布动作: _execute_driver_command_async, 类型: unilabos_msgs.action._str_single_input.StrSingleInput [create_ros_action_server:1856] [unilabos.ros.nodes.base_device_node]
26-07-30 [23:17:49,597] [DEBUG] [/devices/host_node] ROS节点初始化完成 [__init__:806] [unilabos.ros.nodes.base_device_node]
26-07-30 [23:17:49,898] [INFO] [Uvicorn.HTTP] 127.0.0.1:35786 - "GET /internal/v1/runtime-actions HTTP/1.1" 503 [send:482] [uvicorn.protocols.http.h11_impl]
26-07-30 [23:17:50,601] [TRACE] [/devices/host_node] [Host Node] Discovering devices in the network... [_discover_devices:472] [unilabos.ros.nodes.presets.host_node]
26-07-30 [23:17:50,601] [TRACE] [/devices/host_node] [Host Node] Total online devices: 1 [_discover_devices:525] [unilabos.ros.nodes.presets.host_node]
26-07-30 [23:17:50,601] [WARNING] [/devices/host_node] [Host Node] Device host_node already existed, skipping. [__init__:405] [unilabos.ros.nodes.presets.host_node]
26-07-30 [23:17:50,601] [INFO] [/devices/host_node] [Host Node] Initializing device: szlab_poly_plc [initialize_device:743] [unilabos.ros.nodes.presets.host_node]
26-07-30 [23:17:50,808] [INFO] 循环线程已启动 [_start_loop:2899] [unilabos.utils.log.base_device_node]
26-07-30 [23:17:50,812] [INFO] 开始注册 911 个节点... [register_node_list:366] [unilabos.utils.log.post_process]
26-07-30 [23:17:50,812] [DEBUG] 添加节点 "传感器状态_上位机" (NodeType.VARIABLE) 到待查找列表 [register_node_list:385] [unilabos.utils.log.post_process]
26-07-30 [23:17:50,812] [DEBUG] 添加节点 "传感器状态_上位机[0]" (NodeType.VARIABLE) 到待查找列表 [register_node_list:385] [unilabos.utils.log.post_process]
26-07-30 [23:17:50,812] [DEBUG] 添加节点 "传感器状态_上位机[0].NO" (NodeType.VARIABLE) 到待查找列表 [register_node_list:385] [unilabos.utils.log.post_process]
26-07-30 [23:17:50,812] [DEBUG] 添加节点 "传感器状态_上位机[0].NO[0]" (NodeType.VARIABLE) 到待查找列表 [register_node_list:385] [unilabos.utils.log.post_process]
26-07-30 [23:17:50,812] [DEBUG] 添加节点 "传感器状态_上位机[0].NO[1]" (NodeType.VARIABLE) 到待查找列表 [register_node_list:385] [unilabos.utils.log.post_process]
26-07-30 [23:17:50,812] [DEBUG] 添加节点 "传感器状态_上位机[0].NO[2]" (NodeType.VARIABLE) 到待查找列表 [register_node_list:385] [unilabos.utils.log.post_process]
26-07-30 [23:17:50,812] [DEBUG] 添加节点 "传感器状态_上位机[0].NO[3]" (NodeType.VARIABLE) 到待查找列表 [register_node_list:385] [unilabos.utils.log.post_process]
26-07-30 [23:17:50,812] [DEBUG] 添加节点 "传感器状态_上位机[0].NO[4]" (NodeType.VARIABLE) 到待查找列表 [register_node_list:385] [unilabos.utils.log.post_process]
26-07-30 [23:17:50,812] [DEBUG] 添加节点 "传感器状态_上位机[0].NO[5]" (NodeType.VARIABLE) 到待查找列表 [register_node_list:385] [unilabos.utils.log.post_process]
26-07-30 [23:17:50,812] [DEBUG] 添加节点 "传感器状态_上位机[0].NO[6]" (NodeType.VARIABLE) 到待查找列表 [register_node_list:385] [unilabos.utils.log.post_process]
26-07-30 [23:17:50,812] [DEBUG] 添加节点 "传感器状态_上位机[0].NO[7]" (NodeType.VARIABLE) 到待查找列表 [register_node_list:385] [unilabos.utils.log.post_process]
26-07-30 [23:17:50,812] [DEBUG] 添加节点 "传感器状态_上位机[0].NO[8]" (NodeType.VARIABLE) 到待查找列表 [register_node_list:385] [unilabos.utils.log.post_process]
26-07-30 [23:17:50,812] [DEBUG] 添加节点 "传感器状态_上位机[0].NO[9]" (NodeType.VARIABLE) 到待查找列表 [register_node_list:385] [unilabos.utils.log.post_process]
26-07-30 [23:17:50,812] [DEBUG] 添加节点 "传感器状态_上位机[0].NO[10]" (NodeType.VARIABLE) 到待查找列表 [register_node_list:385] [unilabos.utils.log.post_process]
26-07-30 [23:17:50,812] [DEBUG] 添加节点 "传感器状态_上位机[0].NO[11]" (NodeType.VARIABLE) 到待查找列表 [register_node_list:385] [unilabos.utils.log.post_process]
26-07-30 [23:17:50,812] [DEBUG] 添加节点 "传感器状态_上位机[0].NO[12]" (NodeType.VARIABLE) 到待查找列表 [register_node_list:385] [unilabos.utils.log.post_process]
26-07-30 [23:17:50,812] [DEBUG] 添加节点 "传感器状态_上位机[0].NO[13]" (NodeType.VARIABLE) 到待查找列表 [register_node_list:385] [unilabos.utils.log.post_process]
26-07-30 [23:17:50,812] [DEBUG] 添加节点 "传感器状态_上位机[0].NO[14]" (NodeType.VARIABLE) 到待查找列表 [register_node_list:385] [unilabos.utils.log.post_process]
26-07-30 [23:17:50,812] [DEBUG] 添加节点 "传感器状态_上位机[0].NO[15]" (NodeType.VARIABLE) 到待查找列表 [register_node_list:385] [unilabos.utils.log.post_process]
26-07-30 [23:17:50,812] [DEBUG] 添加节点 "传感器状态_上位机[1]" (NodeType.VARIABLE) 到待查找列表 [register_node_list:385] [unilabos.utils.log.post_process]
26-07-30 [23:17:50,812] [DEBUG] 添加节点 "传感器状态_上位机[1].NO" (NodeType.VARIABLE) 到待查找列表 [register_node_list:385] [unilabos.utils.log.post_process]
26-07-30 [23:17:50,812] [DEBUG] 添加节点 "传感器状态_上位机[1].NO[0]" (NodeType.VARIABLE) 到待查找列表 [register_node_list:385] [unilabos.utils.log.post_process]
26-07-30 [23:17:50,812] [DEBUG] 添加节点 "传感器状态_上位机[1].NO[1]" (NodeType.VARIABLE) 到待查找列表 [register_node_list:385] [unilabos.utils.log.post_process]
26-07-30 [23:17:50,812] [DEBUG] 添加节点 "传感器状态_上位机[1].NO[2]" (NodeType.VARIABLE) 到待查找列表 [register_node_list:385] [unilabos.utils.log.post_process]
26-07-30 [23:17:50,812] [DEBUG] 添加节点 "传感器状态_上位机[1].NO[3]" (NodeType.VARIABLE) 到待查找列表 [register_node_list:385] [unilabos.utils.log.post_process]
26-07-30 [23:17:50,812] [DEBUG] 添加节点 "传感器状态_上位机[1].NO[4]" (NodeType.VARIABLE) 到待查找列表 [register_node_list:385] [unilabos.utils.log.post_process]
26-07-30 [23:17:50,812] [DEBUG] 添加节点 "传感器状态_上位机[1].NO[5]" (NodeType.VARIABLE) 到待查找列表 [register_node_list:385] [unilabos.utils.log.post_process]
26-07-30 [23:17:50,812] [DEBUG] 添加节点 "传感器状态_上位机[1].NO[6]" (NodeType.VARIABLE) 到待查找列表 [register_node_list:385] [unilabos.utils.log.post_process]
26-07-30 [23:17:50,812] [DEBUG] 添加节点 "传感器状态_上位机[1].NO[7]" (NodeType.VARIABLE) 到待查找列表 [register_node_list:385] [unilabos.utils.log.post_process]
26-07-30 [23:17:50,812] [DEBUG] 添加节点 "传感器状态_上位机[1].NO[8]" (NodeType.VARIABLE) 到待查找列表 [register_node_list:385] [unilabos.utils.log.post_process]
26-07-30 [23:17:50,812] [DEBUG] 添加节点 "传感器状态_上位机[1].NO[9]" (NodeType.VARIABLE) 到待查找列表 [register_node_list:385] [unilabos.utils.log.post_process]
26-07-30 [23:17:50,812] [DEBUG] 添加节点 "传感器状态_上位机[1].NO[10]" (NodeType.VARIABLE) 到待查找列表 [register_node_list:385] [unilabos.utils.log.post_process]
26-07-30 [23:17:50,812] [DEBUG] 添加节点 "传感器状态_上位机[1].NO[11]" (NodeType.VARIABLE) 到待查找列表 [register_node_list:385] [unilabos.utils.log.post_process]
26-07-30 [23:17:50,812] [DEBUG] 添加节点 "传感器状态_上位机[1].NO[12]" (NodeType.VARIABLE) 到待查找列表 [register_node_list:385] [unilabos.utils.log.post_process]
26-07-30 [23:17:50,812] [DEBUG] 添加节点 "传感器状态_上位机[1].NO[13]" (NodeType.VARIABLE) 到待查找列表 [register_node_list:385] [unilabos.utils.log.post_process]
26-07-30 [23:17:50,812] [DEBUG] 添加节点 "传感器状态_上位机[1].NO[14]" (NodeType.VARIABLE) 到待查找列表 [register_node_list:385] [unilabos.utils.log.post_process]
26-07-30 [23:17:50,812] [DEBUG] 添加节点 "传感器状态_上位机[1].NO[15]" (NodeType.VARIABLE) 到待查找列表 [register_node_list:385] [unilabos.utils.log.post_process]
26-07-30 [23:17:50,812] [DEBUG] 添加节点 "传感器状态_上位机[2]" (NodeType.VARIABLE) 到待查找列表 [register_node_list:385] [unilabos.utils.log.post_process]
26-07-30 [23:17:50,812] [DEBUG] 添加节点 "传感器状态_上位机[2].NO" (NodeType.VARIABLE) 到待查找列表 [register_node_list:385] [unilabos.utils.log.post_process]
26-07-30 [23:17:50,812] [DEBUG] 添加节点 "传感器状态_上位机[2].NO[0]" (NodeType.VARIABLE) 到待查找列表 [register_node_list:385] [unilabos.utils.log.post_process]
26-07-30 [23:17:50,812] [DEBUG] 添加节点 "传感器状态_上位机[2].NO[1]" (NodeType.VARIABLE) 到待查找列表 [register_node_list:385] [unilabos.utils.log.post_process]
26-07-30 [23:17:50,812] [DEBUG] 添加节点 "传感器状态_上位机[2].NO[2]" (NodeType.VARIABLE) 到待查找列表 [register_node_list:385] [unilabos.utils.log.post_process]
26-07-30 [23:17:50,812] [DEBUG] 添加节点 "传感器状态_上位机[2].NO[3]" (NodeType.VARIABLE) 到待查找列表 [register_node_list:385] [unilabos.utils.log.post_process]
26-07-30 [23:17:50,812] [DEBUG] 添加节点 "传感器状态_上位机[2].NO[4]" (NodeType.VARIABLE) 到待查找列表 [register_node_list:385] [unilabos.utils.log.post_process]
26-07-30 [23:17:50,812] [DEBUG] 添加节点 "传感器状态_上位机[2].NO[5]" (NodeType.VARIABLE) 到待查找列表 [register_node_list:385] [unilabos.utils.log.post_process]
26-07-30 [23:17:50,812] [DEBUG] 添加节点 "传感器状态_上位机[2].NO[6]" (NodeType.VARIABLE) 到待查找列表 [register_node_list:385] [unilabos.utils.log.post_process]
26-07-30 [23:17:50,812] [DEBUG] 添加节点 "传感器状态_上位机[2].NO[7]" (NodeType.VARIABLE) 到待查找列表 [register_node_list:385] [unilabos.utils.log.post_process]
26-07-30 [23:17:50,812] [DEBUG] 添加节点 "传感器状态_上位机[2].NO[8]" (NodeType.VARIABLE) 到待查找列表 [register_node_list:385] [unilabos.utils.log.post_process]
26-07-30 [23:17:50,812] [DEBUG] 添加节点 "传感器状态_上位机[2].NO[9]" (NodeType.VARIABLE) 到待查找列表 [register_node_list:385] [unilabos.utils.log.post_process]
26-07-30 [23:17:50,812] [DEBUG] 添加节点 "传感器状态_上位机[2].NO[10]" (NodeType.VARIABLE) 到待查找列表 [register_node_list:385] [unilabos.utils.log.post_process]
26-07-30 [23:17:50,812] [DEBUG] 添加节点 "传感器状态_上位机[2].NO[11]" (NodeType.VARIABLE) 到待查找列表 [register_node_list:385] [unilabos.utils.log.post_process]
26-07-30 [23:17:50,812] [DEBUG] 添加节点 "传感器状态_上位机[2].NO[12]" (NodeType.VARIABLE) 到待查找列表 [register_node_list:385] [unilabos.utils.log.post_process]
26-07-30 [23:17:50,812] [DEBUG] 添加节点 "传感器状态_上位机[2].NO[13]" (NodeType.VARIABLE) 到待查找列表 [register_node_list:385] [unilabos.utils.log.post_process]
26-07-30 [23:17:50,812] [DEBUG] 添加节点 "传感器状态_上位机[2].NO[14]" (NodeType.VARIABLE) 到待查找列表 [register_node_list:385] [unilabos.utils.log.post_process]
26-07-30 [23:17:50,812] [DEBUG] 添加节点 "传感器状态_上位机[2].NO[15]" (NodeType.VARIABLE) 到待查找列表 [register_node_list:385] [unilabos.utils.log.post_process]
26-07-30 [23:17:50,812] [DEBUG] 添加节点 "传感器状态_上位机[3]" (NodeType.VARIABLE) 到待查找列表 [register_node_list:385] [unilabos.utils.log.post_process]
26-07-30 [23:17:50,812] [DEBUG] 添加节点 "传感器状态_上位机[3].NO" (NodeType.VARIABLE) 到待查找列表 [register_node_list:385] [unilabos.utils.log.post_process]
26-07-30 [23:17:50,812] [DEBUG] 添加节点 "传感器状态_上位机[3].NO[0]" (NodeType.VARIABLE) 到待查找列表 [register_node_list:385] [unilabos.utils.log.post_process]
26-07-30 [23:17:50,812] [DEBUG] 添加节点 "传感器状态_上位机[3].NO[1]" (NodeType.VARIABLE) 到待查找列表 [register_node_list:385] [unilabos.utils.log.post_process]
26-07-30 [23:17:50,812] [DEBUG] 添加节点 "传感器状态_上位机[3].NO[2]" (NodeType.VARIABLE) 到待查找列表 [register_node_list:385] [unilabos.utils.log.post_process]
26-07-30 [23:17:50,812] [DEBUG] 添加节点 "传感器状态_上位机[3].NO[3]" (NodeType.VARIABLE) 到待查找列表 [register_node_list:385] [unilabos.utils.log.post_process]
26-07-30 [23:17:50,812] [DEBUG] 添加节点 "传感器状态_上位机[3].NO[4]" (NodeType.VARIABLE) 到待查找列表 [register_node_list:385] [unilabos.utils.log.post_process]
26-07-30 [23:17:50,812] [DEBUG] 添加节点 "传感器状态_上位机[3].NO[5]" (NodeType.VARIABLE) 到待查找列表 [register_node_list:385] [unilabos.utils.log.post_process]
26-07-30 [23:17:50,812] [DEBUG] 添加节点 "传感器状态_上位机[3].NO[6]" (NodeType.VARIABLE) 到待查找列表 [register_node_list:385] [unilabos.utils.log.post_process]
26-07-30 [23:17:50,812] [DEBUG] 添加节点 "传感器状态_上位机[3].NO[7]" (NodeType.VARIABLE) 到待查找列表 [register_node_list:385] [unilabos.utils.log.post_process]
26-07-30 [23:17:50,812] [DEBUG] 添加节点 "传感器状态_上位机[3].NO[8]" (NodeType.VARIABLE) 到待查找列表 [register_node_list:385] [unilabos.utils.log.post_process]
26-07-30 [23:17:50,812] [DEBUG] 添加节点 "传感器状态_上位机[3].NO[9]" (NodeType.VARIABLE) 到待查找列表 [register_node_list:385] [unilabos.utils.log.post_process]
26-07-30 [23:17:50,812] [DEBUG] 添加节点 "传感器状态_上位机[3].NO[10]" (NodeType.VARIABLE) 到待查找列表 [register_node_list:385] [unilabos.utils.log.post_process]
26-07-30 [23:17:50,812] [DEBUG] 添加节点 "传感器状态_上位机[3].NO[11]" (NodeType.VARIABLE) 到待查找列表 [register_node_list:385] [unilabos.utils.log.post_process]
26-07-30 [23:17:50,812] [DEBUG] 添加节点 "传感器状态_上位机[3].NO[12]" (NodeType.VARIABLE) 到待查找列表 [register_node_list:385] [unilabos.utils.log.post_process]
26-07-30 [23:17:50,812] [DEBUG] 添加节点 "传感器状态_上位机[3].NO[13]" (NodeType.VARIABLE) 到待查找列表 [register_node_list:385] [unilabos.utils.log.post_process]
26-07-30 [23:17:50,812] [DEBUG] 添加节点 "传感器状态_上位机[3].NO[14]" (NodeType.VARIABLE) 到待查找列表 [register_node_list:385] [unilabos.utils.log.post_process]
26-07-30 [23:17:50,812] [DEBUG] 添加节点 "传感器状态_上位机[3].NO[15]" (NodeType.VARIABLE) 到待查找列表 [register_node_list:385] [unilabos.utils.log.post_process]
26-07-30 [23:17:50,812] [DEBUG] 添加节点 "传感器状态_上位机[4]" (NodeType.VARIABLE) 到待查找列表 [register_node_list:385] [unilabos.utils.log.post_process]
26-07-30 [23:17:50,812] [DEBUG] 添加节点 "传感器状态_上位机[4].NO" (NodeType.VARIABLE) 到待查找列表 [register_node_list:385] [unilabos.utils.log.post_process]
26-07-30 [23:17:50,812] [DEBUG] 添加节点 "传感器状态_上位机[4].NO[0]" (NodeType.VARIABLE) 到待查找列表 [register_node_list:385] [unilabos.utils.log.post_process]
26-07-30 [23:17:50,812] [DEBUG] 添加节点 "传感器状态_上位机[4].NO[1]" (NodeType.VARIABLE) 到待查找列表 [register_node_list:385] [unilabos.utils.log.post_process]
26-07-30 [23:17:50,812] [DEBUG] 添加节点 "传感器状态_上位机[4].NO[2]" (NodeType.VARIABLE) 到待查找列表 [register_node_list:385] [unilabos.utils.log.post_process]
26-07-30 [23:17:50,812] [DEBUG] 添加节点 "传感器状态_上位机[4].NO[3]" (NodeType.VARIABLE) 到待查找列表 [register_node_list:385] [unilabos.utils.log.post_process]
26-07-30 [23:17:50,812] [DEBUG] 添加节点 "传感器状态_上位机[4].NO[4]" (NodeType.VARIABLE) 到待查找列表 [register_node_list:385] [unilabos.utils.log.post_process]
26-07-30 [23:17:50,813] [DEBUG] 添加节点 "传感器状态_上位机[4].NO[5]" (NodeType.VARIABLE) 到待查找列表 [register_node_list:385] [unilabos.utils.log.post_process]
26-07-30 [23:17:50,813] [DEBUG] 添加节点 "传感器状态_上位机[4].NO[6]" (NodeType.VARIABLE) 到待查找列表 [register_node_list:385] [unilabos.utils.log.post_process]
26-07-30 [23:17:50,813] [DEBUG] 添加节点 "传感器状态_上位机[4].NO[7]" (NodeType.VARIABLE) 到待查找列表 [register_node_list:385] [unilabos.utils.log.post_process]
26-07-30 [23:17:50,813] [DEBUG] 添加节点 "传感器状态_上位机[4].NO[8]" (NodeType.VARIABLE) 到待查找列表 [register_node_list:385] [unilabos.utils.log.post_process]
26-07-30 [23:17:50,813] [DEBUG] 添加节点 "传感器状态_上位机[4].NO[9]" (NodeType.VARIABLE) 到待查找列表 [register_node_list:385] [unilabos.utils.log.post_process]
26-07-30 [23:17:50,813] [DEBUG] 添加节点 "传感器状态_上位机[4].NO[10]" (NodeType.VARIABLE) 到待查找列表 [register_node_list:385] [unilabos.utils.log.post_process]
26-07-30 [23:17:50,813] [DEBUG] 添加节点 "传感器状态_上位机[4].NO[11]" (NodeType.VARIABLE) 到待查找列表 [register_node_list:385] [unilabos.utils.log.post_process]
26-07-30 [23:17:50,813] [DEBUG] 添加节点 "传感器状态_上位机[4].NO[12]" (NodeType.VARIABLE) 到待查找列表 [register_node_list:385] [unilabos.utils.log.post_process]
26-07-30 [23:17:50,813] [DEBUG] 添加节点 "传感器状态_上位机[4].NO[13]" (NodeType.VARIABLE) 到待查找列表 [register_node_list:385] [unilabos.utils.log.post_process]
26-07-30 [23:17:50,813] [DEBUG] 添加节点 "传感器状态_上位机[4].NO[14]" (NodeType.VARIABLE) 到待查找列表 [register_node_list:385] [unilabos.utils.log.post_process]
26-07-30 [23:17:50,813] [DEBUG] 添加节点 "传感器状态_上位机[4].NO[15]" (NodeType.VARIABLE) 到待查找列表 [register_node_list:385] [unilabos.utils.log.post_process]
26-07-30 [23:17:50,813] [DEBUG] 添加节点 "传感器状态_上位机[5]" (NodeType.VARIABLE) 到待查找列表 [register_node_list:385] [unilabos.utils.log.post_process]
26-07-30 [23:17:50,813] [DEBUG] 添加节点 "传感器状态_上位机[5].NO" (NodeType.VARIABLE) 到待查找列表 [register_node_list:385] [unilabos.utils.log.post_process]
26-07-30 [23:17:50,813] [DEBUG] 添加节点 "传感器状态_上位机[5].NO[0]" (NodeType.VARIABLE) 到待查找列表 [register_node_list:385] [unilabos.utils.log.post_process]
26-07-30 [23:17:50,813] [DEBUG] 添加节点 "传感器状态_上位机[5].NO[1]" (NodeType.VARIABLE) 到待查找列表 [register_node_list:385] [unilabos.utils.log.post_process]
26-07-30 [23:17:50,813] [DEBUG] 添加节点 "传感器状态_上位机[5].NO[2]" (NodeType.VARIABLE) 到待查找列表 [register_node_list:385] [unilabos.utils.log.post_process]
26-07-30 [23:17:50,813] [DEBUG] 添加节点 "传感器状态_上位机[5].NO[3]" (NodeType.VARIABLE) 到待查找列表 [register_node_list:385] [unilabos.utils.log.post_process]
26-07-30 [23:17:50,813] [DEBUG] 添加节点 "传感器状态_上位机[5].NO[4]" (NodeType.VARIABLE) 到待查找列表 [register_node_list:385] [unilabos.utils.log.post_process]
26-07-30 [23:17:50,813] [DEBUG] 添加节点 "传感器状态_上位机[5].NO[5]" (NodeType.VARIABLE) 到待查找列表 [register_node_list:385] [unilabos.utils.log.post_process]
26-07-30 [23:17:50,813] [DEBUG] 添加节点 "传感器状态_上位机[5].NO[6]" (NodeType.VARIABLE) 到待查找列表 [register_node_list:385] [unilabos.utils.log.post_process]
26-07-30 [23:17:50,813] [DEBUG] 添加节点 "传感器状态_上位机[5].NO[7]" (NodeType.VARIABLE) 到待查找列表 [register_node_list:385] [unilabos.utils.log.post_process]
26-07-30 [23:17:50,813] [DEBUG] 添加节点 "传感器状态_上位机[5].NO[8]" (NodeType.VARIABLE) 到待查找列表 [register_node_list:385] [unilabos.utils.log.post_process]
26-07-30 [23:17:50,813] [DEBUG] 添加节点 "传感器状态_上位机[5].NO[9]" (NodeType.VARIABLE) 到待查找列表 [register_node_list:385] [unilabos.utils.log.post_process]
26-07-30 [23:17:50,813] [DEBUG] 添加节点 "传感器状态_上位机[5].NO[10]" (NodeType.VARIABLE) 到待查找列表 [register_node_list:385] [unilabos.utils.log.post_process]
26-07-30 [23:17:50,813] [DEBUG] 添加节点 "传感器状态_上位机[5].NO[11]" (NodeType.VARIABLE) 到待查找列表 [register_node_list:385] [unilabos.utils.log.post_process]
26-07-30 [23:17:50,813] [DEBUG] 添加节点 "传感器状态_上位机[5].NO[12]" (NodeType.VARIABLE) 到待查找列表 [register_node_list:385] [unilabos.utils.log.post_process]
26-07-30 [23:17:50,813] [DEBUG] 添加节点 "传感器状态_上位机[5].NO[13]" (NodeType.VARIABLE) 到待查找列表 [register_node_list:385] [unilabos.utils.log.post_process]
26-07-30 [23:17:50,813] [DEBUG] 添加节点 "传感器状态_上位机[5].NO[14]" (NodeType.VARIABLE) 到待查找列表 [register_node_list:385] [unilabos.utils.log.post_process]
26-07-30 [23:17:50,813] [DEBUG] 添加节点 "传感器状态_上位机[5].NO[15]" (NodeType.VARIABLE) 到待查找列表 [register_node_list:385] [unilabos.utils.log.post_process]
26-07-30 [23:17:50,813] [DEBUG] 添加节点 "传感器状态_上位机[6]" (NodeType.VARIABLE) 到待查找列表 [register_node_list:385] [unilabos.utils.log.post_process]
26-07-30 [23:17:50,813] [DEBUG] 添加节点 "传感器状态_上位机[6].NO" (NodeType.VARIABLE) 到待查找列表 [register_node_list:385] [unilabos.utils.log.post_process]
26-07-30 [23:17:50,813] [DEBUG] 添加节点 "传感器状态_上位机[6].NO[0]" (NodeType.VARIABLE) 到待查找列表 [register_node_list:385] [unilabos.utils.log.post_process]
26-07-30 [23:17:50,813] [DEBUG] 添加节点 "传感器状态_上位机[6].NO[1]" (NodeType.VARIABLE) 到待查找列表 [register_node_list:385] [unilabos.utils.log.post_process]
26-07-30 [23:17:50,813] [DEBUG] 添加节点 "传感器状态_上位机[6].NO[2]" (NodeType.VARIABLE) 到待查找列表 [register_node_list:385] [unilabos.utils.log.post_process]
26-07-30 [23:17:50,813] [DEBUG] 添加节点 "传感器状态_上位机[6].NO[3]" (NodeType.VARIABLE) 到待查找列表 [register_node_list:385] [unilabos.utils.log.post_process]
26-07-30 [23:17:50,813] [DEBUG] 添加节点 "传感器状态_上位机[6].NO[4]" (NodeType.VARIABLE) 到待查找列表 [register_node_list:385] [unilabos.utils.log.post_process]
26-07-30 [23:17:50,813] [DEBUG] 添加节点 "传感器状态_上位机[6].NO[5]" (NodeType.VARIABLE) 到待查找列表 [register_node_list:385] [unilabos.utils.log.post_process]
26-07-30 [23:17:50,813] [DEBUG] 添加节点 "传感器状态_上位机[6].NO[6]" (NodeType.VARIABLE) 到待查找列表 [register_node_list:385] [unilabos.utils.log.post_process]
26-07-30 [23:17:50,813] [DEBUG] 添加节点 "传感器状态_上位机[6].NO[7]" (NodeType.VARIABLE) 到待查找列表 [register_node_list:385] [unilabos.utils.log.post_process]
26-07-30 [23:17:50,813] [DEBUG] 添加节点 "传感器状态_上位机[6].NO[8]" (NodeType.VARIABLE) 到待查找列表 [register_node_list:385] [unilabos.utils.log.post_process]
26-07-30 [23:17:50,813] [DEBUG] 添加节点 "传感器状态_上位机[6].NO[9]" (NodeType.VARIABLE) 到待查找列表 [register_node_list:385] [unilabos.utils.log.post_process]
26-07-30 [23:17:50,813] [DEBUG] 添加节点 "传感器状态_上位机[6].NO[10]" (NodeType.VARIABLE) 到待查找列表 [register_node_list:385] [unilabos.utils.log.post_process]
26-07-30 [23:17:50,813] [DEBUG] 添加节点 "传感器状态_上位机[6].NO[11]" (NodeType.VARIABLE) 到待查找列表 [register_node_list:385] [unilabos.utils.log.post_process]
26-07-30 [23:17:50,813] [DEBUG] 添加节点 "传感器状态_上位机[6].NO[12]" (NodeType.VARIABLE) 到待查找列表 [register_node_list:385] [unilabos.utils.log.post_process]
26-07-30 [23:17:50,813] [DEBUG] 添加节点 "传感器状态_上位机[6].NO[13]" (NodeType.VARIABLE) 到待查找列表 [register_node_list:385] [unilabos.utils.log.post_process]
26-07-30 [23:17:50,813] [DEBUG] 添加节点 "传感器状态_上位机[6].NO[14]" (NodeType.VARIABLE) 到待查找列表 [register_node_list:385] [unilabos.utils.log.post_process]
26-07-30 [23:17:50,813] [DEBUG] 添加节点 "传感器状态_上位机[6].NO[15]" (NodeType.VARIABLE) 到待查找列表 [register_node_list:385] [unilabos.utils.log.post_process]
26-07-30 [23:17:50,813] [DEBUG] 添加节点 "传感器状态_上位机[7]" (NodeType.VARIABLE) 到待查找列表 [register_node_list:385] [unilabos.utils.log.post_process]
26-07-30 [23:17:50,813] [DEBUG] 添加节点 "传感器状态_上位机[7].NO" (NodeType.VARIABLE) 到待查找列表 [register_node_list:385] [unilabos.utils.log.post_process]
26-07-30 [23:17:50,813] [DEBUG] 添加节点 "传感器状态_上位机[7].NO[0]" (NodeType.VARIABLE) 到待查找列表 [register_node_list:385] [unilabos.utils.log.post_process]
26-07-30 [23:17:50,813] [DEBUG] 添加节点 "传感器状态_上位机[7].NO[1]" (NodeType.VARIABLE) 到待查找列表 [register_node_list:385] [unilabos.utils.log.post_process]
26-07-30 [23:17:50,813] [DEBUG] 添加节点 "传感器状态_上位机[7].NO[2]" (NodeType.VARIABLE) 到待查找列表 [register_node_list:385] [unilabos.utils.log.post_process]
26-07-30 [23:17:50,813] [DEBUG] 添加节点 "传感器状态_上位机[7].NO[3]" (NodeType.VARIABLE) 到待查找列表 [register_node_list:385] [unilabos.utils.log.post_process]
26-07-30 [23:17:50,813] [DEBUG] 添加节点 "传感器状态_上位机[7].NO[4]" (NodeType.VARIABLE) 到待查找列表 [register_node_list:385] [unilabos.utils.log.post_process]
26-07-30 [23:17:50,813] [DEBUG] 添加节点 "传感器状态_上位机[7].NO[5]" (NodeType.VARIABLE) 到待查找列表 [register_node_list:385] [unilabos.utils.log.post_process]
26-07-30 [23:17:50,813] [DEBUG] 添加节点 "传感器状态_上位机[7].NO[6]" (NodeType.VARIABLE) 到待查找列表 [register_node_list:385] [unilabos.utils.log.post_process]
26-07-30 [23:17:50,813] [DEBUG] 添加节点 "传感器状态_上位机[7].NO[7]" (NodeType.VARIABLE) 到待查找列表 [register_node_list:385] [unilabos.utils.log.post_process]
26-07-30 [23:17:50,813] [DEBUG] 添加节点 "传感器状态_上位机[7].NO[8]" (NodeType.VARIABLE) 到待查找列表 [register_node_list:385] [unilabos.utils.log.post_process]
26-07-30 [23:17:50,813] [DEBUG] 添加节点 "传感器状态_上位机[7].NO[9]" (NodeType.VARIABLE) 到待查找列表 [register_node_list:385] [unilabos.utils.log.post_process]
26-07-30 [23:17:50,813] [DEBUG] 添加节点 "传感器状态_上位机[7].NO[10]" (NodeType.VARIABLE) 到待查找列表 [register_node_list:385] [unilabos.utils.log.post_process]
26-07-30 [23:17:50,813] [DEBUG] 添加节点 "传感器状态_上位机[7].NO[11]" (NodeType.VARIABLE) 到待查找列表 [register_node_list:385] [unilabos.utils.log.post_process]
26-07-30 [23:17:50,813] [DEBUG] 添加节点 "传感器状态_上位机[7].NO[12]" (NodeType.VARIABLE) 到待查找列表 [register_node_list:385] [unilabos.utils.log.post_process]
26-07-30 [23:17:50,813] [DEBUG] 添加节点 "传感器状态_上位机[7].NO[13]" (NodeType.VARIABLE) 到待查找列表 [register_node_list:385] [unilabos.utils.log.post_process]
26-07-30 [23:17:50,813] [DEBUG] 添加节点 "传感器状态_上位机[7].NO[14]" (NodeType.VARIABLE) 到待查找列表 [register_node_list:385] [unilabos.utils.log.post_process]
26-07-30 [23:17:50,813] [DEBUG] 添加节点 "传感器状态_上位机[7].NO[15]" (NodeType.VARIABLE) 到待查找列表 [register_node_list:385] [unilabos.utils.log.post_process]
26-07-30 [23:17:50,813] [DEBUG] 添加节点 "传感器状态_上位机[8]" (NodeType.VARIABLE) 到待查找列表 [register_node_list:385] [unilabos.utils.log.post_process]
26-07-30 [23:17:50,813] [DEBUG] 添加节点 "传感器状态_上位机[8].NO" (NodeType.VARIABLE) 到待查找列表 [register_node_list:385] [unilabos.utils.log.post_process]
26-07-30 [23:17:50,813] [DEBUG] 添加节点 "传感器状态_上位机[8].NO[0]" (NodeType.VARIABLE) 到待查找列表 [register_node_list:385] [unilabos.utils.log.post_process]
26-07-30 [23:17:50,813] [DEBUG] 添加节点 "传感器状态_上位机[8].NO[1]" (NodeType.VARIABLE) 到待查找列表 [register_node_list:385] [unilabos.utils.log.post_process]
26-07-30 [23:17:50,813] [DEBUG] 添加节点 "传感器状态_上位机[8].NO[2]" (NodeType.VARIABLE) 到待查找列表 [register_node_list:385] [unilabos.utils.log.post_process]
26-07-30 [23:17:50,813] [DEBUG] 添加节点 "传感器状态_上位机[8].NO[3]" (NodeType.VARIABLE) 到待查找列表 [register_node_list:385] [unilabos.utils.log.post_process]
26-07-30 [23:17:50,813] [DEBUG] 添加节点 "传感器状态_上位机[8].NO[4]" (NodeType.VARIABLE) 到待查找列表 [register_node_list:385] [unilabos.utils.log.post_process]
26-07-30 [23:17:50,813] [DEBUG] 添加节点 "传感器状态_上位机[8].NO[5]" (NodeType.VARIABLE) 到待查找列表 [register_node_list:385] [unilabos.utils.log.post_process]
26-07-30 [23:17:50,813] [DEBUG] 添加节点 "传感器状态_上位机[8].NO[6]" (NodeType.VARIABLE) 到待查找列表 [register_node_list:385] [unilabos.utils.log.post_process]
26-07-30 [23:17:50,813] [DEBUG] 添加节点 "传感器状态_上位机[8].NO[7]" (NodeType.VARIABLE) 到待查找列表 [register_node_list:385] [unilabos.utils.log.post_process]
26-07-30 [23:17:50,813] [DEBUG] 添加节点 "传感器状态_上位机[8].NO[8]" (NodeType.VARIABLE) 到待查找列表 [register_node_list:385] [unilabos.utils.log.post_process]
26-07-30 [23:17:50,813] [DEBUG] 添加节点 "传感器状态_上位机[8].NO[9]" (NodeType.VARIABLE) 到待查找列表 [register_node_list:385] [unilabos.utils.log.post_process]
26-07-30 [23:17:50,813] [DEBUG] 添加节点 "传感器状态_上位机[8].NO[10]" (NodeType.VARIABLE) 到待查找列表 [register_node_list:385] [unilabos.utils.log.post_process]
26-07-30 [23:17:50,813] [DEBUG] 添加节点 "传感器状态_上位机[8].NO[11]" (NodeType.VARIABLE) 到待查找列表 [register_node_list:385] [unilabos.utils.log.post_process]
26-07-30 [23:17:50,813] [DEBUG] 添加节点 "传感器状态_上位机[8].NO[12]" (NodeType.VARIABLE) 到待查找列表 [register_node_list:385] [unilabos.utils.log.post_process]
26-07-30 [23:17:50,813] [DEBUG] 添加节点 "传感器状态_上位机[8].NO[13]" (NodeType.VARIABLE) 到待查找列表 [register_node_list:385] [unilabos.utils.log.post_process]
26-07-30 [23:17:50,813] [DEBUG] 添加节点 "传感器状态_上位机[8].NO[14]" (NodeType.VARIABLE) 到待查找列表 [register_node_list:385] [unilabos.utils.log.post_process]
26-07-30 [23:17:50,813] [DEBUG] 添加节点 "传感器状态_上位机[8].NO[15]" (NodeType.VARIABLE) 到待查找列表 [register_node_list:385] [unilabos.utils.log.post_process]
26-07-30 [23:17:50,813] [DEBUG] 添加节点 "传感器状态_上位机[9]" (NodeType.VARIABLE) 到待查找列表 [register_node_list:385] [unilabos.utils.log.post_process]
26-07-30 [23:17:50,813] [DEBUG] 添加节点 "传感器状态_上位机[9].NO" (NodeType.VARIABLE) 到待查找列表 [register_node_list:385] [unilabos.utils.log.post_process]
26-07-30 [23:17:50,813] [DEBUG] 添加节点 "传感器状态_上位机[9].NO[0]" (NodeType.VARIABLE) 到待查找列表 [register_node_list:385] [unilabos.utils.log.post_process]
26-07-30 [23:17:50,813] [DEBUG] 添加节点 "传感器状态_上位机[9].NO[1]" (NodeType.VARIABLE) 到待查找列表 [register_node_list:385] [unilabos.utils.log.post_process]
26-07-30 [23:17:50,813] [DEBUG] 添加节点 "传感器状态_上位机[9].NO[2]" (NodeType.VARIABLE) 到待查找列表 [register_node_list:385] [unilabos.utils.log.post_process]
26-07-30 [23:17:50,813] [DEBUG] 添加节点 "传感器状态_上位机[9].NO[3]" (NodeType.VARIABLE) 到待查找列表 [register_node_list:385] [unilabos.utils.log.post_process]
26-07-30 [23:17:50,813] [DEBUG] 添加节点 "传感器状态_上位机[9].NO[4]" (NodeType.VARIABLE) 到待查找列表 [register_node_list:385] [unilabos.utils.log.post_process]
26-07-30 [23:17:50,813] [DEBUG] 添加节点 "传感器状态_上位机[9].NO[5]" (NodeType.VARIABLE) 到待查找列表 [register_node_list:385] [unilabos.utils.log.post_process]
26-07-30 [23:17:50,813] [DEBUG] 添加节点 "传感器状态_上位机[9].NO[6]" (NodeType.VARIABLE) 到待查找列表 [register_node_list:385] [unilabos.utils.log.post_process]
26-07-30 [23:17:50,813] [DEBUG] 添加节点 "传感器状态_上位机[9].NO[7]" (NodeType.VARIABLE) 到待查找列表 [register_node_list:385] [unilabos.utils.log.post_process]
26-07-30 [23:17:50,813] [DEBUG] 添加节点 "传感器状态_上位机[9].NO[8]" (NodeType.VARIABLE) 到待查找列表 [register_node_list:385] [unilabos.utils.log.post_process]
26-07-30 [23:17:50,813] [DEBUG] 添加节点 "传感器状态_上位机[9].NO[9]" (NodeType.VARIABLE) 到待查找列表 [register_node_list:385] [unilabos.utils.log.post_process]
26-07-30 [23:17:50,813] [DEBUG] 添加节点 "传感器状态_上位机[9].NO[10]" (NodeType.VARIABLE) 到待查找列表 [register_node_list:385] [unilabos.utils.log.post_process]
26-07-30 [23:17:50,813] [DEBUG] 添加节点 "传感器状态_上位机[9].NO[11]" (NodeType.VARIABLE) 到待查找列表 [register_node_list:385] [unilabos.utils.log.post_process]
26-07-30 [23:17:50,814] [DEBUG] 添加节点 "传感器状态_上位机[9].NO[12]" (NodeType.VARIABLE) 到待查找列表 [register_node_list:385] [unilabos.utils.log.post_process]
26-07-30 [23:17:50,814] [DEBUG] 添加节点 "传感器状态_上位机[9].NO[13]" (NodeType.VARIABLE) 到待查找列表 [register_node_list:385] [unilabos.utils.log.post_process]
26-07-30 [23:17:50,814] [DEBUG] 添加节点 "传感器状态_上位机[9].NO[14]" (NodeType.VARIABLE) 到待查找列表 [register_node_list:385] [unilabos.utils.log.post_process]
26-07-30 [23:17:50,814] [DEBUG] 添加节点 "传感器状态_上位机[9].NO[15]" (NodeType.VARIABLE) 到待查找列表 [register_node_list:385] [unilabos.utils.log.post_process]
26-07-30 [23:17:50,814] [DEBUG] 添加节点 "物料二维码_上位机" (NodeType.VARIABLE) 到待查找列表 [register_node_list:385] [unilabos.utils.log.post_process]
26-07-30 [23:17:50,814] [DEBUG] 添加节点 "物料二维码_上位机[0]" (NodeType.VARIABLE) 到待查找列表 [register_node_list:385] [unilabos.utils.log.post_process]
26-07-30 [23:17:50,814] [DEBUG] 添加节点 "物料二维码_上位机[1]" (NodeType.VARIABLE) 到待查找列表 [register_node_list:385] [unilabos.utils.log.post_process]
26-07-30 [23:17:50,814] [DEBUG] 添加节点 "物料二维码_上位机[2]" (NodeType.VARIABLE) 到待查找列表 [register_node_list:385] [unilabos.utils.log.post_process]
26-07-30 [23:17:50,814] [DEBUG] 添加节点 "物料二维码_上位机[3]" (NodeType.VARIABLE) 到待查找列表 [register_node_list:385] [unilabos.utils.log.post_process]
26-07-30 [23:17:50,814] [DEBUG] 添加节点 "物料二维码_上位机[4]" (NodeType.VARIABLE) 到待查找列表 [register_node_list:385] [unilabos.utils.log.post_process]
26-07-30 [23:17:50,814] [DEBUG] 添加节点 "物料二维码_上位机[5]" (NodeType.VARIABLE) 到待查找列表 [register_node_list:385] [unilabos.utils.log.post_process]
26-07-30 [23:17:50,814] [DEBUG] 添加节点 "物料二维码_上位机[6]" (NodeType.VARIABLE) 到待查找列表 [register_node_list:385] [unilabos.utils.log.post_process]
26-07-30 [23:17:50,814] [DEBUG] 添加节点 "物料二维码_上位机[7]" (NodeType.VARIABLE) 到待查找列表 [register_node_list:385] [unilabos.utils.log.post_process]
26-07-30 [23:17:50,814] [DEBUG] 添加节点 "物料二维码_上位机[8]" (NodeType.VARIABLE) 到待查找列表 [register_node_list:385] [unilabos.utils.log.post_process]
26-07-30 [23:17:50,814] [DEBUG] 添加节点 "物料二维码_上位机[9]" (NodeType.VARIABLE) 到待查找列表 [register_node_list:385] [unilabos.utils.log.post_process]
26-07-30 [23:17:50,814] [DEBUG] 添加节点 "物料二维码_上位机[10]" (NodeType.VARIABLE) 到待查找列表 [register_node_list:385] [unilabos.utils.log.post_process]
26-07-30 [23:17:50,814] [DEBUG] 添加节点 "物料二维码_上位机[11]" (NodeType.VARIABLE) 到待查找列表 [register_node_list:385] [unilabos.utils.log.post_process]
26-07-30 [23:17:50,814] [DEBUG] 添加节点 "物料二维码_上位机[12]" (NodeType.VARIABLE) 到待查找列表 [register_node_list:385] [unilabos.utils.log.post_process]
26-07-30 [23:17:50,814] [DEBUG] 添加节点 "物料二维码_上位机[13]" (NodeType.VARIABLE) 到待查找列表 [register_node_list:385] [unilabos.utils.log.post_process]
26-07-30 [23:17:50,814] [DEBUG] 添加节点 "物料二维码_上位机[14]" (NodeType.VARIABLE) 到待查找列表 [register_node_list:385] [unilabos.utils.log.post_process]
26-07-30 [23:17:50,814] [DEBUG] 添加节点 "物料二维码_上位机[15]" (NodeType.VARIABLE) 到待查找列表 [register_node_list:385] [unilabos.utils.log.post_process]
26-07-30 [23:17:50,814] [DEBUG] 添加节点 "物料二维码_上位机[16]" (NodeType.VARIABLE) 到待查找列表 [register_node_list:385] [unilabos.utils.log.post_process]
26-07-30 [23:17:50,814] [DEBUG] 添加节点 "物料二维码_上位机[17]" (NodeType.VARIABLE) 到待查找列表 [register_node_list:385] [unilabos.utils.log.post_process]
26-07-30 [23:17:50,814] [DEBUG] 添加节点 "物料二维码_上位机[18]" (NodeType.VARIABLE) 到待查找列表 [register_node_list:385] [unilabos.utils.log.post_process]
26-07-30 [23:17:50,814] [DEBUG] 添加节点 "物料二维码_上位机[19]" (NodeType.VARIABLE) 到待查找列表 [register_node_list:385] [unilabos.utils.log.post_process]
26-07-30 [23:17:50,814] [DEBUG] 添加节点 "物料二维码_上位机[20]" (NodeType.VARIABLE) 到待查找列表 [register_node_list:385] [unilabos.utils.log.post_process]
26-07-30 [23:17:50,814] [DEBUG] 添加节点 "物料二维码_上位机[21]" (NodeType.VARIABLE) 到待查找列表 [register_node_list:385] [unilabos.utils.log.post_process]
26-07-30 [23:17:50,814] [DEBUG] 添加节点 "物料二维码_上位机[22]" (NodeType.VARIABLE) 到待查找列表 [register_node_list:385] [unilabos.utils.log.post_process]
26-07-30 [23:17:50,814] [DEBUG] 添加节点 "物料二维码_上位机[23]" (NodeType.VARIABLE) 到待查找列表 [register_node_list:385] [unilabos.utils.log.post_process]
26-07-30 [23:17:50,814] [DEBUG] 添加节点 "物料二维码_上位机[24]" (NodeType.VARIABLE) 到待查找列表 [register_node_list:385] [unilabos.utils.log.post_process]
26-07-30 [23:17:50,814] [DEBUG] 添加节点 "物料二维码_上位机[25]" (NodeType.VARIABLE) 到待查找列表 [register_node_list:385] [unilabos.utils.log.post_process]
26-07-30 [23:17:50,814] [DEBUG] 添加节点 "物料二维码_上位机[26]" (NodeType.VARIABLE) 到待查找列表 [register_node_list:385] [unilabos.utils.log.post_process]
26-07-30 [23:17:50,814] [DEBUG] 添加节点 "物料二维码_上位机[27]" (NodeType.VARIABLE) 到待查找列表 [register_node_list:385] [unilabos.utils.log.post_process]
26-07-30 [23:17:50,814] [DEBUG] 添加节点 "物料二维码_上位机[28]" (NodeType.VARIABLE) 到待查找列表 [register_node_list:385] [unilabos.utils.log.post_process]
26-07-30 [23:17:50,814] [DEBUG] 添加节点 "物料二维码_上位机[29]" (NodeType.VARIABLE) 到待查找列表 [register_node_list:385] [unilabos.utils.log.post_process]
26-07-30 [23:17:50,814] [DEBUG] 添加节点 "S041准备信号" (NodeType.VARIABLE) 到待查找列表 [register_node_list:385] [unilabos.utils.log.post_process]
26-07-30 [23:17:50,814] [DEBUG] 添加节点 "S041磁搅状态" (NodeType.VARIABLE) 到待查找列表 [register_node_list:385] [unilabos.utils.log.post_process]
26-07-30 [23:17:50,814] [DEBUG] 添加节点 "S041允许加工" (NodeType.VARIABLE) 到待查找列表 [register_node_list:385] [unilabos.utils.log.post_process]
26-07-30 [23:17:50,814] [DEBUG] 添加节点 "S041磁搅工艺选择" (NodeType.VARIABLE) 到待查找列表 [register_node_list:385] [unilabos.utils.log.post_process]
26-07-30 [23:17:50,814] [DEBUG] 添加节点 "S041参数写入完成" (NodeType.VARIABLE) 到待查找列表 [register_node_list:385] [unilabos.utils.log.post_process]
26-07-30 [23:17:50,814] [DEBUG] 添加节点 "S041加工完成" (NodeType.VARIABLE) 到待查找列表 [register_node_list:385] [unilabos.utils.log.post_process]
26-07-30 [23:17:50,814] [DEBUG] 添加节点 "S042准备信号" (NodeType.VARIABLE) 到待查找列表 [register_node_list:385] [unilabos.utils.log.post_process]
26-07-30 [23:17:50,814] [DEBUG] 添加节点 "S042磁搅状态" (NodeType.VARIABLE) 到待查找列表 [register_node_list:385] [unilabos.utils.log.post_process]
26-07-30 [23:17:50,814] [DEBUG] 添加节点 "S042允许加工" (NodeType.VARIABLE) 到待查找列表 [register_node_list:385] [unilabos.utils.log.post_process]
26-07-30 [23:17:50,814] [DEBUG] 添加节点 "S042磁搅工艺选择" (NodeType.VARIABLE) 到待查找列表 [register_node_list:385] [unilabos.utils.log.post_process]
26-07-30 [23:17:50,814] [DEBUG] 添加节点 "S042参数写入完成" (NodeType.VARIABLE) 到待查找列表 [register_node_list:385] [unilabos.utils.log.post_process]
26-07-30 [23:17:50,814] [DEBUG] 添加节点 "S042加工完成" (NodeType.VARIABLE) 到待查找列表 [register_node_list:385] [unilabos.utils.log.post_process]
26-07-30 [23:17:50,814] [DEBUG] 添加节点 "S043准备信号" (NodeType.VARIABLE) 到待查找列表 [register_node_list:385] [unilabos.utils.log.post_process]
26-07-30 [23:17:50,814] [DEBUG] 添加节点 "S043磁搅状态" (NodeType.VARIABLE) 到待查找列表 [register_node_list:385] [unilabos.utils.log.post_process]
26-07-30 [23:17:50,814] [DEBUG] 添加节点 "S043允许加工" (NodeType.VARIABLE) 到待查找列表 [register_node_list:385] [unilabos.utils.log.post_process]
26-07-30 [23:17:50,814] [DEBUG] 添加节点 "S043磁搅工艺选择" (NodeType.VARIABLE) 到待查找列表 [register_node_list:385] [unilabos.utils.log.post_process]
26-07-30 [23:17:50,814] [DEBUG] 添加节点 "S043参数写入完成" (NodeType.VARIABLE) 到待查找列表 [register_node_list:385] [unilabos.utils.log.post_process]
26-07-30 [23:17:50,814] [DEBUG] 添加节点 "S043加工完成" (NodeType.VARIABLE) 到待查找列表 [register_node_list:385] [unilabos.utils.log.post_process]
26-07-30 [23:17:50,814] [DEBUG] 添加节点 "S044准备信号" (NodeType.VARIABLE) 到待查找列表 [register_node_list:385] [unilabos.utils.log.post_process]
26-07-30 [23:17:50,814] [DEBUG] 添加节点 "S044磁搅状态" (NodeType.VARIABLE) 到待查找列表 [register_node_list:385] [unilabos.utils.log.post_process]
26-07-30 [23:17:50,814] [DEBUG] 添加节点 "S044允许加工" (NodeType.VARIABLE) 到待查找列表 [register_node_list:385] [unilabos.utils.log.post_process]
26-07-30 [23:17:50,814] [DEBUG] 添加节点 "S044磁搅工艺选择" (NodeType.VARIABLE) 到待查找列表 [register_node_list:385] [unilabos.utils.log.post_process]
26-07-30 [23:17:50,814] [DEBUG] 添加节点 "S044参数写入完成" (NodeType.VARIABLE) 到待查找列表 [register_node_list:385] [unilabos.utils.log.post_process]
26-07-30 [23:17:50,814] [DEBUG] 添加节点 "S044加工完成" (NodeType.VARIABLE) 到待查找列表 [register_node_list:385] [unilabos.utils.log.post_process]
26-07-30 [23:17:50,814] [DEBUG] 添加节点 "S045准备信号" (NodeType.VARIABLE) 到待查找列表 [register_node_list:385] [unilabos.utils.log.post_process]
26-07-30 [23:17:50,814] [DEBUG] 添加节点 "S045磁搅状态" (NodeType.VARIABLE) 到待查找列表 [register_node_list:385] [unilabos.utils.log.post_process]
26-07-30 [23:17:50,814] [DEBUG] 添加节点 "S045允许加工" (NodeType.VARIABLE) 到待查找列表 [register_node_list:385] [unilabos.utils.log.post_process]
26-07-30 [23:17:50,814] [DEBUG] 添加节点 "S045磁搅工艺选择" (NodeType.VARIABLE) 到待查找列表 [register_node_list:385] [unilabos.utils.log.post_process]
26-07-30 [23:17:50,814] [DEBUG] 添加节点 "S045参数写入完成" (NodeType.VARIABLE) 到待查找列表 [register_node_list:385] [unilabos.utils.log.post_process]
26-07-30 [23:17:50,814] [DEBUG] 添加节点 "S045加工完成" (NodeType.VARIABLE) 到待查找列表 [register_node_list:385] [unilabos.utils.log.post_process]
26-07-30 [23:17:50,814] [DEBUG] 添加节点 "S046准备信号" (NodeType.VARIABLE) 到待查找列表 [register_node_list:385] [unilabos.utils.log.post_process]
26-07-30 [23:17:50,814] [DEBUG] 添加节点 "S046磁搅状态" (NodeType.VARIABLE) 到待查找列表 [register_node_list:385] [unilabos.utils.log.post_process]
26-07-30 [23:17:50,814] [DEBUG] 添加节点 "S046允许加工" (NodeType.VARIABLE) 到待查找列表 [register_node_list:385] [unilabos.utils.log.post_process]
26-07-30 [23:17:50,814] [DEBUG] 添加节点 "S046磁搅工艺选择" (NodeType.VARIABLE) 到待查找列表 [register_node_list:385] [unilabos.utils.log.post_process]
26-07-30 [23:17:50,814] [DEBUG] 添加节点 "S046参数写入完成" (NodeType.VARIABLE) 到待查找列表 [register_node_list:385] [unilabos.utils.log.post_process]
26-07-30 [23:17:50,814] [DEBUG] 添加节点 "S046加工完成" (NodeType.VARIABLE) 到待查找列表 [register_node_list:385] [unilabos.utils.log.post_process]
26-07-30 [23:17:50,814] [DEBUG] 添加节点 "磁搅温度反馈_上位机" (NodeType.VARIABLE) 到待查找列表 [register_node_list:385] [unilabos.utils.log.post_process]
26-07-30 [23:17:50,814] [DEBUG] 添加节点 "磁搅温度反馈_上位机[0]" (NodeType.VARIABLE) 到待查找列表 [register_node_list:385] [unilabos.utils.log.post_process]
26-07-30 [23:17:50,814] [DEBUG] 添加节点 "磁搅温度反馈_上位机[1]" (NodeType.VARIABLE) 到待查找列表 [register_node_list:385] [unilabos.utils.log.post_process]
26-07-30 [23:17:50,814] [DEBUG] 添加节点 "磁搅温度反馈_上位机[2]" (NodeType.VARIABLE) 到待查找列表 [register_node_list:385] [unilabos.utils.log.post_process]
26-07-30 [23:17:50,814] [DEBUG] 添加节点 "磁搅温度反馈_上位机[3]" (NodeType.VARIABLE) 到待查找列表 [register_node_list:385] [unilabos.utils.log.post_process]
26-07-30 [23:17:50,814] [DEBUG] 添加节点 "磁搅温度反馈_上位机[4]" (NodeType.VARIABLE) 到待查找列表 [register_node_list:385] [unilabos.utils.log.post_process]
26-07-30 [23:17:50,814] [DEBUG] 添加节点 "磁搅温度反馈_上位机[5]" (NodeType.VARIABLE) 到待查找列表 [register_node_list:385] [unilabos.utils.log.post_process]
26-07-30 [23:17:50,814] [DEBUG] 添加节点 "磁搅速度设置_上位机" (NodeType.VARIABLE) 到待查找列表 [register_node_list:385] [unilabos.utils.log.post_process]
26-07-30 [23:17:50,814] [DEBUG] 添加节点 "磁搅速度设置_上位机[0]" (NodeType.VARIABLE) 到待查找列表 [register_node_list:385] [unilabos.utils.log.post_process]
26-07-30 [23:17:50,814] [DEBUG] 添加节点 "磁搅速度设置_上位机[1]" (NodeType.VARIABLE) 到待查找列表 [register_node_list:385] [unilabos.utils.log.post_process]
26-07-30 [23:17:50,814] [DEBUG] 添加节点 "磁搅速度设置_上位机[2]" (NodeType.VARIABLE) 到待查找列表 [register_node_list:385] [unilabos.utils.log.post_process]
26-07-30 [23:17:50,814] [DEBUG] 添加节点 "磁搅速度设置_上位机[3]" (NodeType.VARIABLE) 到待查找列表 [register_node_list:385] [unilabos.utils.log.post_process]
26-07-30 [23:17:50,814] [DEBUG] 添加节点 "磁搅速度设置_上位机[4]" (NodeType.VARIABLE) 到待查找列表 [register_node_list:385] [unilabos.utils.log.post_process]
26-07-30 [23:17:50,814] [DEBUG] 添加节点 "磁搅速度设置_上位机[5]" (NodeType.VARIABLE) 到待查找列表 [register_node_list:385] [unilabos.utils.log.post_process]
26-07-30 [23:17:50,814] [DEBUG] 添加节点 "磁搅温度设置_上位机" (NodeType.VARIABLE) 到待查找列表 [register_node_list:385] [unilabos.utils.log.post_process]
26-07-30 [23:17:50,814] [DEBUG] 添加节点 "磁搅温度设置_上位机[0]" (NodeType.VARIABLE) 到待查找列表 [register_node_list:385] [unilabos.utils.log.post_process]
26-07-30 [23:17:50,814] [DEBUG] 添加节点 "磁搅温度设置_上位机[1]" (NodeType.VARIABLE) 到待查找列表 [register_node_list:385] [unilabos.utils.log.post_process]
26-07-30 [23:17:50,814] [DEBUG] 添加节点 "磁搅温度设置_上位机[2]" (NodeType.VARIABLE) 到待查找列表 [register_node_list:385] [unilabos.utils.log.post_process]
26-07-30 [23:17:50,814] [DEBUG] 添加节点 "磁搅温度设置_上位机[3]" (NodeType.VARIABLE) 到待查找列表 [register_node_list:385] [unilabos.utils.log.post_process]
26-07-30 [23:17:50,814] [DEBUG] 添加节点 "磁搅温度设置_上位机[4]" (NodeType.VARIABLE) 到待查找列表 [register_node_list:385] [unilabos.utils.log.post_process]
26-07-30 [23:17:50,814] [DEBUG] 添加节点 "磁搅温度设置_上位机[5]" (NodeType.VARIABLE) 到待查找列表 [register_node_list:385] [unilabos.utils.log.post_process]
26-07-30 [23:17:50,814] [DEBUG] 添加节点 "磁搅时间设置_上位机" (NodeType.VARIABLE) 到待查找列表 [register_node_list:385] [unilabos.utils.log.post_process]
26-07-30 [23:17:50,814] [DEBUG] 添加节点 "磁搅时间设置_上位机[0]" (NodeType.VARIABLE) 到待查找列表 [register_node_list:385] [unilabos.utils.log.post_process]
26-07-30 [23:17:50,814] [DEBUG] 添加节点 "磁搅时间设置_上位机[1]" (NodeType.VARIABLE) 到待查找列表 [register_node_list:385] [unilabos.utils.log.post_process]
26-07-30 [23:17:50,814] [DEBUG] 添加节点 "磁搅时间设置_上位机[2]" (NodeType.VARIABLE) 到待查找列表 [register_node_list:385] [unilabos.utils.log.post_process]
26-07-30 [23:17:50,814] [DEBUG] 添加节点 "磁搅时间设置_上位机[3]" (NodeType.VARIABLE) 到待查找列表 [register_node_list:385] [unilabos.utils.log.post_process]
26-07-30 [23:17:50,815] [DEBUG] 添加节点 "磁搅时间设置_上位机[4]" (NodeType.VARIABLE) 到待查找列表 [register_node_list:385] [unilabos.utils.log.post_process]
26-07-30 [23:17:50,815] [DEBUG] 添加节点 "磁搅时间设置_上位机[5]" (NodeType.VARIABLE) 到待查找列表 [register_node_list:385] [unilabos.utils.log.post_process]
26-07-30 [23:17:50,815] [DEBUG] 添加节点 "磁搅安全温度设置_上位机" (NodeType.VARIABLE) 到待查找列表 [register_node_list:385] [unilabos.utils.log.post_process]
26-07-30 [23:17:50,815] [DEBUG] 添加节点 "磁搅安全温度设置_上位机[0]" (NodeType.VARIABLE) 到待查找列表 [register_node_list:385] [unilabos.utils.log.post_process]
26-07-30 [23:17:50,815] [DEBUG] 添加节点 "磁搅安全温度设置_上位机[1]" (NodeType.VARIABLE) 到待查找列表 [register_node_list:385] [unilabos.utils.log.post_process]
26-07-30 [23:17:50,815] [DEBUG] 添加节点 "磁搅安全温度设置_上位机[2]" (NodeType.VARIABLE) 到待查找列表 [register_node_list:385] [unilabos.utils.log.post_process]
26-07-30 [23:17:50,815] [DEBUG] 添加节点 "磁搅安全温度设置_上位机[3]" (NodeType.VARIABLE) 到待查找列表 [register_node_list:385] [unilabos.utils.log.post_process]
26-07-30 [23:17:50,815] [DEBUG] 添加节点 "磁搅安全温度设置_上位机[4]" (NodeType.VARIABLE) 到待查找列表 [register_node_list:385] [unilabos.utils.log.post_process]
26-07-30 [23:17:50,815] [DEBUG] 添加节点 "磁搅安全温度设置_上位机[5]" (NodeType.VARIABLE) 到待查找列表 [register_node_list:385] [unilabos.utils.log.post_process]
26-07-30 [23:17:50,815] [DEBUG] 添加节点 "S05准备信号" (NodeType.VARIABLE) 到待查找列表 [register_node_list:385] [unilabos.utils.log.post_process]
26-07-30 [23:17:50,815] [DEBUG] 添加节点 "S05数据" (NodeType.VARIABLE) 到待查找列表 [register_node_list:385] [unilabos.utils.log.post_process]
26-07-30 [23:17:50,815] [DEBUG] 添加节点 "S05数据[0]" (NodeType.VARIABLE) 到待查找列表 [register_node_list:385] [unilabos.utils.log.post_process]
26-07-30 [23:17:50,815] [DEBUG] 添加节点 "S05数据[1]" (NodeType.VARIABLE) 到待查找列表 [register_node_list:385] [unilabos.utils.log.post_process]
26-07-30 [23:17:50,815] [DEBUG] 添加节点 "S05数据[2]" (NodeType.VARIABLE) 到待查找列表 [register_node_list:385] [unilabos.utils.log.post_process]
26-07-30 [23:17:50,815] [DEBUG] 添加节点 "S05数据[3]" (NodeType.VARIABLE) 到待查找列表 [register_node_list:385] [unilabos.utils.log.post_process]
26-07-30 [23:17:50,815] [DEBUG] 添加节点 "S05数据[4]" (NodeType.VARIABLE) 到待查找列表 [register_node_list:385] [unilabos.utils.log.post_process]
26-07-30 [23:17:50,815] [DEBUG] 添加节点 "S05数据[5]" (NodeType.VARIABLE) 到待查找列表 [register_node_list:385] [unilabos.utils.log.post_process]
26-07-30 [23:17:50,815] [DEBUG] 添加节点 "S05数据[6]" (NodeType.VARIABLE) 到待查找列表 [register_node_list:385] [unilabos.utils.log.post_process]
26-07-30 [23:17:50,815] [DEBUG] 添加节点 "S05数据[7]" (NodeType.VARIABLE) 到待查找列表 [register_node_list:385] [unilabos.utils.log.post_process]
26-07-30 [23:17:50,815] [DEBUG] 添加节点 "S05数据[8]" (NodeType.VARIABLE) 到待查找列表 [register_node_list:385] [unilabos.utils.log.post_process]
26-07-30 [23:17:50,815] [DEBUG] 添加节点 "S05数据[9]" (NodeType.VARIABLE) 到待查找列表 [register_node_list:385] [unilabos.utils.log.post_process]
26-07-30 [23:17:50,815] [DEBUG] 添加节点 "S05数据[10]" (NodeType.VARIABLE) 到待查找列表 [register_node_list:385] [unilabos.utils.log.post_process]
26-07-30 [23:17:50,815] [DEBUG] 添加节点 "S05数据[11]" (NodeType.VARIABLE) 到待查找列表 [register_node_list:385] [unilabos.utils.log.post_process]
26-07-30 [23:17:50,815] [DEBUG] 添加节点 "S05数据[12]" (NodeType.VARIABLE) 到待查找列表 [register_node_list:385] [unilabos.utils.log.post_process]
26-07-30 [23:17:50,815] [DEBUG] 添加节点 "S05数据[13]" (NodeType.VARIABLE) 到待查找列表 [register_node_list:385] [unilabos.utils.log.post_process]
26-07-30 [23:17:50,815] [DEBUG] 添加节点 "S05数据[14]" (NodeType.VARIABLE) 到待查找列表 [register_node_list:385] [unilabos.utils.log.post_process]
26-07-30 [23:17:50,815] [DEBUG] 添加节点 "S05数据[15]" (NodeType.VARIABLE) 到待查找列表 [register_node_list:385] [unilabos.utils.log.post_process]
26-07-30 [23:17:50,815] [DEBUG] 添加节点 "S05数据[16]" (NodeType.VARIABLE) 到待查找列表 [register_node_list:385] [unilabos.utils.log.post_process]
26-07-30 [23:17:50,815] [DEBUG] 添加节点 "S05数据[17]" (NodeType.VARIABLE) 到待查找列表 [register_node_list:385] [unilabos.utils.log.post_process]
26-07-30 [23:17:50,815] [DEBUG] 添加节点 "S05数据[18]" (NodeType.VARIABLE) 到待查找列表 [register_node_list:385] [unilabos.utils.log.post_process]
26-07-30 [23:17:50,815] [DEBUG] 添加节点 "S05数据[19]" (NodeType.VARIABLE) 到待查找列表 [register_node_list:385] [unilabos.utils.log.post_process]
26-07-30 [23:17:50,815] [DEBUG] 添加节点 "S05数据[20]" (NodeType.VARIABLE) 到待查找列表 [register_node_list:385] [unilabos.utils.log.post_process]
26-07-30 [23:17:50,815] [DEBUG] 添加节点 "S05数据[21]" (NodeType.VARIABLE) 到待查找列表 [register_node_list:385] [unilabos.utils.log.post_process]
26-07-30 [23:17:50,815] [DEBUG] 添加节点 "S05数据[22]" (NodeType.VARIABLE) 到待查找列表 [register_node_list:385] [unilabos.utils.log.post_process]
26-07-30 [23:17:50,815] [DEBUG] 添加节点 "S05数据[23]" (NodeType.VARIABLE) 到待查找列表 [register_node_list:385] [unilabos.utils.log.post_process]
26-07-30 [23:17:50,815] [DEBUG] 添加节点 "S05数据[24]" (NodeType.VARIABLE) 到待查找列表 [register_node_list:385] [unilabos.utils.log.post_process]
26-07-30 [23:17:50,815] [DEBUG] 添加节点 "S05数据[25]" (NodeType.VARIABLE) 到待查找列表 [register_node_list:385] [unilabos.utils.log.post_process]
26-07-30 [23:17:50,815] [DEBUG] 添加节点 "S05数据[26]" (NodeType.VARIABLE) 到待查找列表 [register_node_list:385] [unilabos.utils.log.post_process]
26-07-30 [23:17:50,815] [DEBUG] 添加节点 "S05数据[27]" (NodeType.VARIABLE) 到待查找列表 [register_node_list:385] [unilabos.utils.log.post_process]
26-07-30 [23:17:50,815] [DEBUG] 添加节点 "S05数据[28]" (NodeType.VARIABLE) 到待查找列表 [register_node_list:385] [unilabos.utils.log.post_process]
26-07-30 [23:17:50,815] [DEBUG] 添加节点 "S05数据[29]" (NodeType.VARIABLE) 到待查找列表 [register_node_list:385] [unilabos.utils.log.post_process]
26-07-30 [23:17:50,815] [DEBUG] 添加节点 "S05拍照结果" (NodeType.VARIABLE) 到待查找列表 [register_node_list:385] [unilabos.utils.log.post_process]
26-07-30 [23:17:50,815] [DEBUG] 添加节点 "S05加工完成" (NodeType.VARIABLE) 到待查找列表 [register_node_list:385] [unilabos.utils.log.post_process]
26-07-30 [23:17:50,815] [DEBUG] 添加节点 "S06准备信号" (NodeType.VARIABLE) 到待查找列表 [register_node_list:385] [unilabos.utils.log.post_process]
26-07-30 [23:17:50,815] [DEBUG] 添加节点 "S06允许加工" (NodeType.VARIABLE) 到待查找列表 [register_node_list:385] [unilabos.utils.log.post_process]
26-07-30 [23:17:50,815] [DEBUG] 添加节点 "S06工艺选择" (NodeType.VARIABLE) 到待查找列表 [register_node_list:385] [unilabos.utils.log.post_process]
26-07-30 [23:17:50,815] [DEBUG] 添加节点 "S06_1号溶液添加量" (NodeType.VARIABLE) 到待查找列表 [register_node_list:385] [unilabos.utils.log.post_process]
26-07-30 [23:17:50,815] [DEBUG] 添加节点 "S06_2号溶液添加量" (NodeType.VARIABLE) 到待查找列表 [register_node_list:385] [unilabos.utils.log.post_process]
26-07-30 [23:17:50,815] [DEBUG] 添加节点 "S06参数写入完成" (NodeType.VARIABLE) 到待查找列表 [register_node_list:385] [unilabos.utils.log.post_process]
26-07-30 [23:17:50,815] [DEBUG] 添加节点 "S06加工完成" (NodeType.VARIABLE) 到待查找列表 [register_node_list:385] [unilabos.utils.log.post_process]
26-07-30 [23:17:50,815] [DEBUG] 添加节点 "S08原点信号" (NodeType.VARIABLE) 到待查找列表 [register_node_list:385] [unilabos.utils.log.post_process]
26-07-30 [23:17:50,815] [DEBUG] 添加节点 "S082瓶盖暂存位" (NodeType.VARIABLE) 到待查找列表 [register_node_list:385] [unilabos.utils.log.post_process]
26-07-30 [23:17:50,815] [DEBUG] 添加节点 "S08允许加工" (NodeType.VARIABLE) 到待查找列表 [register_node_list:385] [unilabos.utils.log.post_process]
26-07-30 [23:17:50,815] [DEBUG] 添加节点 "S08工艺选择" (NodeType.VARIABLE) 到待查找列表 [register_node_list:385] [unilabos.utils.log.post_process]
26-07-30 [23:17:50,815] [DEBUG] 添加节点 "S08参数写入完成" (NodeType.VARIABLE) 到待查找列表 [register_node_list:385] [unilabos.utils.log.post_process]
26-07-30 [23:17:50,815] [DEBUG] 添加节点 "S08工艺完成" (NodeType.VARIABLE) 到待查找列表 [register_node_list:385] [unilabos.utils.log.post_process]
26-07-30 [23:17:50,815] [DEBUG] 添加节点 "S082_1数据缓存" (NodeType.VARIABLE) 到待查找列表 [register_node_list:385] [unilabos.utils.log.post_process]
26-07-30 [23:17:50,815] [DEBUG] 添加节点 "S082_1数据缓存[0]" (NodeType.VARIABLE) 到待查找列表 [register_node_list:385] [unilabos.utils.log.post_process]
26-07-30 [23:17:50,815] [DEBUG] 添加节点 "S082_1数据缓存[1]" (NodeType.VARIABLE) 到待查找列表 [register_node_list:385] [unilabos.utils.log.post_process]
26-07-30 [23:17:50,815] [DEBUG] 添加节点 "S082_1数据缓存[2]" (NodeType.VARIABLE) 到待查找列表 [register_node_list:385] [unilabos.utils.log.post_process]
26-07-30 [23:17:50,815] [DEBUG] 添加节点 "S082_1数据缓存[3]" (NodeType.VARIABLE) 到待查找列表 [register_node_list:385] [unilabos.utils.log.post_process]
26-07-30 [23:17:50,815] [DEBUG] 添加节点 "S082_1数据缓存[4]" (NodeType.VARIABLE) 到待查找列表 [register_node_list:385] [unilabos.utils.log.post_process]
26-07-30 [23:17:50,815] [DEBUG] 添加节点 "S082_1数据缓存[5]" (NodeType.VARIABLE) 到待查找列表 [register_node_list:385] [unilabos.utils.log.post_process]
26-07-30 [23:17:50,815] [DEBUG] 添加节点 "S082_1数据缓存[6]" (NodeType.VARIABLE) 到待查找列表 [register_node_list:385] [unilabos.utils.log.post_process]
26-07-30 [23:17:50,815] [DEBUG] 添加节点 "S082_1数据缓存[7]" (NodeType.VARIABLE) 到待查找列表 [register_node_list:385] [unilabos.utils.log.post_process]
26-07-30 [23:17:50,815] [DEBUG] 添加节点 "S082_1数据缓存[8]" (NodeType.VARIABLE) 到待查找列表 [register_node_list:385] [unilabos.utils.log.post_process]
26-07-30 [23:17:50,815] [DEBUG] 添加节点 "S082_1数据缓存[9]" (NodeType.VARIABLE) 到待查找列表 [register_node_list:385] [unilabos.utils.log.post_process]
26-07-30 [23:17:50,815] [DEBUG] 添加节点 "S082_1数据缓存[10]" (NodeType.VARIABLE) 到待查找列表 [register_node_list:385] [unilabos.utils.log.post_process]
26-07-30 [23:17:50,815] [DEBUG] 添加节点 "S082_1数据缓存[11]" (NodeType.VARIABLE) 到待查找列表 [register_node_list:385] [unilabos.utils.log.post_process]
26-07-30 [23:17:50,815] [DEBUG] 添加节点 "S082_1数据缓存[12]" (NodeType.VARIABLE) 到待查找列表 [register_node_list:385] [unilabos.utils.log.post_process]
26-07-30 [23:17:50,815] [DEBUG] 添加节点 "S082_1数据缓存[13]" (NodeType.VARIABLE) 到待查找列表 [register_node_list:385] [unilabos.utils.log.post_process]
26-07-30 [23:17:50,815] [DEBUG] 添加节点 "S082_1数据缓存[14]" (NodeType.VARIABLE) 到待查找列表 [register_node_list:385] [unilabos.utils.log.post_process]
26-07-30 [23:17:50,815] [DEBUG] 添加节点 "S082_1数据缓存[15]" (NodeType.VARIABLE) 到待查找列表 [register_node_list:385] [unilabos.utils.log.post_process]
26-07-30 [23:17:50,815] [DEBUG] 添加节点 "S082_1数据缓存[16]" (NodeType.VARIABLE) 到待查找列表 [register_node_list:385] [unilabos.utils.log.post_process]
26-07-30 [23:17:50,815] [DEBUG] 添加节点 "S082_1数据缓存[17]" (NodeType.VARIABLE) 到待查找列表 [register_node_list:385] [unilabos.utils.log.post_process]
26-07-30 [23:17:50,815] [DEBUG] 添加节点 "S082_1数据缓存[18]" (NodeType.VARIABLE) 到待查找列表 [register_node_list:385] [unilabos.utils.log.post_process]
26-07-30 [23:17:50,815] [DEBUG] 添加节点 "S082_1数据缓存[19]" (NodeType.VARIABLE) 到待查找列表 [register_node_list:385] [unilabos.utils.log.post_process]
26-07-30 [23:17:50,815] [DEBUG] 添加节点 "S082_1数据缓存[20]" (NodeType.VARIABLE) 到待查找列表 [register_node_list:385] [unilabos.utils.log.post_process]
26-07-30 [23:17:50,815] [DEBUG] 添加节点 "S082_1数据缓存[21]" (NodeType.VARIABLE) 到待查找列表 [register_node_list:385] [unilabos.utils.log.post_process]
26-07-30 [23:17:50,815] [DEBUG] 添加节点 "S082_1数据缓存[22]" (NodeType.VARIABLE) 到待查找列表 [register_node_list:385] [unilabos.utils.log.post_process]
26-07-30 [23:17:50,815] [DEBUG] 添加节点 "S082_1数据缓存[23]" (NodeType.VARIABLE) 到待查找列表 [register_node_list:385] [unilabos.utils.log.post_process]
26-07-30 [23:17:50,815] [DEBUG] 添加节点 "S082_1数据缓存[24]" (NodeType.VARIABLE) 到待查找列表 [register_node_list:385] [unilabos.utils.log.post_process]
26-07-30 [23:17:50,815] [DEBUG] 添加节点 "S082_1数据缓存[25]" (NodeType.VARIABLE) 到待查找列表 [register_node_list:385] [unilabos.utils.log.post_process]
26-07-30 [23:17:50,815] [DEBUG] 添加节点 "S082_1数据缓存[26]" (NodeType.VARIABLE) 到待查找列表 [register_node_list:385] [unilabos.utils.log.post_process]
26-07-30 [23:17:50,815] [DEBUG] 添加节点 "S082_1数据缓存[27]" (NodeType.VARIABLE) 到待查找列表 [register_node_list:385] [unilabos.utils.log.post_process]
26-07-30 [23:17:50,815] [DEBUG] 添加节点 "S082_1数据缓存[28]" (NodeType.VARIABLE) 到待查找列表 [register_node_list:385] [unilabos.utils.log.post_process]
26-07-30 [23:17:50,815] [DEBUG] 添加节点 "S082_1数据缓存[29]" (NodeType.VARIABLE) 到待查找列表 [register_node_list:385] [unilabos.utils.log.post_process]
26-07-30 [23:17:50,815] [DEBUG] 添加节点 "S082_2数据缓存" (NodeType.VARIABLE) 到待查找列表 [register_node_list:385] [unilabos.utils.log.post_process]
26-07-30 [23:17:50,815] [DEBUG] 添加节点 "S082_2数据缓存[0]" (NodeType.VARIABLE) 到待查找列表 [register_node_list:385] [unilabos.utils.log.post_process]
26-07-30 [23:17:50,815] [DEBUG] 添加节点 "S082_2数据缓存[1]" (NodeType.VARIABLE) 到待查找列表 [register_node_list:385] [unilabos.utils.log.post_process]
26-07-30 [23:17:50,815] [DEBUG] 添加节点 "S082_2数据缓存[2]" (NodeType.VARIABLE) 到待查找列表 [register_node_list:385] [unilabos.utils.log.post_process]
26-07-30 [23:17:50,815] [DEBUG] 添加节点 "S082_2数据缓存[3]" (NodeType.VARIABLE) 到待查找列表 [register_node_list:385] [unilabos.utils.log.post_process]
26-07-30 [23:17:50,815] [DEBUG] 添加节点 "S082_2数据缓存[4]" (NodeType.VARIABLE) 到待查找列表 [register_node_list:385] [unilabos.utils.log.post_process]
26-07-30 [23:17:50,815] [DEBUG] 添加节点 "S082_2数据缓存[5]" (NodeType.VARIABLE) 到待查找列表 [register_node_list:385] [unilabos.utils.log.post_process]
26-07-30 [23:17:50,815] [DEBUG] 添加节点 "S082_2数据缓存[6]" (NodeType.VARIABLE) 到待查找列表 [register_node_list:385] [unilabos.utils.log.post_process]
26-07-30 [23:17:50,815] [DEBUG] 添加节点 "S082_2数据缓存[7]" (NodeType.VARIABLE) 到待查找列表 [register_node_list:385] [unilabos.utils.log.post_process]
26-07-30 [23:17:50,815] [DEBUG] 添加节点 "S082_2数据缓存[8]" (NodeType.VARIABLE) 到待查找列表 [register_node_list:385] [unilabos.utils.log.post_process]
26-07-30 [23:17:50,816] [DEBUG] 添加节点 "S082_2数据缓存[9]" (NodeType.VARIABLE) 到待查找列表 [register_node_list:385] [unilabos.utils.log.post_process]
26-07-30 [23:17:50,816] [DEBUG] 添加节点 "S082_2数据缓存[10]" (NodeType.VARIABLE) 到待查找列表 [register_node_list:385] [unilabos.utils.log.post_process]
26-07-30 [23:17:50,816] [DEBUG] 添加节点 "S082_2数据缓存[11]" (NodeType.VARIABLE) 到待查找列表 [register_node_list:385] [unilabos.utils.log.post_process]
26-07-30 [23:17:50,816] [DEBUG] 添加节点 "S082_2数据缓存[12]" (NodeType.VARIABLE) 到待查找列表 [register_node_list:385] [unilabos.utils.log.post_process]
26-07-30 [23:17:50,816] [DEBUG] 添加节点 "S082_2数据缓存[13]" (NodeType.VARIABLE) 到待查找列表 [register_node_list:385] [unilabos.utils.log.post_process]
26-07-30 [23:17:50,816] [DEBUG] 添加节点 "S082_2数据缓存[14]" (NodeType.VARIABLE) 到待查找列表 [register_node_list:385] [unilabos.utils.log.post_process]
26-07-30 [23:17:50,816] [DEBUG] 添加节点 "S082_2数据缓存[15]" (NodeType.VARIABLE) 到待查找列表 [register_node_list:385] [unilabos.utils.log.post_process]
26-07-30 [23:17:50,816] [DEBUG] 添加节点 "S082_2数据缓存[16]" (NodeType.VARIABLE) 到待查找列表 [register_node_list:385] [unilabos.utils.log.post_process]
26-07-30 [23:17:50,816] [DEBUG] 添加节点 "S082_2数据缓存[17]" (NodeType.VARIABLE) 到待查找列表 [register_node_list:385] [unilabos.utils.log.post_process]
26-07-30 [23:17:50,816] [DEBUG] 添加节点 "S082_2数据缓存[18]" (NodeType.VARIABLE) 到待查找列表 [register_node_list:385] [unilabos.utils.log.post_process]
26-07-30 [23:17:50,816] [DEBUG] 添加节点 "S082_2数据缓存[19]" (NodeType.VARIABLE) 到待查找列表 [register_node_list:385] [unilabos.utils.log.post_process]
26-07-30 [23:17:50,816] [DEBUG] 添加节点 "S082_2数据缓存[20]" (NodeType.VARIABLE) 到待查找列表 [register_node_list:385] [unilabos.utils.log.post_process]
26-07-30 [23:17:50,816] [DEBUG] 添加节点 "S082_2数据缓存[21]" (NodeType.VARIABLE) 到待查找列表 [register_node_list:385] [unilabos.utils.log.post_process]
26-07-30 [23:17:50,816] [DEBUG] 添加节点 "S082_2数据缓存[22]" (NodeType.VARIABLE) 到待查找列表 [register_node_list:385] [unilabos.utils.log.post_process]
26-07-30 [23:17:50,816] [DEBUG] 添加节点 "S082_2数据缓存[23]" (NodeType.VARIABLE) 到待查找列表 [register_node_list:385] [unilabos.utils.log.post_process]
26-07-30 [23:17:50,816] [DEBUG] 添加节点 "S082_2数据缓存[24]" (NodeType.VARIABLE) 到待查找列表 [register_node_list:385] [unilabos.utils.log.post_process]
26-07-30 [23:17:50,816] [DEBUG] 添加节点 "S082_2数据缓存[25]" (NodeType.VARIABLE) 到待查找列表 [register_node_list:385] [unilabos.utils.log.post_process]
26-07-30 [23:17:50,816] [DEBUG] 添加节点 "S082_2数据缓存[26]" (NodeType.VARIABLE) 到待查找列表 [register_node_list:385] [unilabos.utils.log.post_process]
26-07-30 [23:17:50,816] [DEBUG] 添加节点 "S082_2数据缓存[27]" (NodeType.VARIABLE) 到待查找列表 [register_node_list:385] [unilabos.utils.log.post_process]
26-07-30 [23:17:50,816] [DEBUG] 添加节点 "S082_2数据缓存[28]" (NodeType.VARIABLE) 到待查找列表 [register_node_list:385] [unilabos.utils.log.post_process]
26-07-30 [23:17:50,816] [DEBUG] 添加节点 "S082_2数据缓存[29]" (NodeType.VARIABLE) 到待查找列表 [register_node_list:385] [unilabos.utils.log.post_process]
26-07-30 [23:17:50,816] [DEBUG] 添加节点 "S082_3数据缓存" (NodeType.VARIABLE) 到待查找列表 [register_node_list:385] [unilabos.utils.log.post_process]
26-07-30 [23:17:50,816] [DEBUG] 添加节点 "S082_3数据缓存[0]" (NodeType.VARIABLE) 到待查找列表 [register_node_list:385] [unilabos.utils.log.post_process]
26-07-30 [23:17:50,816] [DEBUG] 添加节点 "S082_3数据缓存[1]" (NodeType.VARIABLE) 到待查找列表 [register_node_list:385] [unilabos.utils.log.post_process]
26-07-30 [23:17:50,816] [DEBUG] 添加节点 "S082_3数据缓存[2]" (NodeType.VARIABLE) 到待查找列表 [register_node_list:385] [unilabos.utils.log.post_process]
26-07-30 [23:17:50,816] [DEBUG] 添加节点 "S082_3数据缓存[3]" (NodeType.VARIABLE) 到待查找列表 [register_node_list:385] [unilabos.utils.log.post_process]
26-07-30 [23:17:50,816] [DEBUG] 添加节点 "S082_3数据缓存[4]" (NodeType.VARIABLE) 到待查找列表 [register_node_list:385] [unilabos.utils.log.post_process]
26-07-30 [23:17:50,816] [DEBUG] 添加节点 "S082_3数据缓存[5]" (NodeType.VARIABLE) 到待查找列表 [register_node_list:385] [unilabos.utils.log.post_process]
26-07-30 [23:17:50,816] [DEBUG] 添加节点 "S082_3数据缓存[6]" (NodeType.VARIABLE) 到待查找列表 [register_node_list:385] [unilabos.utils.log.post_process]
26-07-30 [23:17:50,816] [DEBUG] 添加节点 "S082_3数据缓存[7]" (NodeType.VARIABLE) 到待查找列表 [register_node_list:385] [unilabos.utils.log.post_process]
26-07-30 [23:17:50,816] [DEBUG] 添加节点 "S082_3数据缓存[8]" (NodeType.VARIABLE) 到待查找列表 [register_node_list:385] [unilabos.utils.log.post_process]
26-07-30 [23:17:50,816] [DEBUG] 添加节点 "S082_3数据缓存[9]" (NodeType.VARIABLE) 到待查找列表 [register_node_list:385] [unilabos.utils.log.post_process]
26-07-30 [23:17:50,816] [DEBUG] 添加节点 "S082_3数据缓存[10]" (NodeType.VARIABLE) 到待查找列表 [register_node_list:385] [unilabos.utils.log.post_process]
26-07-30 [23:17:50,816] [DEBUG] 添加节点 "S082_3数据缓存[11]" (NodeType.VARIABLE) 到待查找列表 [register_node_list:385] [unilabos.utils.log.post_process]
26-07-30 [23:17:50,816] [DEBUG] 添加节点 "S082_3数据缓存[12]" (NodeType.VARIABLE) 到待查找列表 [register_node_list:385] [unilabos.utils.log.post_process]
26-07-30 [23:17:50,816] [DEBUG] 添加节点 "S082_3数据缓存[13]" (NodeType.VARIABLE) 到待查找列表 [register_node_list:385] [unilabos.utils.log.post_process]
26-07-30 [23:17:50,816] [DEBUG] 添加节点 "S082_3数据缓存[14]" (NodeType.VARIABLE) 到待查找列表 [register_node_list:385] [unilabos.utils.log.post_process]
26-07-30 [23:17:50,816] [DEBUG] 添加节点 "S082_3数据缓存[15]" (NodeType.VARIABLE) 到待查找列表 [register_node_list:385] [unilabos.utils.log.post_process]
26-07-30 [23:17:50,816] [DEBUG] 添加节点 "S082_3数据缓存[16]" (NodeType.VARIABLE) 到待查找列表 [register_node_list:385] [unilabos.utils.log.post_process]
26-07-30 [23:17:50,816] [DEBUG] 添加节点 "S082_3数据缓存[17]" (NodeType.VARIABLE) 到待查找列表 [register_node_list:385] [unilabos.utils.log.post_process]
26-07-30 [23:17:50,816] [DEBUG] 添加节点 "S082_3数据缓存[18]" (NodeType.VARIABLE) 到待查找列表 [register_node_list:385] [unilabos.utils.log.post_process]
26-07-30 [23:17:50,816] [DEBUG] 添加节点 "S082_3数据缓存[19]" (NodeType.VARIABLE) 到待查找列表 [register_node_list:385] [unilabos.utils.log.post_process]
26-07-30 [23:17:50,816] [DEBUG] 添加节点 "S082_3数据缓存[20]" (NodeType.VARIABLE) 到待查找列表 [register_node_list:385] [unilabos.utils.log.post_process]
26-07-30 [23:17:50,816] [DEBUG] 添加节点 "S082_3数据缓存[21]" (NodeType.VARIABLE) 到待查找列表 [register_node_list:385] [unilabos.utils.log.post_process]
26-07-30 [23:17:50,816] [DEBUG] 添加节点 "S082_3数据缓存[22]" (NodeType.VARIABLE) 到待查找列表 [register_node_list:385] [unilabos.utils.log.post_process]
26-07-30 [23:17:50,816] [DEBUG] 添加节点 "S082_3数据缓存[23]" (NodeType.VARIABLE) 到待查找列表 [register_node_list:385] [unilabos.utils.log.post_process]
26-07-30 [23:17:50,816] [DEBUG] 添加节点 "S082_3数据缓存[24]" (NodeType.VARIABLE) 到待查找列表 [register_node_list:385] [unilabos.utils.log.post_process]
26-07-30 [23:17:50,816] [DEBUG] 添加节点 "S082_3数据缓存[25]" (NodeType.VARIABLE) 到待查找列表 [register_node_list:385] [unilabos.utils.log.post_process]
26-07-30 [23:17:50,816] [DEBUG] 添加节点 "S082_3数据缓存[26]" (NodeType.VARIABLE) 到待查找列表 [register_node_list:385] [unilabos.utils.log.post_process]
26-07-30 [23:17:50,816] [DEBUG] 添加节点 "S082_3数据缓存[27]" (NodeType.VARIABLE) 到待查找列表 [register_node_list:385] [unilabos.utils.log.post_process]
26-07-30 [23:17:50,816] [DEBUG] 添加节点 "S082_3数据缓存[28]" (NodeType.VARIABLE) 到待查找列表 [register_node_list:385] [unilabos.utils.log.post_process]
26-07-30 [23:17:50,816] [DEBUG] 添加节点 "S082_3数据缓存[29]" (NodeType.VARIABLE) 到待查找列表 [register_node_list:385] [unilabos.utils.log.post_process]
26-07-30 [23:17:50,816] [DEBUG] 添加节点 "S082_4数据缓存" (NodeType.VARIABLE) 到待查找列表 [register_node_list:385] [unilabos.utils.log.post_process]
26-07-30 [23:17:50,816] [DEBUG] 添加节点 "S082_4数据缓存[0]" (NodeType.VARIABLE) 到待查找列表 [register_node_list:385] [unilabos.utils.log.post_process]
26-07-30 [23:17:50,816] [DEBUG] 添加节点 "S082_4数据缓存[1]" (NodeType.VARIABLE) 到待查找列表 [register_node_list:385] [unilabos.utils.log.post_process]
26-07-30 [23:17:50,816] [DEBUG] 添加节点 "S082_4数据缓存[2]" (NodeType.VARIABLE) 到待查找列表 [register_node_list:385] [unilabos.utils.log.post_process]
26-07-30 [23:17:50,816] [DEBUG] 添加节点 "S082_4数据缓存[3]" (NodeType.VARIABLE) 到待查找列表 [register_node_list:385] [unilabos.utils.log.post_process]
26-07-30 [23:17:50,816] [DEBUG] 添加节点 "S082_4数据缓存[4]" (NodeType.VARIABLE) 到待查找列表 [register_node_list:385] [unilabos.utils.log.post_process]
26-07-30 [23:17:50,816] [DEBUG] 添加节点 "S082_4数据缓存[5]" (NodeType.VARIABLE) 到待查找列表 [register_node_list:385] [unilabos.utils.log.post_process]
26-07-30 [23:17:50,816] [DEBUG] 添加节点 "S082_4数据缓存[6]" (NodeType.VARIABLE) 到待查找列表 [register_node_list:385] [unilabos.utils.log.post_process]
26-07-30 [23:17:50,816] [DEBUG] 添加节点 "S082_4数据缓存[7]" (NodeType.VARIABLE) 到待查找列表 [register_node_list:385] [unilabos.utils.log.post_process]
26-07-30 [23:17:50,816] [DEBUG] 添加节点 "S082_4数据缓存[8]" (NodeType.VARIABLE) 到待查找列表 [register_node_list:385] [unilabos.utils.log.post_process]
26-07-30 [23:17:50,816] [DEBUG] 添加节点 "S082_4数据缓存[9]" (NodeType.VARIABLE) 到待查找列表 [register_node_list:385] [unilabos.utils.log.post_process]
26-07-30 [23:17:50,816] [DEBUG] 添加节点 "S082_4数据缓存[10]" (NodeType.VARIABLE) 到待查找列表 [register_node_list:385] [unilabos.utils.log.post_process]
26-07-30 [23:17:50,816] [DEBUG] 添加节点 "S082_4数据缓存[11]" (NodeType.VARIABLE) 到待查找列表 [register_node_list:385] [unilabos.utils.log.post_process]
26-07-30 [23:17:50,816] [DEBUG] 添加节点 "S082_4数据缓存[12]" (NodeType.VARIABLE) 到待查找列表 [register_node_list:385] [unilabos.utils.log.post_process]
26-07-30 [23:17:50,816] [DEBUG] 添加节点 "S082_4数据缓存[13]" (NodeType.VARIABLE) 到待查找列表 [register_node_list:385] [unilabos.utils.log.post_process]
26-07-30 [23:17:50,816] [DEBUG] 添加节点 "S082_4数据缓存[14]" (NodeType.VARIABLE) 到待查找列表 [register_node_list:385] [unilabos.utils.log.post_process]
26-07-30 [23:17:50,816] [DEBUG] 添加节点 "S082_4数据缓存[15]" (NodeType.VARIABLE) 到待查找列表 [register_node_list:385] [unilabos.utils.log.post_process]
26-07-30 [23:17:50,816] [DEBUG] 添加节点 "S082_4数据缓存[16]" (NodeType.VARIABLE) 到待查找列表 [register_node_list:385] [unilabos.utils.log.post_process]
26-07-30 [23:17:50,816] [DEBUG] 添加节点 "S082_4数据缓存[17]" (NodeType.VARIABLE) 到待查找列表 [register_node_list:385] [unilabos.utils.log.post_process]
26-07-30 [23:17:50,816] [DEBUG] 添加节点 "S082_4数据缓存[18]" (NodeType.VARIABLE) 到待查找列表 [register_node_list:385] [unilabos.utils.log.post_process]
26-07-30 [23:17:50,816] [DEBUG] 添加节点 "S082_4数据缓存[19]" (NodeType.VARIABLE) 到待查找列表 [register_node_list:385] [unilabos.utils.log.post_process]
26-07-30 [23:17:50,816] [DEBUG] 添加节点 "S082_4数据缓存[20]" (NodeType.VARIABLE) 到待查找列表 [register_node_list:385] [unilabos.utils.log.post_process]
26-07-30 [23:17:50,816] [DEBUG] 添加节点 "S082_4数据缓存[21]" (NodeType.VARIABLE) 到待查找列表 [register_node_list:385] [unilabos.utils.log.post_process]
26-07-30 [23:17:50,816] [DEBUG] 添加节点 "S082_4数据缓存[22]" (NodeType.VARIABLE) 到待查找列表 [register_node_list:385] [unilabos.utils.log.post_process]
26-07-30 [23:17:50,816] [DEBUG] 添加节点 "S082_4数据缓存[23]" (NodeType.VARIABLE) 到待查找列表 [register_node_list:385] [unilabos.utils.log.post_process]
26-07-30 [23:17:50,816] [DEBUG] 添加节点 "S082_4数据缓存[24]" (NodeType.VARIABLE) 到待查找列表 [register_node_list:385] [unilabos.utils.log.post_process]
26-07-30 [23:17:50,816] [DEBUG] 添加节点 "S082_4数据缓存[25]" (NodeType.VARIABLE) 到待查找列表 [register_node_list:385] [unilabos.utils.log.post_process]
26-07-30 [23:17:50,816] [DEBUG] 添加节点 "S082_4数据缓存[26]" (NodeType.VARIABLE) 到待查找列表 [register_node_list:385] [unilabos.utils.log.post_process]
26-07-30 [23:17:50,816] [DEBUG] 添加节点 "S082_4数据缓存[27]" (NodeType.VARIABLE) 到待查找列表 [register_node_list:385] [unilabos.utils.log.post_process]
26-07-30 [23:17:50,816] [DEBUG] 添加节点 "S082_4数据缓存[28]" (NodeType.VARIABLE) 到待查找列表 [register_node_list:385] [unilabos.utils.log.post_process]
26-07-30 [23:17:50,816] [DEBUG] 添加节点 "S082_4数据缓存[29]" (NodeType.VARIABLE) 到待查找列表 [register_node_list:385] [unilabos.utils.log.post_process]
26-07-30 [23:17:50,816] [DEBUG] 添加节点 "S082_5数据缓存" (NodeType.VARIABLE) 到待查找列表 [register_node_list:385] [unilabos.utils.log.post_process]
26-07-30 [23:17:50,816] [DEBUG] 添加节点 "S082_5数据缓存[0]" (NodeType.VARIABLE) 到待查找列表 [register_node_list:385] [unilabos.utils.log.post_process]
26-07-30 [23:17:50,816] [DEBUG] 添加节点 "S082_5数据缓存[1]" (NodeType.VARIABLE) 到待查找列表 [register_node_list:385] [unilabos.utils.log.post_process]
26-07-30 [23:17:50,816] [DEBUG] 添加节点 "S082_5数据缓存[2]" (NodeType.VARIABLE) 到待查找列表 [register_node_list:385] [unilabos.utils.log.post_process]
26-07-30 [23:17:50,816] [DEBUG] 添加节点 "S082_5数据缓存[3]" (NodeType.VARIABLE) 到待查找列表 [register_node_list:385] [unilabos.utils.log.post_process]
26-07-30 [23:17:50,816] [DEBUG] 添加节点 "S082_5数据缓存[4]" (NodeType.VARIABLE) 到待查找列表 [register_node_list:385] [unilabos.utils.log.post_process]
26-07-30 [23:17:50,816] [DEBUG] 添加节点 "S082_5数据缓存[5]" (NodeType.VARIABLE) 到待查找列表 [register_node_list:385] [unilabos.utils.log.post_process]
26-07-30 [23:17:50,816] [DEBUG] 添加节点 "S082_5数据缓存[6]" (NodeType.VARIABLE) 到待查找列表 [register_node_list:385] [unilabos.utils.log.post_process]
26-07-30 [23:17:50,816] [DEBUG] 添加节点 "S082_5数据缓存[7]" (NodeType.VARIABLE) 到待查找列表 [register_node_list:385] [unilabos.utils.log.post_process]
26-07-30 [23:17:50,816] [DEBUG] 添加节点 "S082_5数据缓存[8]" (NodeType.VARIABLE) 到待查找列表 [register_node_list:385] [unilabos.utils.log.post_process]
26-07-30 [23:17:50,816] [DEBUG] 添加节点 "S082_5数据缓存[9]" (NodeType.VARIABLE) 到待查找列表 [register_node_list:385] [unilabos.utils.log.post_process]
26-07-30 [23:17:50,816] [DEBUG] 添加节点 "S082_5数据缓存[10]" (NodeType.VARIABLE) 到待查找列表 [register_node_list:385] [unilabos.utils.log.post_process]
26-07-30 [23:17:50,817] [DEBUG] 添加节点 "S082_5数据缓存[11]" (NodeType.VARIABLE) 到待查找列表 [register_node_list:385] [unilabos.utils.log.post_process]
26-07-30 [23:17:50,817] [DEBUG] 添加节点 "S082_5数据缓存[12]" (NodeType.VARIABLE) 到待查找列表 [register_node_list:385] [unilabos.utils.log.post_process]
26-07-30 [23:17:50,817] [DEBUG] 添加节点 "S082_5数据缓存[13]" (NodeType.VARIABLE) 到待查找列表 [register_node_list:385] [unilabos.utils.log.post_process]
26-07-30 [23:17:50,817] [DEBUG] 添加节点 "S082_5数据缓存[14]" (NodeType.VARIABLE) 到待查找列表 [register_node_list:385] [unilabos.utils.log.post_process]
26-07-30 [23:17:50,817] [DEBUG] 添加节点 "S082_5数据缓存[15]" (NodeType.VARIABLE) 到待查找列表 [register_node_list:385] [unilabos.utils.log.post_process]
26-07-30 [23:17:50,817] [DEBUG] 添加节点 "S082_5数据缓存[16]" (NodeType.VARIABLE) 到待查找列表 [register_node_list:385] [unilabos.utils.log.post_process]
26-07-30 [23:17:50,817] [DEBUG] 添加节点 "S082_5数据缓存[17]" (NodeType.VARIABLE) 到待查找列表 [register_node_list:385] [unilabos.utils.log.post_process]
26-07-30 [23:17:50,817] [DEBUG] 添加节点 "S082_5数据缓存[18]" (NodeType.VARIABLE) 到待查找列表 [register_node_list:385] [unilabos.utils.log.post_process]
26-07-30 [23:17:50,817] [DEBUG] 添加节点 "S082_5数据缓存[19]" (NodeType.VARIABLE) 到待查找列表 [register_node_list:385] [unilabos.utils.log.post_process]
26-07-30 [23:17:50,817] [DEBUG] 添加节点 "S082_5数据缓存[20]" (NodeType.VARIABLE) 到待查找列表 [register_node_list:385] [unilabos.utils.log.post_process]
26-07-30 [23:17:50,817] [DEBUG] 添加节点 "S082_5数据缓存[21]" (NodeType.VARIABLE) 到待查找列表 [register_node_list:385] [unilabos.utils.log.post_process]
26-07-30 [23:17:50,817] [DEBUG] 添加节点 "S082_5数据缓存[22]" (NodeType.VARIABLE) 到待查找列表 [register_node_list:385] [unilabos.utils.log.post_process]
26-07-30 [23:17:50,817] [DEBUG] 添加节点 "S082_5数据缓存[23]" (NodeType.VARIABLE) 到待查找列表 [register_node_list:385] [unilabos.utils.log.post_process]
26-07-30 [23:17:50,817] [DEBUG] 添加节点 "S082_5数据缓存[24]" (NodeType.VARIABLE) 到待查找列表 [register_node_list:385] [unilabos.utils.log.post_process]
26-07-30 [23:17:50,817] [DEBUG] 添加节点 "S082_5数据缓存[25]" (NodeType.VARIABLE) 到待查找列表 [register_node_list:385] [unilabos.utils.log.post_process]
26-07-30 [23:17:50,817] [DEBUG] 添加节点 "S082_5数据缓存[26]" (NodeType.VARIABLE) 到待查找列表 [register_node_list:385] [unilabos.utils.log.post_process]
26-07-30 [23:17:50,817] [DEBUG] 添加节点 "S082_5数据缓存[27]" (NodeType.VARIABLE) 到待查找列表 [register_node_list:385] [unilabos.utils.log.post_process]
26-07-30 [23:17:50,817] [DEBUG] 添加节点 "S082_5数据缓存[28]" (NodeType.VARIABLE) 到待查找列表 [register_node_list:385] [unilabos.utils.log.post_process]
26-07-30 [23:17:50,817] [DEBUG] 添加节点 "S082_5数据缓存[29]" (NodeType.VARIABLE) 到待查找列表 [register_node_list:385] [unilabos.utils.log.post_process]
26-07-30 [23:17:50,817] [DEBUG] 添加节点 "S09原点信号_1" (NodeType.VARIABLE) 到待查找列表 [register_node_list:385] [unilabos.utils.log.post_process]
26-07-30 [23:17:50,817] [DEBUG] 添加节点 "S09原点信号_2" (NodeType.VARIABLE) 到待查找列表 [register_node_list:385] [unilabos.utils.log.post_process]
26-07-30 [23:17:50,817] [DEBUG] 添加节点 "S09原点信号_3" (NodeType.VARIABLE) 到待查找列表 [register_node_list:385] [unilabos.utils.log.post_process]
26-07-30 [23:17:50,817] [DEBUG] 添加节点 "S09原点信号_4" (NodeType.VARIABLE) 到待查找列表 [register_node_list:385] [unilabos.utils.log.post_process]
26-07-30 [23:17:50,817] [DEBUG] 添加节点 "S09允许加工" (NodeType.VARIABLE) 到待查找列表 [register_node_list:385] [unilabos.utils.log.post_process]
26-07-30 [23:17:50,817] [DEBUG] 添加节点 "S09工艺选择" (NodeType.VARIABLE) 到待查找列表 [register_node_list:385] [unilabos.utils.log.post_process]
26-07-30 [23:17:50,817] [DEBUG] 添加节点 "S09参数写入完成" (NodeType.VARIABLE) 到待查找列表 [register_node_list:385] [unilabos.utils.log.post_process]
26-07-30 [23:17:50,817] [DEBUG] 添加节点 "S09工艺完成" (NodeType.VARIABLE) 到待查找列表 [register_node_list:385] [unilabos.utils.log.post_process]
26-07-30 [23:17:50,817] [DEBUG] 添加节点 "S09TIP盒工位编号" (NodeType.VARIABLE) 到待查找列表 [register_node_list:385] [unilabos.utils.log.post_process]
26-07-30 [23:17:50,817] [DEBUG] 添加节点 "S09TIP编号" (NodeType.VARIABLE) 到待查找列表 [register_node_list:385] [unilabos.utils.log.post_process]
26-07-30 [23:17:50,817] [DEBUG] 添加节点 "S09液体瓶编号" (NodeType.VARIABLE) 到待查找列表 [register_node_list:385] [unilabos.utils.log.post_process]
26-07-30 [23:17:50,817] [DEBUG] 添加节点 "S09抽液量" (NodeType.VARIABLE) 到待查找列表 [register_node_list:385] [unilabos.utils.log.post_process]
26-07-30 [23:17:50,817] [DEBUG] 添加节点 "S09放液量" (NodeType.VARIABLE) 到待查找列表 [register_node_list:385] [unilabos.utils.log.post_process]
26-07-30 [23:17:50,817] [DEBUG] 添加节点 "S09天平读数稳定" (NodeType.VARIABLE) 到待查找列表 [register_node_list:385] [unilabos.utils.log.post_process]
26-07-30 [23:17:50,817] [DEBUG] 添加节点 "S09天平读数" (NodeType.VARIABLE) 到待查找列表 [register_node_list:385] [unilabos.utils.log.post_process]
26-07-30 [23:17:50,817] [DEBUG] 添加节点 "S09液体瓶1剩余液量" (NodeType.VARIABLE) 到待查找列表 [register_node_list:385] [unilabos.utils.log.post_process]
26-07-30 [23:17:50,817] [DEBUG] 添加节点 "S09液体瓶2剩余液量" (NodeType.VARIABLE) 到待查找列表 [register_node_list:385] [unilabos.utils.log.post_process]
26-07-30 [23:17:50,817] [DEBUG] 添加节点 "S09液体瓶3剩余液量" (NodeType.VARIABLE) 到待查找列表 [register_node_list:385] [unilabos.utils.log.post_process]
26-07-30 [23:17:50,817] [DEBUG] 添加节点 "S09液体瓶4剩余液量" (NodeType.VARIABLE) 到待查找列表 [register_node_list:385] [unilabos.utils.log.post_process]
26-07-30 [23:17:50,817] [DEBUG] 添加节点 "S09液体瓶5剩余液量" (NodeType.VARIABLE) 到待查找列表 [register_node_list:385] [unilabos.utils.log.post_process]
26-07-30 [23:17:50,817] [DEBUG] 添加节点 "工站状态" (NodeType.VARIABLE) 到待查找列表 [register_node_list:385] [unilabos.utils.log.post_process]
26-07-30 [23:17:50,817] [DEBUG] 添加节点 "工站状态[0]" (NodeType.VARIABLE) 到待查找列表 [register_node_list:385] [unilabos.utils.log.post_process]
26-07-30 [23:17:50,817] [DEBUG] 添加节点 "工站状态[1]" (NodeType.VARIABLE) 到待查找列表 [register_node_list:385] [unilabos.utils.log.post_process]
26-07-30 [23:17:50,817] [DEBUG] 添加节点 "工站状态[2]" (NodeType.VARIABLE) 到待查找列表 [register_node_list:385] [unilabos.utils.log.post_process]
26-07-30 [23:17:50,817] [DEBUG] 添加节点 "工站状态[3]" (NodeType.VARIABLE) 到待查找列表 [register_node_list:385] [unilabos.utils.log.post_process]
26-07-30 [23:17:50,817] [DEBUG] 添加节点 "工站状态[4]" (NodeType.VARIABLE) 到待查找列表 [register_node_list:385] [unilabos.utils.log.post_process]
26-07-30 [23:17:50,817] [DEBUG] 添加节点 "工站状态[5]" (NodeType.VARIABLE) 到待查找列表 [register_node_list:385] [unilabos.utils.log.post_process]
26-07-30 [23:17:50,817] [DEBUG] 添加节点 "工站状态[6]" (NodeType.VARIABLE) 到待查找列表 [register_node_list:385] [unilabos.utils.log.post_process]
26-07-30 [23:17:50,817] [DEBUG] 添加节点 "工站状态[7]" (NodeType.VARIABLE) 到待查找列表 [register_node_list:385] [unilabos.utils.log.post_process]
26-07-30 [23:17:50,817] [DEBUG] 添加节点 "工站状态[8]" (NodeType.VARIABLE) 到待查找列表 [register_node_list:385] [unilabos.utils.log.post_process]
26-07-30 [23:17:50,817] [DEBUG] 添加节点 "工站状态[9]" (NodeType.VARIABLE) 到待查找列表 [register_node_list:385] [unilabos.utils.log.post_process]
26-07-30 [23:17:50,817] [DEBUG] 添加节点 "工站状态[10]" (NodeType.VARIABLE) 到待查找列表 [register_node_list:385] [unilabos.utils.log.post_process]
26-07-30 [23:17:50,817] [DEBUG] 添加节点 "工站状态[11]" (NodeType.VARIABLE) 到待查找列表 [register_node_list:385] [unilabos.utils.log.post_process]
26-07-30 [23:17:50,817] [DEBUG] 添加节点 "Robot_Home" (NodeType.VARIABLE) 到待查找列表 [register_node_list:385] [unilabos.utils.log.post_process]
26-07-30 [23:17:50,817] [DEBUG] 添加节点 "Robot_任务允许写入" (NodeType.VARIABLE) 到待查找列表 [register_node_list:385] [unilabos.utils.log.post_process]
26-07-30 [23:17:50,817] [DEBUG] 添加节点 "Robot_任务写入完成" (NodeType.VARIABLE) 到待查找列表 [register_node_list:385] [unilabos.utils.log.post_process]
26-07-30 [23:17:50,817] [DEBUG] 添加节点 "任务号" (NodeType.VARIABLE) 到待查找列表 [register_node_list:385] [unilabos.utils.log.post_process]
26-07-30 [23:17:50,817] [DEBUG] 添加节点 "S01取放料编号" (NodeType.VARIABLE) 到待查找列表 [register_node_list:385] [unilabos.utils.log.post_process]
26-07-30 [23:17:50,817] [DEBUG] 添加节点 "S01出入料产品" (NodeType.VARIABLE) 到待查找列表 [register_node_list:385] [unilabos.utils.log.post_process]
26-07-30 [23:17:50,817] [DEBUG] 添加节点 "S02取放料编号" (NodeType.VARIABLE) 到待查找列表 [register_node_list:385] [unilabos.utils.log.post_process]
26-07-30 [23:17:50,817] [DEBUG] 添加节点 "S03取放料产品" (NodeType.VARIABLE) 到待查找列表 [register_node_list:385] [unilabos.utils.log.post_process]
26-07-30 [23:17:50,817] [DEBUG] 添加节点 "S03取放料编号" (NodeType.VARIABLE) 到待查找列表 [register_node_list:385] [unilabos.utils.log.post_process]
26-07-30 [23:17:50,817] [DEBUG] 添加节点 "S04取放料编号" (NodeType.VARIABLE) 到待查找列表 [register_node_list:385] [unilabos.utils.log.post_process]
26-07-30 [23:17:50,817] [DEBUG] 添加节点 "S071取放料编号" (NodeType.VARIABLE) 到待查找列表 [register_node_list:385] [unilabos.utils.log.post_process]
26-07-30 [23:17:50,817] [DEBUG] 添加节点 "S072取放料产品" (NodeType.VARIABLE) 到待查找列表 [register_node_list:385] [unilabos.utils.log.post_process]
26-07-30 [23:17:50,817] [DEBUG] 添加节点 "S08取放料产品" (NodeType.VARIABLE) 到待查找列表 [register_node_list:385] [unilabos.utils.log.post_process]
26-07-30 [23:17:50,817] [DEBUG] 添加节点 "S08取放料编号" (NodeType.VARIABLE) 到待查找列表 [register_node_list:385] [unilabos.utils.log.post_process]
26-07-30 [23:17:50,817] [DEBUG] 添加节点 "S09取放料产品" (NodeType.VARIABLE) 到待查找列表 [register_node_list:385] [unilabos.utils.log.post_process]
26-07-30 [23:17:50,817] [DEBUG] 添加节点 "S09取放料编号" (NodeType.VARIABLE) 到待查找列表 [register_node_list:385] [unilabos.utils.log.post_process]
26-07-30 [23:17:50,817] [DEBUG] 添加节点 "S10取放料编号" (NodeType.VARIABLE) 到待查找列表 [register_node_list:385] [unilabos.utils.log.post_process]
26-07-30 [23:17:50,817] [DEBUG] 添加节点 "S11取放料产品" (NodeType.VARIABLE) 到待查找列表 [register_node_list:385] [unilabos.utils.log.post_process]
26-07-30 [23:17:50,817] [DEBUG] 添加节点 "S11取放料编号" (NodeType.VARIABLE) 到待查找列表 [register_node_list:385] [unilabos.utils.log.post_process]
26-07-30 [23:17:50,817] [DEBUG] 添加节点 "S08倒料产品选择" (NodeType.VARIABLE) 到待查找列表 [register_node_list:385] [unilabos.utils.log.post_process]
26-07-30 [23:17:50,817] [DEBUG] 添加节点 "Robot_任务完成" (NodeType.VARIABLE) 到待查找列表 [register_node_list:385] [unilabos.utils.log.post_process]
26-07-30 [23:17:50,817] [DEBUG] 添加节点 "S07原点信号" (NodeType.VARIABLE) 到待查找列表 [register_node_list:385] [unilabos.utils.log.post_process]
26-07-30 [23:17:50,817] [DEBUG] 添加节点 "S07允许加工" (NodeType.VARIABLE) 到待查找列表 [register_node_list:385] [unilabos.utils.log.post_process]
26-07-30 [23:17:50,817] [DEBUG] 添加节点 "S07工艺选择" (NodeType.VARIABLE) 到待查找列表 [register_node_list:385] [unilabos.utils.log.post_process]
26-07-30 [23:17:50,817] [DEBUG] 添加节点 "S07参数写入完成" (NodeType.VARIABLE) 到待查找列表 [register_node_list:385] [unilabos.utils.log.post_process]
26-07-30 [23:17:50,817] [DEBUG] 添加节点 "S07工艺完成" (NodeType.VARIABLE) 到待查找列表 [register_node_list:385] [unilabos.utils.log.post_process]
26-07-30 [23:17:50,817] [DEBUG] 添加节点 "S07上下料位置" (NodeType.VARIABLE) 到待查找列表 [register_node_list:385] [unilabos.utils.log.post_process]
26-07-30 [23:17:50,817] [DEBUG] 添加节点 "S07粗注粉位置号" (NodeType.VARIABLE) 到待查找列表 [register_node_list:385] [unilabos.utils.log.post_process]
26-07-30 [23:17:50,817] [DEBUG] 添加节点 "S07精注粉位置号" (NodeType.VARIABLE) 到待查找列表 [register_node_list:385] [unilabos.utils.log.post_process]
26-07-30 [23:17:50,817] [DEBUG] 添加节点 "S07注粉重量" (NodeType.VARIABLE) 到待查找列表 [register_node_list:385] [unilabos.utils.log.post_process]
26-07-30 [23:17:50,817] [DEBUG] 添加节点 "S07_粗注粉开口量" (NodeType.VARIABLE) 到待查找列表 [register_node_list:385] [unilabos.utils.log.post_process]
26-07-30 [23:17:50,817] [DEBUG] 添加节点 "S07_粗注粉开口量[0]" (NodeType.VARIABLE) 到待查找列表 [register_node_list:385] [unilabos.utils.log.post_process]
26-07-30 [23:17:50,817] [DEBUG] 添加节点 "S07_粗注粉开口量[1]" (NodeType.VARIABLE) 到待查找列表 [register_node_list:385] [unilabos.utils.log.post_process]
26-07-30 [23:17:50,817] [DEBUG] 添加节点 "S07_粗注粉开口量[2]" (NodeType.VARIABLE) 到待查找列表 [register_node_list:385] [unilabos.utils.log.post_process]
26-07-30 [23:17:50,817] [DEBUG] 添加节点 "S07_粗注粉开口量[3]" (NodeType.VARIABLE) 到待查找列表 [register_node_list:385] [unilabos.utils.log.post_process]
26-07-30 [23:17:50,817] [DEBUG] 添加节点 "S07_粗注粉开口量[4]" (NodeType.VARIABLE) 到待查找列表 [register_node_list:385] [unilabos.utils.log.post_process]
26-07-30 [23:17:50,817] [DEBUG] 添加节点 "S07_粗注粉落粉匀速" (NodeType.VARIABLE) 到待查找列表 [register_node_list:385] [unilabos.utils.log.post_process]
26-07-30 [23:17:50,817] [DEBUG] 添加节点 "S07_粗注粉落粉匀速[0]" (NodeType.VARIABLE) 到待查找列表 [register_node_list:385] [unilabos.utils.log.post_process]
26-07-30 [23:17:50,817] [DEBUG] 添加节点 "S07_粗注粉落粉匀速[1]" (NodeType.VARIABLE) 到待查找列表 [register_node_list:385] [unilabos.utils.log.post_process]
26-07-30 [23:17:50,817] [DEBUG] 添加节点 "S07_粗注粉落粉匀速[2]" (NodeType.VARIABLE) 到待查找列表 [register_node_list:385] [unilabos.utils.log.post_process]
26-07-30 [23:17:50,817] [DEBUG] 添加节点 "S07_粗注粉落粉匀速[3]" (NodeType.VARIABLE) 到待查找列表 [register_node_list:385] [unilabos.utils.log.post_process]
26-07-30 [23:17:50,817] [DEBUG] 添加节点 "S07_粗注粉落粉匀速[4]" (NodeType.VARIABLE) 到待查找列表 [register_node_list:385] [unilabos.utils.log.post_process]
26-07-30 [23:17:50,817] [DEBUG] 添加节点 "S07_粗注粉旋转速度" (NodeType.VARIABLE) 到待查找列表 [register_node_list:385] [unilabos.utils.log.post_process]
26-07-30 [23:17:50,817] [DEBUG] 添加节点 "S07_粗注粉旋转速度[0]" (NodeType.VARIABLE) 到待查找列表 [register_node_list:385] [unilabos.utils.log.post_process]
26-07-30 [23:17:50,817] [DEBUG] 添加节点 "S07_粗注粉旋转速度[1]" (NodeType.VARIABLE) 到待查找列表 [register_node_list:385] [unilabos.utils.log.post_process]
26-07-30 [23:17:50,817] [DEBUG] 添加节点 "S07_粗注粉旋转速度[2]" (NodeType.VARIABLE) 到待查找列表 [register_node_list:385] [unilabos.utils.log.post_process]
26-07-30 [23:17:50,818] [DEBUG] 添加节点 "S07_粗注粉旋转速度[3]" (NodeType.VARIABLE) 到待查找列表 [register_node_list:385] [unilabos.utils.log.post_process]
26-07-30 [23:17:50,818] [DEBUG] 添加节点 "S07_粗注粉旋转速度[4]" (NodeType.VARIABLE) 到待查找列表 [register_node_list:385] [unilabos.utils.log.post_process]
26-07-30 [23:17:50,818] [DEBUG] 添加节点 "S07_粗注粉提请停止量" (NodeType.VARIABLE) 到待查找列表 [register_node_list:385] [unilabos.utils.log.post_process]
26-07-30 [23:17:50,818] [DEBUG] 添加节点 "S07_粗注粉提请停止量[0]" (NodeType.VARIABLE) 到待查找列表 [register_node_list:385] [unilabos.utils.log.post_process]
26-07-30 [23:17:50,818] [DEBUG] 添加节点 "S07_粗注粉提请停止量[1]" (NodeType.VARIABLE) 到待查找列表 [register_node_list:385] [unilabos.utils.log.post_process]
26-07-30 [23:17:50,818] [DEBUG] 添加节点 "S07_粗注粉提请停止量[2]" (NodeType.VARIABLE) 到待查找列表 [register_node_list:385] [unilabos.utils.log.post_process]
26-07-30 [23:17:50,818] [DEBUG] 添加节点 "S07_粗注粉提请停止量[3]" (NodeType.VARIABLE) 到待查找列表 [register_node_list:385] [unilabos.utils.log.post_process]
26-07-30 [23:17:50,818] [DEBUG] 添加节点 "S07_粗注粉提请停止量[4]" (NodeType.VARIABLE) 到待查找列表 [register_node_list:385] [unilabos.utils.log.post_process]
26-07-30 [23:17:50,818] [DEBUG] 添加节点 "S07_粗注粉震荡最高速度" (NodeType.VARIABLE) 到待查找列表 [register_node_list:385] [unilabos.utils.log.post_process]
26-07-30 [23:17:50,818] [DEBUG] 添加节点 "S07_精注粉开口量" (NodeType.VARIABLE) 到待查找列表 [register_node_list:385] [unilabos.utils.log.post_process]
26-07-30 [23:17:50,818] [DEBUG] 添加节点 "S07_精注粉开口量[0]" (NodeType.VARIABLE) 到待查找列表 [register_node_list:385] [unilabos.utils.log.post_process]
26-07-30 [23:17:50,818] [DEBUG] 添加节点 "S07_精注粉开口量[1]" (NodeType.VARIABLE) 到待查找列表 [register_node_list:385] [unilabos.utils.log.post_process]
26-07-30 [23:17:50,818] [DEBUG] 添加节点 "S07_精注粉开口量[2]" (NodeType.VARIABLE) 到待查找列表 [register_node_list:385] [unilabos.utils.log.post_process]
26-07-30 [23:17:50,818] [DEBUG] 添加节点 "S07_精注粉开口量[3]" (NodeType.VARIABLE) 到待查找列表 [register_node_list:385] [unilabos.utils.log.post_process]
26-07-30 [23:17:50,818] [DEBUG] 添加节点 "S07_精注粉开口量[4]" (NodeType.VARIABLE) 到待查找列表 [register_node_list:385] [unilabos.utils.log.post_process]
26-07-30 [23:17:50,818] [DEBUG] 添加节点 "S07_精注粉落粉匀速" (NodeType.VARIABLE) 到待查找列表 [register_node_list:385] [unilabos.utils.log.post_process]
26-07-30 [23:17:50,818] [DEBUG] 添加节点 "S07_精注粉落粉匀速[0]" (NodeType.VARIABLE) 到待查找列表 [register_node_list:385] [unilabos.utils.log.post_process]
26-07-30 [23:17:50,818] [DEBUG] 添加节点 "S07_精注粉落粉匀速[1]" (NodeType.VARIABLE) 到待查找列表 [register_node_list:385] [unilabos.utils.log.post_process]
26-07-30 [23:17:50,818] [DEBUG] 添加节点 "S07_精注粉落粉匀速[2]" (NodeType.VARIABLE) 到待查找列表 [register_node_list:385] [unilabos.utils.log.post_process]
26-07-30 [23:17:50,818] [DEBUG] 添加节点 "S07_精注粉落粉匀速[3]" (NodeType.VARIABLE) 到待查找列表 [register_node_list:385] [unilabos.utils.log.post_process]
26-07-30 [23:17:50,818] [DEBUG] 添加节点 "S07_精注粉落粉匀速[4]" (NodeType.VARIABLE) 到待查找列表 [register_node_list:385] [unilabos.utils.log.post_process]
26-07-30 [23:17:50,818] [DEBUG] 添加节点 "S07_精注粉旋转速度" (NodeType.VARIABLE) 到待查找列表 [register_node_list:385] [unilabos.utils.log.post_process]
26-07-30 [23:17:50,818] [DEBUG] 添加节点 "S07_精注粉旋转速度[0]" (NodeType.VARIABLE) 到待查找列表 [register_node_list:385] [unilabos.utils.log.post_process]
26-07-30 [23:17:50,818] [DEBUG] 添加节点 "S07_精注粉旋转速度[1]" (NodeType.VARIABLE) 到待查找列表 [register_node_list:385] [unilabos.utils.log.post_process]
26-07-30 [23:17:50,818] [DEBUG] 添加节点 "S07_精注粉旋转速度[2]" (NodeType.VARIABLE) 到待查找列表 [register_node_list:385] [unilabos.utils.log.post_process]
26-07-30 [23:17:50,818] [DEBUG] 添加节点 "S07_精注粉旋转速度[3]" (NodeType.VARIABLE) 到待查找列表 [register_node_list:385] [unilabos.utils.log.post_process]
26-07-30 [23:17:50,818] [DEBUG] 添加节点 "S07_精注粉旋转速度[4]" (NodeType.VARIABLE) 到待查找列表 [register_node_list:385] [unilabos.utils.log.post_process]
26-07-30 [23:17:50,818] [DEBUG] 添加节点 "S07_精注粉提请停止量" (NodeType.VARIABLE) 到待查找列表 [register_node_list:385] [unilabos.utils.log.post_process]
26-07-30 [23:17:50,818] [DEBUG] 添加节点 "S07_精注粉提请停止量[0]" (NodeType.VARIABLE) 到待查找列表 [register_node_list:385] [unilabos.utils.log.post_process]
26-07-30 [23:17:50,818] [DEBUG] 添加节点 "S07_精注粉提请停止量[1]" (NodeType.VARIABLE) 到待查找列表 [register_node_list:385] [unilabos.utils.log.post_process]
26-07-30 [23:17:50,818] [DEBUG] 添加节点 "S07_精注粉提请停止量[2]" (NodeType.VARIABLE) 到待查找列表 [register_node_list:385] [unilabos.utils.log.post_process]
26-07-30 [23:17:50,818] [DEBUG] 添加节点 "S07_精注粉提请停止量[3]" (NodeType.VARIABLE) 到待查找列表 [register_node_list:385] [unilabos.utils.log.post_process]
26-07-30 [23:17:50,818] [DEBUG] 添加节点 "S07_精注粉提请停止量[4]" (NodeType.VARIABLE) 到待查找列表 [register_node_list:385] [unilabos.utils.log.post_process]
26-07-30 [23:17:50,818] [DEBUG] 添加节点 "S07_精注粉震荡最高速度" (NodeType.VARIABLE) 到待查找列表 [register_node_list:385] [unilabos.utils.log.post_process]
26-07-30 [23:17:50,818] [DEBUG] 添加节点 "S07位置1二维码" (NodeType.VARIABLE) 到待查找列表 [register_node_list:385] [unilabos.utils.log.post_process]
26-07-30 [23:17:50,818] [DEBUG] 添加节点 "S07位置1二维码[0]" (NodeType.VARIABLE) 到待查找列表 [register_node_list:385] [unilabos.utils.log.post_process]
26-07-30 [23:17:50,818] [DEBUG] 添加节点 "S07位置1二维码[1]" (NodeType.VARIABLE) 到待查找列表 [register_node_list:385] [unilabos.utils.log.post_process]
26-07-30 [23:17:50,818] [DEBUG] 添加节点 "S07位置1二维码[2]" (NodeType.VARIABLE) 到待查找列表 [register_node_list:385] [unilabos.utils.log.post_process]
26-07-30 [23:17:50,818] [DEBUG] 添加节点 "S07位置1二维码[3]" (NodeType.VARIABLE) 到待查找列表 [register_node_list:385] [unilabos.utils.log.post_process]
26-07-30 [23:17:50,818] [DEBUG] 添加节点 "S07位置1二维码[4]" (NodeType.VARIABLE) 到待查找列表 [register_node_list:385] [unilabos.utils.log.post_process]
26-07-30 [23:17:50,818] [DEBUG] 添加节点 "S07位置1二维码[5]" (NodeType.VARIABLE) 到待查找列表 [register_node_list:385] [unilabos.utils.log.post_process]
26-07-30 [23:17:50,818] [DEBUG] 添加节点 "S07位置1二维码[6]" (NodeType.VARIABLE) 到待查找列表 [register_node_list:385] [unilabos.utils.log.post_process]
26-07-30 [23:17:50,818] [DEBUG] 添加节点 "S07位置1二维码[7]" (NodeType.VARIABLE) 到待查找列表 [register_node_list:385] [unilabos.utils.log.post_process]
26-07-30 [23:17:50,818] [DEBUG] 添加节点 "S07位置1二维码[8]" (NodeType.VARIABLE) 到待查找列表 [register_node_list:385] [unilabos.utils.log.post_process]
26-07-30 [23:17:50,818] [DEBUG] 添加节点 "S07位置1二维码[9]" (NodeType.VARIABLE) 到待查找列表 [register_node_list:385] [unilabos.utils.log.post_process]
26-07-30 [23:17:50,818] [DEBUG] 添加节点 "S07位置1二维码[10]" (NodeType.VARIABLE) 到待查找列表 [register_node_list:385] [unilabos.utils.log.post_process]
26-07-30 [23:17:50,818] [DEBUG] 添加节点 "S07位置1二维码[11]" (NodeType.VARIABLE) 到待查找列表 [register_node_list:385] [unilabos.utils.log.post_process]
26-07-30 [23:17:50,818] [DEBUG] 添加节点 "S07位置1二维码[12]" (NodeType.VARIABLE) 到待查找列表 [register_node_list:385] [unilabos.utils.log.post_process]
26-07-30 [23:17:50,818] [DEBUG] 添加节点 "S07位置1二维码[13]" (NodeType.VARIABLE) 到待查找列表 [register_node_list:385] [unilabos.utils.log.post_process]
26-07-30 [23:17:50,818] [DEBUG] 添加节点 "S07位置1二维码[14]" (NodeType.VARIABLE) 到待查找列表 [register_node_list:385] [unilabos.utils.log.post_process]
26-07-30 [23:17:50,818] [DEBUG] 添加节点 "S07位置1二维码[15]" (NodeType.VARIABLE) 到待查找列表 [register_node_list:385] [unilabos.utils.log.post_process]
26-07-30 [23:17:50,818] [DEBUG] 添加节点 "S07位置1二维码[16]" (NodeType.VARIABLE) 到待查找列表 [register_node_list:385] [unilabos.utils.log.post_process]
26-07-30 [23:17:50,818] [DEBUG] 添加节点 "S07位置1二维码[17]" (NodeType.VARIABLE) 到待查找列表 [register_node_list:385] [unilabos.utils.log.post_process]
26-07-30 [23:17:50,818] [DEBUG] 添加节点 "S07位置1二维码[18]" (NodeType.VARIABLE) 到待查找列表 [register_node_list:385] [unilabos.utils.log.post_process]
26-07-30 [23:17:50,818] [DEBUG] 添加节点 "S07位置1二维码[19]" (NodeType.VARIABLE) 到待查找列表 [register_node_list:385] [unilabos.utils.log.post_process]
26-07-30 [23:17:50,818] [DEBUG] 添加节点 "S07位置1二维码[20]" (NodeType.VARIABLE) 到待查找列表 [register_node_list:385] [unilabos.utils.log.post_process]
26-07-30 [23:17:50,818] [DEBUG] 添加节点 "S07位置1二维码[21]" (NodeType.VARIABLE) 到待查找列表 [register_node_list:385] [unilabos.utils.log.post_process]
26-07-30 [23:17:50,818] [DEBUG] 添加节点 "S07位置1二维码[22]" (NodeType.VARIABLE) 到待查找列表 [register_node_list:385] [unilabos.utils.log.post_process]
26-07-30 [23:17:50,818] [DEBUG] 添加节点 "S07位置1二维码[23]" (NodeType.VARIABLE) 到待查找列表 [register_node_list:385] [unilabos.utils.log.post_process]
26-07-30 [23:17:50,818] [DEBUG] 添加节点 "S07位置1二维码[24]" (NodeType.VARIABLE) 到待查找列表 [register_node_list:385] [unilabos.utils.log.post_process]
26-07-30 [23:17:50,818] [DEBUG] 添加节点 "S07位置1二维码[25]" (NodeType.VARIABLE) 到待查找列表 [register_node_list:385] [unilabos.utils.log.post_process]
26-07-30 [23:17:50,818] [DEBUG] 添加节点 "S07位置1二维码[26]" (NodeType.VARIABLE) 到待查找列表 [register_node_list:385] [unilabos.utils.log.post_process]
26-07-30 [23:17:50,818] [DEBUG] 添加节点 "S07位置1二维码[27]" (NodeType.VARIABLE) 到待查找列表 [register_node_list:385] [unilabos.utils.log.post_process]
26-07-30 [23:17:50,818] [DEBUG] 添加节点 "S07位置1二维码[28]" (NodeType.VARIABLE) 到待查找列表 [register_node_list:385] [unilabos.utils.log.post_process]
26-07-30 [23:17:50,818] [DEBUG] 添加节点 "S07位置1二维码[29]" (NodeType.VARIABLE) 到待查找列表 [register_node_list:385] [unilabos.utils.log.post_process]
26-07-30 [23:17:50,818] [DEBUG] 添加节点 "S07位置2二维码" (NodeType.VARIABLE) 到待查找列表 [register_node_list:385] [unilabos.utils.log.post_process]
26-07-30 [23:17:50,818] [DEBUG] 添加节点 "S07位置2二维码[0]" (NodeType.VARIABLE) 到待查找列表 [register_node_list:385] [unilabos.utils.log.post_process]
26-07-30 [23:17:50,818] [DEBUG] 添加节点 "S07位置2二维码[1]" (NodeType.VARIABLE) 到待查找列表 [register_node_list:385] [unilabos.utils.log.post_process]
26-07-30 [23:17:50,818] [DEBUG] 添加节点 "S07位置2二维码[2]" (NodeType.VARIABLE) 到待查找列表 [register_node_list:385] [unilabos.utils.log.post_process]
26-07-30 [23:17:50,818] [DEBUG] 添加节点 "S07位置2二维码[3]" (NodeType.VARIABLE) 到待查找列表 [register_node_list:385] [unilabos.utils.log.post_process]
26-07-30 [23:17:50,818] [DEBUG] 添加节点 "S07位置2二维码[4]" (NodeType.VARIABLE) 到待查找列表 [register_node_list:385] [unilabos.utils.log.post_process]
26-07-30 [23:17:50,818] [DEBUG] 添加节点 "S07位置2二维码[5]" (NodeType.VARIABLE) 到待查找列表 [register_node_list:385] [unilabos.utils.log.post_process]
26-07-30 [23:17:50,818] [DEBUG] 添加节点 "S07位置2二维码[6]" (NodeType.VARIABLE) 到待查找列表 [register_node_list:385] [unilabos.utils.log.post_process]
26-07-30 [23:17:50,818] [DEBUG] 添加节点 "S07位置2二维码[7]" (NodeType.VARIABLE) 到待查找列表 [register_node_list:385] [unilabos.utils.log.post_process]
26-07-30 [23:17:50,818] [DEBUG] 添加节点 "S07位置2二维码[8]" (NodeType.VARIABLE) 到待查找列表 [register_node_list:385] [unilabos.utils.log.post_process]
26-07-30 [23:17:50,818] [DEBUG] 添加节点 "S07位置2二维码[9]" (NodeType.VARIABLE) 到待查找列表 [register_node_list:385] [unilabos.utils.log.post_process]
26-07-30 [23:17:50,818] [DEBUG] 添加节点 "S07位置2二维码[10]" (NodeType.VARIABLE) 到待查找列表 [register_node_list:385] [unilabos.utils.log.post_process]
26-07-30 [23:17:50,818] [DEBUG] 添加节点 "S07位置2二维码[11]" (NodeType.VARIABLE) 到待查找列表 [register_node_list:385] [unilabos.utils.log.post_process]
26-07-30 [23:17:50,818] [DEBUG] 添加节点 "S07位置2二维码[12]" (NodeType.VARIABLE) 到待查找列表 [register_node_list:385] [unilabos.utils.log.post_process]
26-07-30 [23:17:50,818] [DEBUG] 添加节点 "S07位置2二维码[13]" (NodeType.VARIABLE) 到待查找列表 [register_node_list:385] [unilabos.utils.log.post_process]
26-07-30 [23:17:50,818] [DEBUG] 添加节点 "S07位置2二维码[14]" (NodeType.VARIABLE) 到待查找列表 [register_node_list:385] [unilabos.utils.log.post_process]
26-07-30 [23:17:50,818] [DEBUG] 添加节点 "S07位置2二维码[15]" (NodeType.VARIABLE) 到待查找列表 [register_node_list:385] [unilabos.utils.log.post_process]
26-07-30 [23:17:50,818] [DEBUG] 添加节点 "S07位置2二维码[16]" (NodeType.VARIABLE) 到待查找列表 [register_node_list:385] [unilabos.utils.log.post_process]
26-07-30 [23:17:50,818] [DEBUG] 添加节点 "S07位置2二维码[17]" (NodeType.VARIABLE) 到待查找列表 [register_node_list:385] [unilabos.utils.log.post_process]
26-07-30 [23:17:50,818] [DEBUG] 添加节点 "S07位置2二维码[18]" (NodeType.VARIABLE) 到待查找列表 [register_node_list:385] [unilabos.utils.log.post_process]
26-07-30 [23:17:50,818] [DEBUG] 添加节点 "S07位置2二维码[19]" (NodeType.VARIABLE) 到待查找列表 [register_node_list:385] [unilabos.utils.log.post_process]
26-07-30 [23:17:50,818] [DEBUG] 添加节点 "S07位置2二维码[20]" (NodeType.VARIABLE) 到待查找列表 [register_node_list:385] [unilabos.utils.log.post_process]
26-07-30 [23:17:50,818] [DEBUG] 添加节点 "S07位置2二维码[21]" (NodeType.VARIABLE) 到待查找列表 [register_node_list:385] [unilabos.utils.log.post_process]
26-07-30 [23:17:50,818] [DEBUG] 添加节点 "S07位置2二维码[22]" (NodeType.VARIABLE) 到待查找列表 [register_node_list:385] [unilabos.utils.log.post_process]
26-07-30 [23:17:50,818] [DEBUG] 添加节点 "S07位置2二维码[23]" (NodeType.VARIABLE) 到待查找列表 [register_node_list:385] [unilabos.utils.log.post_process]
26-07-30 [23:17:50,818] [DEBUG] 添加节点 "S07位置2二维码[24]" (NodeType.VARIABLE) 到待查找列表 [register_node_list:385] [unilabos.utils.log.post_process]
26-07-30 [23:17:50,818] [DEBUG] 添加节点 "S07位置2二维码[25]" (NodeType.VARIABLE) 到待查找列表 [register_node_list:385] [unilabos.utils.log.post_process]
26-07-30 [23:17:50,818] [DEBUG] 添加节点 "S07位置2二维码[26]" (NodeType.VARIABLE) 到待查找列表 [register_node_list:385] [unilabos.utils.log.post_process]
26-07-30 [23:17:50,818] [DEBUG] 添加节点 "S07位置2二维码[27]" (NodeType.VARIABLE) 到待查找列表 [register_node_list:385] [unilabos.utils.log.post_process]
26-07-30 [23:17:50,818] [DEBUG] 添加节点 "S07位置2二维码[28]" (NodeType.VARIABLE) 到待查找列表 [register_node_list:385] [unilabos.utils.log.post_process]
26-07-30 [23:17:50,818] [DEBUG] 添加节点 "S07位置2二维码[29]" (NodeType.VARIABLE) 到待查找列表 [register_node_list:385] [unilabos.utils.log.post_process]
26-07-30 [23:17:50,819] [DEBUG] 添加节点 "S07位置3二维码" (NodeType.VARIABLE) 到待查找列表 [register_node_list:385] [unilabos.utils.log.post_process]
26-07-30 [23:17:50,819] [DEBUG] 添加节点 "S07位置3二维码[0]" (NodeType.VARIABLE) 到待查找列表 [register_node_list:385] [unilabos.utils.log.post_process]
26-07-30 [23:17:50,819] [DEBUG] 添加节点 "S07位置3二维码[1]" (NodeType.VARIABLE) 到待查找列表 [register_node_list:385] [unilabos.utils.log.post_process]
26-07-30 [23:17:50,819] [DEBUG] 添加节点 "S07位置3二维码[2]" (NodeType.VARIABLE) 到待查找列表 [register_node_list:385] [unilabos.utils.log.post_process]
26-07-30 [23:17:50,819] [DEBUG] 添加节点 "S07位置3二维码[3]" (NodeType.VARIABLE) 到待查找列表 [register_node_list:385] [unilabos.utils.log.post_process]
26-07-30 [23:17:50,819] [DEBUG] 添加节点 "S07位置3二维码[4]" (NodeType.VARIABLE) 到待查找列表 [register_node_list:385] [unilabos.utils.log.post_process]
26-07-30 [23:17:50,819] [DEBUG] 添加节点 "S07位置3二维码[5]" (NodeType.VARIABLE) 到待查找列表 [register_node_list:385] [unilabos.utils.log.post_process]
26-07-30 [23:17:50,819] [DEBUG] 添加节点 "S07位置3二维码[6]" (NodeType.VARIABLE) 到待查找列表 [register_node_list:385] [unilabos.utils.log.post_process]
26-07-30 [23:17:50,819] [DEBUG] 添加节点 "S07位置3二维码[7]" (NodeType.VARIABLE) 到待查找列表 [register_node_list:385] [unilabos.utils.log.post_process]
26-07-30 [23:17:50,819] [DEBUG] 添加节点 "S07位置3二维码[8]" (NodeType.VARIABLE) 到待查找列表 [register_node_list:385] [unilabos.utils.log.post_process]
26-07-30 [23:17:50,819] [DEBUG] 添加节点 "S07位置3二维码[9]" (NodeType.VARIABLE) 到待查找列表 [register_node_list:385] [unilabos.utils.log.post_process]
26-07-30 [23:17:50,819] [DEBUG] 添加节点 "S07位置3二维码[10]" (NodeType.VARIABLE) 到待查找列表 [register_node_list:385] [unilabos.utils.log.post_process]
26-07-30 [23:17:50,819] [DEBUG] 添加节点 "S07位置3二维码[11]" (NodeType.VARIABLE) 到待查找列表 [register_node_list:385] [unilabos.utils.log.post_process]
26-07-30 [23:17:50,819] [DEBUG] 添加节点 "S07位置3二维码[12]" (NodeType.VARIABLE) 到待查找列表 [register_node_list:385] [unilabos.utils.log.post_process]
26-07-30 [23:17:50,819] [DEBUG] 添加节点 "S07位置3二维码[13]" (NodeType.VARIABLE) 到待查找列表 [register_node_list:385] [unilabos.utils.log.post_process]
26-07-30 [23:17:50,819] [DEBUG] 添加节点 "S07位置3二维码[14]" (NodeType.VARIABLE) 到待查找列表 [register_node_list:385] [unilabos.utils.log.post_process]
26-07-30 [23:17:50,819] [DEBUG] 添加节点 "S07位置3二维码[15]" (NodeType.VARIABLE) 到待查找列表 [register_node_list:385] [unilabos.utils.log.post_process]
26-07-30 [23:17:50,819] [DEBUG] 添加节点 "S07位置3二维码[16]" (NodeType.VARIABLE) 到待查找列表 [register_node_list:385] [unilabos.utils.log.post_process]
26-07-30 [23:17:50,819] [DEBUG] 添加节点 "S07位置3二维码[17]" (NodeType.VARIABLE) 到待查找列表 [register_node_list:385] [unilabos.utils.log.post_process]
26-07-30 [23:17:50,819] [DEBUG] 添加节点 "S07位置3二维码[18]" (NodeType.VARIABLE) 到待查找列表 [register_node_list:385] [unilabos.utils.log.post_process]
26-07-30 [23:17:50,819] [DEBUG] 添加节点 "S07位置3二维码[19]" (NodeType.VARIABLE) 到待查找列表 [register_node_list:385] [unilabos.utils.log.post_process]
26-07-30 [23:17:50,819] [DEBUG] 添加节点 "S07位置3二维码[20]" (NodeType.VARIABLE) 到待查找列表 [register_node_list:385] [unilabos.utils.log.post_process]
26-07-30 [23:17:50,819] [DEBUG] 添加节点 "S07位置3二维码[21]" (NodeType.VARIABLE) 到待查找列表 [register_node_list:385] [unilabos.utils.log.post_process]
26-07-30 [23:17:50,819] [DEBUG] 添加节点 "S07位置3二维码[22]" (NodeType.VARIABLE) 到待查找列表 [register_node_list:385] [unilabos.utils.log.post_process]
26-07-30 [23:17:50,819] [DEBUG] 添加节点 "S07位置3二维码[23]" (NodeType.VARIABLE) 到待查找列表 [register_node_list:385] [unilabos.utils.log.post_process]
26-07-30 [23:17:50,819] [DEBUG] 添加节点 "S07位置3二维码[24]" (NodeType.VARIABLE) 到待查找列表 [register_node_list:385] [unilabos.utils.log.post_process]
26-07-30 [23:17:50,819] [DEBUG] 添加节点 "S07位置3二维码[25]" (NodeType.VARIABLE) 到待查找列表 [register_node_list:385] [unilabos.utils.log.post_process]
26-07-30 [23:17:50,819] [DEBUG] 添加节点 "S07位置3二维码[26]" (NodeType.VARIABLE) 到待查找列表 [register_node_list:385] [unilabos.utils.log.post_process]
26-07-30 [23:17:50,819] [DEBUG] 添加节点 "S07位置3二维码[27]" (NodeType.VARIABLE) 到待查找列表 [register_node_list:385] [unilabos.utils.log.post_process]
26-07-30 [23:17:50,819] [DEBUG] 添加节点 "S07位置3二维码[28]" (NodeType.VARIABLE) 到待查找列表 [register_node_list:385] [unilabos.utils.log.post_process]
26-07-30 [23:17:50,819] [DEBUG] 添加节点 "S07位置3二维码[29]" (NodeType.VARIABLE) 到待查找列表 [register_node_list:385] [unilabos.utils.log.post_process]
26-07-30 [23:17:50,819] [DEBUG] 添加节点 "S07位置4二维码" (NodeType.VARIABLE) 到待查找列表 [register_node_list:385] [unilabos.utils.log.post_process]
26-07-30 [23:17:50,819] [DEBUG] 添加节点 "S07位置4二维码[0]" (NodeType.VARIABLE) 到待查找列表 [register_node_list:385] [unilabos.utils.log.post_process]
26-07-30 [23:17:50,819] [DEBUG] 添加节点 "S07位置4二维码[1]" (NodeType.VARIABLE) 到待查找列表 [register_node_list:385] [unilabos.utils.log.post_process]
26-07-30 [23:17:50,819] [DEBUG] 添加节点 "S07位置4二维码[2]" (NodeType.VARIABLE) 到待查找列表 [register_node_list:385] [unilabos.utils.log.post_process]
26-07-30 [23:17:50,819] [DEBUG] 添加节点 "S07位置4二维码[3]" (NodeType.VARIABLE) 到待查找列表 [register_node_list:385] [unilabos.utils.log.post_process]
26-07-30 [23:17:50,819] [DEBUG] 添加节点 "S07位置4二维码[4]" (NodeType.VARIABLE) 到待查找列表 [register_node_list:385] [unilabos.utils.log.post_process]
26-07-30 [23:17:50,819] [DEBUG] 添加节点 "S07位置4二维码[5]" (NodeType.VARIABLE) 到待查找列表 [register_node_list:385] [unilabos.utils.log.post_process]
26-07-30 [23:17:50,819] [DEBUG] 添加节点 "S07位置4二维码[6]" (NodeType.VARIABLE) 到待查找列表 [register_node_list:385] [unilabos.utils.log.post_process]
26-07-30 [23:17:50,819] [DEBUG] 添加节点 "S07位置4二维码[7]" (NodeType.VARIABLE) 到待查找列表 [register_node_list:385] [unilabos.utils.log.post_process]
26-07-30 [23:17:50,819] [DEBUG] 添加节点 "S07位置4二维码[8]" (NodeType.VARIABLE) 到待查找列表 [register_node_list:385] [unilabos.utils.log.post_process]
26-07-30 [23:17:50,819] [DEBUG] 添加节点 "S07位置4二维码[9]" (NodeType.VARIABLE) 到待查找列表 [register_node_list:385] [unilabos.utils.log.post_process]
26-07-30 [23:17:50,819] [DEBUG] 添加节点 "S07位置4二维码[10]" (NodeType.VARIABLE) 到待查找列表 [register_node_list:385] [unilabos.utils.log.post_process]
26-07-30 [23:17:50,819] [DEBUG] 添加节点 "S07位置4二维码[11]" (NodeType.VARIABLE) 到待查找列表 [register_node_list:385] [unilabos.utils.log.post_process]
26-07-30 [23:17:50,819] [DEBUG] 添加节点 "S07位置4二维码[12]" (NodeType.VARIABLE) 到待查找列表 [register_node_list:385] [unilabos.utils.log.post_process]
26-07-30 [23:17:50,819] [DEBUG] 添加节点 "S07位置4二维码[13]" (NodeType.VARIABLE) 到待查找列表 [register_node_list:385] [unilabos.utils.log.post_process]
26-07-30 [23:17:50,819] [DEBUG] 添加节点 "S07位置4二维码[14]" (NodeType.VARIABLE) 到待查找列表 [register_node_list:385] [unilabos.utils.log.post_process]
26-07-30 [23:17:50,819] [DEBUG] 添加节点 "S07位置4二维码[15]" (NodeType.VARIABLE) 到待查找列表 [register_node_list:385] [unilabos.utils.log.post_process]
26-07-30 [23:17:50,819] [DEBUG] 添加节点 "S07位置4二维码[16]" (NodeType.VARIABLE) 到待查找列表 [register_node_list:385] [unilabos.utils.log.post_process]
26-07-30 [23:17:50,819] [DEBUG] 添加节点 "S07位置4二维码[17]" (NodeType.VARIABLE) 到待查找列表 [register_node_list:385] [unilabos.utils.log.post_process]
26-07-30 [23:17:50,819] [DEBUG] 添加节点 "S07位置4二维码[18]" (NodeType.VARIABLE) 到待查找列表 [register_node_list:385] [unilabos.utils.log.post_process]
26-07-30 [23:17:50,819] [DEBUG] 添加节点 "S07位置4二维码[19]" (NodeType.VARIABLE) 到待查找列表 [register_node_list:385] [unilabos.utils.log.post_process]
26-07-30 [23:17:50,819] [DEBUG] 添加节点 "S07位置4二维码[20]" (NodeType.VARIABLE) 到待查找列表 [register_node_list:385] [unilabos.utils.log.post_process]
26-07-30 [23:17:50,819] [DEBUG] 添加节点 "S07位置4二维码[21]" (NodeType.VARIABLE) 到待查找列表 [register_node_list:385] [unilabos.utils.log.post_process]
26-07-30 [23:17:50,819] [DEBUG] 添加节点 "S07位置4二维码[22]" (NodeType.VARIABLE) 到待查找列表 [register_node_list:385] [unilabos.utils.log.post_process]
26-07-30 [23:17:50,819] [DEBUG] 添加节点 "S07位置4二维码[23]" (NodeType.VARIABLE) 到待查找列表 [register_node_list:385] [unilabos.utils.log.post_process]
26-07-30 [23:17:50,819] [DEBUG] 添加节点 "S07位置4二维码[24]" (NodeType.VARIABLE) 到待查找列表 [register_node_list:385] [unilabos.utils.log.post_process]
26-07-30 [23:17:50,819] [DEBUG] 添加节点 "S07位置4二维码[25]" (NodeType.VARIABLE) 到待查找列表 [register_node_list:385] [unilabos.utils.log.post_process]
26-07-30 [23:17:50,819] [DEBUG] 添加节点 "S07位置4二维码[26]" (NodeType.VARIABLE) 到待查找列表 [register_node_list:385] [unilabos.utils.log.post_process]
26-07-30 [23:17:50,819] [DEBUG] 添加节点 "S07位置4二维码[27]" (NodeType.VARIABLE) 到待查找列表 [register_node_list:385] [unilabos.utils.log.post_process]
26-07-30 [23:17:50,819] [DEBUG] 添加节点 "S07位置4二维码[28]" (NodeType.VARIABLE) 到待查找列表 [register_node_list:385] [unilabos.utils.log.post_process]
26-07-30 [23:17:50,819] [DEBUG] 添加节点 "S07位置4二维码[29]" (NodeType.VARIABLE) 到待查找列表 [register_node_list:385] [unilabos.utils.log.post_process]
26-07-30 [23:17:50,819] [DEBUG] 添加节点 "S07位置5二维码" (NodeType.VARIABLE) 到待查找列表 [register_node_list:385] [unilabos.utils.log.post_process]
26-07-30 [23:17:50,819] [DEBUG] 添加节点 "S07位置5二维码[0]" (NodeType.VARIABLE) 到待查找列表 [register_node_list:385] [unilabos.utils.log.post_process]
26-07-30 [23:17:50,819] [DEBUG] 添加节点 "S07位置5二维码[1]" (NodeType.VARIABLE) 到待查找列表 [register_node_list:385] [unilabos.utils.log.post_process]
26-07-30 [23:17:50,819] [DEBUG] 添加节点 "S07位置5二维码[2]" (NodeType.VARIABLE) 到待查找列表 [register_node_list:385] [unilabos.utils.log.post_process]
26-07-30 [23:17:50,819] [DEBUG] 添加节点 "S07位置5二维码[3]" (NodeType.VARIABLE) 到待查找列表 [register_node_list:385] [unilabos.utils.log.post_process]
26-07-30 [23:17:50,819] [DEBUG] 添加节点 "S07位置5二维码[4]" (NodeType.VARIABLE) 到待查找列表 [register_node_list:385] [unilabos.utils.log.post_process]
26-07-30 [23:17:50,819] [DEBUG] 添加节点 "S07位置5二维码[5]" (NodeType.VARIABLE) 到待查找列表 [register_node_list:385] [unilabos.utils.log.post_process]
26-07-30 [23:17:50,819] [DEBUG] 添加节点 "S07位置5二维码[6]" (NodeType.VARIABLE) 到待查找列表 [register_node_list:385] [unilabos.utils.log.post_process]
26-07-30 [23:17:50,819] [DEBUG] 添加节点 "S07位置5二维码[7]" (NodeType.VARIABLE) 到待查找列表 [register_node_list:385] [unilabos.utils.log.post_process]
26-07-30 [23:17:50,819] [DEBUG] 添加节点 "S07位置5二维码[8]" (NodeType.VARIABLE) 到待查找列表 [register_node_list:385] [unilabos.utils.log.post_process]
26-07-30 [23:17:50,819] [DEBUG] 添加节点 "S07位置5二维码[9]" (NodeType.VARIABLE) 到待查找列表 [register_node_list:385] [unilabos.utils.log.post_process]
26-07-30 [23:17:50,819] [DEBUG] 添加节点 "S07位置5二维码[10]" (NodeType.VARIABLE) 到待查找列表 [register_node_list:385] [unilabos.utils.log.post_process]
26-07-30 [23:17:50,819] [DEBUG] 添加节点 "S07位置5二维码[11]" (NodeType.VARIABLE) 到待查找列表 [register_node_list:385] [unilabos.utils.log.post_process]
26-07-30 [23:17:50,819] [DEBUG] 添加节点 "S07位置5二维码[12]" (NodeType.VARIABLE) 到待查找列表 [register_node_list:385] [unilabos.utils.log.post_process]
26-07-30 [23:17:50,819] [DEBUG] 添加节点 "S07位置5二维码[13]" (NodeType.VARIABLE) 到待查找列表 [register_node_list:385] [unilabos.utils.log.post_process]
26-07-30 [23:17:50,819] [DEBUG] 添加节点 "S07位置5二维码[14]" (NodeType.VARIABLE) 到待查找列表 [register_node_list:385] [unilabos.utils.log.post_process]
26-07-30 [23:17:50,819] [DEBUG] 添加节点 "S07位置5二维码[15]" (NodeType.VARIABLE) 到待查找列表 [register_node_list:385] [unilabos.utils.log.post_process]
26-07-30 [23:17:50,819] [DEBUG] 添加节点 "S07位置5二维码[16]" (NodeType.VARIABLE) 到待查找列表 [register_node_list:385] [unilabos.utils.log.post_process]
26-07-30 [23:17:50,819] [DEBUG] 添加节点 "S07位置5二维码[17]" (NodeType.VARIABLE) 到待查找列表 [register_node_list:385] [unilabos.utils.log.post_process]
26-07-30 [23:17:50,819] [DEBUG] 添加节点 "S07位置5二维码[18]" (NodeType.VARIABLE) 到待查找列表 [register_node_list:385] [unilabos.utils.log.post_process]
26-07-30 [23:17:50,819] [DEBUG] 添加节点 "S07位置5二维码[19]" (NodeType.VARIABLE) 到待查找列表 [register_node_list:385] [unilabos.utils.log.post_process]
26-07-30 [23:17:50,819] [DEBUG] 添加节点 "S07位置5二维码[20]" (NodeType.VARIABLE) 到待查找列表 [register_node_list:385] [unilabos.utils.log.post_process]
26-07-30 [23:17:50,819] [DEBUG] 添加节点 "S07位置5二维码[21]" (NodeType.VARIABLE) 到待查找列表 [register_node_list:385] [unilabos.utils.log.post_process]
26-07-30 [23:17:50,819] [DEBUG] 添加节点 "S07位置5二维码[22]" (NodeType.VARIABLE) 到待查找列表 [register_node_list:385] [unilabos.utils.log.post_process]
26-07-30 [23:17:50,819] [DEBUG] 添加节点 "S07位置5二维码[23]" (NodeType.VARIABLE) 到待查找列表 [register_node_list:385] [unilabos.utils.log.post_process]
26-07-30 [23:17:50,819] [DEBUG] 添加节点 "S07位置5二维码[24]" (NodeType.VARIABLE) 到待查找列表 [register_node_list:385] [unilabos.utils.log.post_process]
26-07-30 [23:17:50,819] [DEBUG] 添加节点 "S07位置5二维码[25]" (NodeType.VARIABLE) 到待查找列表 [register_node_list:385] [unilabos.utils.log.post_process]
26-07-30 [23:17:50,819] [DEBUG] 添加节点 "S07位置5二维码[26]" (NodeType.VARIABLE) 到待查找列表 [register_node_list:385] [unilabos.utils.log.post_process]
26-07-30 [23:17:50,819] [DEBUG] 添加节点 "S07位置5二维码[27]" (NodeType.VARIABLE) 到待查找列表 [register_node_list:385] [unilabos.utils.log.post_process]
26-07-30 [23:17:50,819] [DEBUG] 添加节点 "S07位置5二维码[28]" (NodeType.VARIABLE) 到待查找列表 [register_node_list:385] [unilabos.utils.log.post_process]
26-07-30 [23:17:50,819] [DEBUG] 添加节点 "S07位置5二维码[29]" (NodeType.VARIABLE) 到待查找列表 [register_node_list:385] [unilabos.utils.log.post_process]
26-07-30 [23:17:50,819] [DEBUG] 添加节点 "S07位置6二维码" (NodeType.VARIABLE) 到待查找列表 [register_node_list:385] [unilabos.utils.log.post_process]
26-07-30 [23:17:50,819] [DEBUG] 添加节点 "S07位置6二维码[0]" (NodeType.VARIABLE) 到待查找列表 [register_node_list:385] [unilabos.utils.log.post_process]
26-07-30 [23:17:50,820] [DEBUG] 添加节点 "S07位置6二维码[1]" (NodeType.VARIABLE) 到待查找列表 [register_node_list:385] [unilabos.utils.log.post_process]
26-07-30 [23:17:50,820] [DEBUG] 添加节点 "S07位置6二维码[2]" (NodeType.VARIABLE) 到待查找列表 [register_node_list:385] [unilabos.utils.log.post_process]
26-07-30 [23:17:50,820] [DEBUG] 添加节点 "S07位置6二维码[3]" (NodeType.VARIABLE) 到待查找列表 [register_node_list:385] [unilabos.utils.log.post_process]
26-07-30 [23:17:50,820] [DEBUG] 添加节点 "S07位置6二维码[4]" (NodeType.VARIABLE) 到待查找列表 [register_node_list:385] [unilabos.utils.log.post_process]
26-07-30 [23:17:50,820] [DEBUG] 添加节点 "S07位置6二维码[5]" (NodeType.VARIABLE) 到待查找列表 [register_node_list:385] [unilabos.utils.log.post_process]
26-07-30 [23:17:50,820] [DEBUG] 添加节点 "S07位置6二维码[6]" (NodeType.VARIABLE) 到待查找列表 [register_node_list:385] [unilabos.utils.log.post_process]
26-07-30 [23:17:50,820] [DEBUG] 添加节点 "S07位置6二维码[7]" (NodeType.VARIABLE) 到待查找列表 [register_node_list:385] [unilabos.utils.log.post_process]
26-07-30 [23:17:50,820] [DEBUG] 添加节点 "S07位置6二维码[8]" (NodeType.VARIABLE) 到待查找列表 [register_node_list:385] [unilabos.utils.log.post_process]
26-07-30 [23:17:50,820] [DEBUG] 添加节点 "S07位置6二维码[9]" (NodeType.VARIABLE) 到待查找列表 [register_node_list:385] [unilabos.utils.log.post_process]
26-07-30 [23:17:50,820] [DEBUG] 添加节点 "S07位置6二维码[10]" (NodeType.VARIABLE) 到待查找列表 [register_node_list:385] [unilabos.utils.log.post_process]
26-07-30 [23:17:50,820] [DEBUG] 添加节点 "S07位置6二维码[11]" (NodeType.VARIABLE) 到待查找列表 [register_node_list:385] [unilabos.utils.log.post_process]
26-07-30 [23:17:50,820] [DEBUG] 添加节点 "S07位置6二维码[12]" (NodeType.VARIABLE) 到待查找列表 [register_node_list:385] [unilabos.utils.log.post_process]
26-07-30 [23:17:50,820] [DEBUG] 添加节点 "S07位置6二维码[13]" (NodeType.VARIABLE) 到待查找列表 [register_node_list:385] [unilabos.utils.log.post_process]
26-07-30 [23:17:50,820] [DEBUG] 添加节点 "S07位置6二维码[14]" (NodeType.VARIABLE) 到待查找列表 [register_node_list:385] [unilabos.utils.log.post_process]
26-07-30 [23:17:50,820] [DEBUG] 添加节点 "S07位置6二维码[15]" (NodeType.VARIABLE) 到待查找列表 [register_node_list:385] [unilabos.utils.log.post_process]
26-07-30 [23:17:50,820] [DEBUG] 添加节点 "S07位置6二维码[16]" (NodeType.VARIABLE) 到待查找列表 [register_node_list:385] [unilabos.utils.log.post_process]
26-07-30 [23:17:50,820] [DEBUG] 添加节点 "S07位置6二维码[17]" (NodeType.VARIABLE) 到待查找列表 [register_node_list:385] [unilabos.utils.log.post_process]
26-07-30 [23:17:50,820] [DEBUG] 添加节点 "S07位置6二维码[18]" (NodeType.VARIABLE) 到待查找列表 [register_node_list:385] [unilabos.utils.log.post_process]
26-07-30 [23:17:50,820] [DEBUG] 添加节点 "S07位置6二维码[19]" (NodeType.VARIABLE) 到待查找列表 [register_node_list:385] [unilabos.utils.log.post_process]
26-07-30 [23:17:50,820] [DEBUG] 添加节点 "S07位置6二维码[20]" (NodeType.VARIABLE) 到待查找列表 [register_node_list:385] [unilabos.utils.log.post_process]
26-07-30 [23:17:50,820] [DEBUG] 添加节点 "S07位置6二维码[21]" (NodeType.VARIABLE) 到待查找列表 [register_node_list:385] [unilabos.utils.log.post_process]
26-07-30 [23:17:50,820] [DEBUG] 添加节点 "S07位置6二维码[22]" (NodeType.VARIABLE) 到待查找列表 [register_node_list:385] [unilabos.utils.log.post_process]
26-07-30 [23:17:50,820] [DEBUG] 添加节点 "S07位置6二维码[23]" (NodeType.VARIABLE) 到待查找列表 [register_node_list:385] [unilabos.utils.log.post_process]
26-07-30 [23:17:50,820] [DEBUG] 添加节点 "S07位置6二维码[24]" (NodeType.VARIABLE) 到待查找列表 [register_node_list:385] [unilabos.utils.log.post_process]
26-07-30 [23:17:50,820] [DEBUG] 添加节点 "S07位置6二维码[25]" (NodeType.VARIABLE) 到待查找列表 [register_node_list:385] [unilabos.utils.log.post_process]
26-07-30 [23:17:50,820] [DEBUG] 添加节点 "S07位置6二维码[26]" (NodeType.VARIABLE) 到待查找列表 [register_node_list:385] [unilabos.utils.log.post_process]
26-07-30 [23:17:50,820] [DEBUG] 添加节点 "S07位置6二维码[27]" (NodeType.VARIABLE) 到待查找列表 [register_node_list:385] [unilabos.utils.log.post_process]
26-07-30 [23:17:50,820] [DEBUG] 添加节点 "S07位置6二维码[28]" (NodeType.VARIABLE) 到待查找列表 [register_node_list:385] [unilabos.utils.log.post_process]
26-07-30 [23:17:50,820] [DEBUG] 添加节点 "S07位置6二维码[29]" (NodeType.VARIABLE) 到待查找列表 [register_node_list:385] [unilabos.utils.log.post_process]
26-07-30 [23:17:50,820] [DEBUG] 添加节点 "S07位置7二维码" (NodeType.VARIABLE) 到待查找列表 [register_node_list:385] [unilabos.utils.log.post_process]
26-07-30 [23:17:50,820] [DEBUG] 添加节点 "S07位置7二维码[0]" (NodeType.VARIABLE) 到待查找列表 [register_node_list:385] [unilabos.utils.log.post_process]
26-07-30 [23:17:50,820] [DEBUG] 添加节点 "S07位置7二维码[1]" (NodeType.VARIABLE) 到待查找列表 [register_node_list:385] [unilabos.utils.log.post_process]
26-07-30 [23:17:50,820] [DEBUG] 添加节点 "S07位置7二维码[2]" (NodeType.VARIABLE) 到待查找列表 [register_node_list:385] [unilabos.utils.log.post_process]
26-07-30 [23:17:50,820] [DEBUG] 添加节点 "S07位置7二维码[3]" (NodeType.VARIABLE) 到待查找列表 [register_node_list:385] [unilabos.utils.log.post_process]
26-07-30 [23:17:50,820] [DEBUG] 添加节点 "S07位置7二维码[4]" (NodeType.VARIABLE) 到待查找列表 [register_node_list:385] [unilabos.utils.log.post_process]
26-07-30 [23:17:50,820] [DEBUG] 添加节点 "S07位置7二维码[5]" (NodeType.VARIABLE) 到待查找列表 [register_node_list:385] [unilabos.utils.log.post_process]
26-07-30 [23:17:50,820] [DEBUG] 添加节点 "S07位置7二维码[6]" (NodeType.VARIABLE) 到待查找列表 [register_node_list:385] [unilabos.utils.log.post_process]
26-07-30 [23:17:50,820] [DEBUG] 添加节点 "S07位置7二维码[7]" (NodeType.VARIABLE) 到待查找列表 [register_node_list:385] [unilabos.utils.log.post_process]
26-07-30 [23:17:50,820] [DEBUG] 添加节点 "S07位置7二维码[8]" (NodeType.VARIABLE) 到待查找列表 [register_node_list:385] [unilabos.utils.log.post_process]
26-07-30 [23:17:50,820] [DEBUG] 添加节点 "S07位置7二维码[9]" (NodeType.VARIABLE) 到待查找列表 [register_node_list:385] [unilabos.utils.log.post_process]
26-07-30 [23:17:50,820] [DEBUG] 添加节点 "S07位置7二维码[10]" (NodeType.VARIABLE) 到待查找列表 [register_node_list:385] [unilabos.utils.log.post_process]
26-07-30 [23:17:50,820] [DEBUG] 添加节点 "S07位置7二维码[11]" (NodeType.VARIABLE) 到待查找列表 [register_node_list:385] [unilabos.utils.log.post_process]
26-07-30 [23:17:50,820] [DEBUG] 添加节点 "S07位置7二维码[12]" (NodeType.VARIABLE) 到待查找列表 [register_node_list:385] [unilabos.utils.log.post_process]
26-07-30 [23:17:50,820] [DEBUG] 添加节点 "S07位置7二维码[13]" (NodeType.VARIABLE) 到待查找列表 [register_node_list:385] [unilabos.utils.log.post_process]
26-07-30 [23:17:50,820] [DEBUG] 添加节点 "S07位置7二维码[14]" (NodeType.VARIABLE) 到待查找列表 [register_node_list:385] [unilabos.utils.log.post_process]
26-07-30 [23:17:50,820] [DEBUG] 添加节点 "S07位置7二维码[15]" (NodeType.VARIABLE) 到待查找列表 [register_node_list:385] [unilabos.utils.log.post_process]
26-07-30 [23:17:50,820] [DEBUG] 添加节点 "S07位置7二维码[16]" (NodeType.VARIABLE) 到待查找列表 [register_node_list:385] [unilabos.utils.log.post_process]
26-07-30 [23:17:50,820] [DEBUG] 添加节点 "S07位置7二维码[17]" (NodeType.VARIABLE) 到待查找列表 [register_node_list:385] [unilabos.utils.log.post_process]
26-07-30 [23:17:50,820] [DEBUG] 添加节点 "S07位置7二维码[18]" (NodeType.VARIABLE) 到待查找列表 [register_node_list:385] [unilabos.utils.log.post_process]
26-07-30 [23:17:50,820] [DEBUG] 添加节点 "S07位置7二维码[19]" (NodeType.VARIABLE) 到待查找列表 [register_node_list:385] [unilabos.utils.log.post_process]
26-07-30 [23:17:50,820] [DEBUG] 添加节点 "S07位置7二维码[20]" (NodeType.VARIABLE) 到待查找列表 [register_node_list:385] [unilabos.utils.log.post_process]
26-07-30 [23:17:50,820] [DEBUG] 添加节点 "S07位置7二维码[21]" (NodeType.VARIABLE) 到待查找列表 [register_node_list:385] [unilabos.utils.log.post_process]
26-07-30 [23:17:50,820] [DEBUG] 添加节点 "S07位置7二维码[22]" (NodeType.VARIABLE) 到待查找列表 [register_node_list:385] [unilabos.utils.log.post_process]
26-07-30 [23:17:50,820] [DEBUG] 添加节点 "S07位置7二维码[23]" (NodeType.VARIABLE) 到待查找列表 [register_node_list:385] [unilabos.utils.log.post_process]
26-07-30 [23:17:50,820] [DEBUG] 添加节点 "S07位置7二维码[24]" (NodeType.VARIABLE) 到待查找列表 [register_node_list:385] [unilabos.utils.log.post_process]
26-07-30 [23:17:50,820] [DEBUG] 添加节点 "S07位置7二维码[25]" (NodeType.VARIABLE) 到待查找列表 [register_node_list:385] [unilabos.utils.log.post_process]
26-07-30 [23:17:50,820] [DEBUG] 添加节点 "S07位置7二维码[26]" (NodeType.VARIABLE) 到待查找列表 [register_node_list:385] [unilabos.utils.log.post_process]
26-07-30 [23:17:50,820] [DEBUG] 添加节点 "S07位置7二维码[27]" (NodeType.VARIABLE) 到待查找列表 [register_node_list:385] [unilabos.utils.log.post_process]
26-07-30 [23:17:50,820] [DEBUG] 添加节点 "S07位置7二维码[28]" (NodeType.VARIABLE) 到待查找列表 [register_node_list:385] [unilabos.utils.log.post_process]
26-07-30 [23:17:50,820] [DEBUG] 添加节点 "S07位置7二维码[29]" (NodeType.VARIABLE) 到待查找列表 [register_node_list:385] [unilabos.utils.log.post_process]
26-07-30 [23:17:50,820] [DEBUG] 添加节点 "S07位置8二维码" (NodeType.VARIABLE) 到待查找列表 [register_node_list:385] [unilabos.utils.log.post_process]
26-07-30 [23:17:50,820] [DEBUG] 添加节点 "S07位置8二维码[0]" (NodeType.VARIABLE) 到待查找列表 [register_node_list:385] [unilabos.utils.log.post_process]
26-07-30 [23:17:50,820] [DEBUG] 添加节点 "S07位置8二维码[1]" (NodeType.VARIABLE) 到待查找列表 [register_node_list:385] [unilabos.utils.log.post_process]
26-07-30 [23:17:50,820] [DEBUG] 添加节点 "S07位置8二维码[2]" (NodeType.VARIABLE) 到待查找列表 [register_node_list:385] [unilabos.utils.log.post_process]
26-07-30 [23:17:50,820] [DEBUG] 添加节点 "S07位置8二维码[3]" (NodeType.VARIABLE) 到待查找列表 [register_node_list:385] [unilabos.utils.log.post_process]
26-07-30 [23:17:50,820] [DEBUG] 添加节点 "S07位置8二维码[4]" (NodeType.VARIABLE) 到待查找列表 [register_node_list:385] [unilabos.utils.log.post_process]
26-07-30 [23:17:50,820] [DEBUG] 添加节点 "S07位置8二维码[5]" (NodeType.VARIABLE) 到待查找列表 [register_node_list:385] [unilabos.utils.log.post_process]
26-07-30 [23:17:50,820] [DEBUG] 添加节点 "S07位置8二维码[6]" (NodeType.VARIABLE) 到待查找列表 [register_node_list:385] [unilabos.utils.log.post_process]
26-07-30 [23:17:50,820] [DEBUG] 添加节点 "S07位置8二维码[7]" (NodeType.VARIABLE) 到待查找列表 [register_node_list:385] [unilabos.utils.log.post_process]
26-07-30 [23:17:50,820] [DEBUG] 添加节点 "S07位置8二维码[8]" (NodeType.VARIABLE) 到待查找列表 [register_node_list:385] [unilabos.utils.log.post_process]
26-07-30 [23:17:50,820] [DEBUG] 添加节点 "S07位置8二维码[9]" (NodeType.VARIABLE) 到待查找列表 [register_node_list:385] [unilabos.utils.log.post_process]
26-07-30 [23:17:50,820] [DEBUG] 添加节点 "S07位置8二维码[10]" (NodeType.VARIABLE) 到待查找列表 [register_node_list:385] [unilabos.utils.log.post_process]
26-07-30 [23:17:50,820] [DEBUG] 添加节点 "S07位置8二维码[11]" (NodeType.VARIABLE) 到待查找列表 [register_node_list:385] [unilabos.utils.log.post_process]
26-07-30 [23:17:50,820] [DEBUG] 添加节点 "S07位置8二维码[12]" (NodeType.VARIABLE) 到待查找列表 [register_node_list:385] [unilabos.utils.log.post_process]
26-07-30 [23:17:50,820] [DEBUG] 添加节点 "S07位置8二维码[13]" (NodeType.VARIABLE) 到待查找列表 [register_node_list:385] [unilabos.utils.log.post_process]
26-07-30 [23:17:50,820] [DEBUG] 添加节点 "S07位置8二维码[14]" (NodeType.VARIABLE) 到待查找列表 [register_node_list:385] [unilabos.utils.log.post_process]
26-07-30 [23:17:50,820] [DEBUG] 添加节点 "S07位置8二维码[15]" (NodeType.VARIABLE) 到待查找列表 [register_node_list:385] [unilabos.utils.log.post_process]
26-07-30 [23:17:50,820] [DEBUG] 添加节点 "S07位置8二维码[16]" (NodeType.VARIABLE) 到待查找列表 [register_node_list:385] [unilabos.utils.log.post_process]
26-07-30 [23:17:50,820] [DEBUG] 添加节点 "S07位置8二维码[17]" (NodeType.VARIABLE) 到待查找列表 [register_node_list:385] [unilabos.utils.log.post_process]
26-07-30 [23:17:50,820] [DEBUG] 添加节点 "S07位置8二维码[18]" (NodeType.VARIABLE) 到待查找列表 [register_node_list:385] [unilabos.utils.log.post_process]
26-07-30 [23:17:50,820] [DEBUG] 添加节点 "S07位置8二维码[19]" (NodeType.VARIABLE) 到待查找列表 [register_node_list:385] [unilabos.utils.log.post_process]
26-07-30 [23:17:50,820] [DEBUG] 添加节点 "S07位置8二维码[20]" (NodeType.VARIABLE) 到待查找列表 [register_node_list:385] [unilabos.utils.log.post_process]
26-07-30 [23:17:50,820] [DEBUG] 添加节点 "S07位置8二维码[21]" (NodeType.VARIABLE) 到待查找列表 [register_node_list:385] [unilabos.utils.log.post_process]
26-07-30 [23:17:50,820] [DEBUG] 添加节点 "S07位置8二维码[22]" (NodeType.VARIABLE) 到待查找列表 [register_node_list:385] [unilabos.utils.log.post_process]
26-07-30 [23:17:50,820] [DEBUG] 添加节点 "S07位置8二维码[23]" (NodeType.VARIABLE) 到待查找列表 [register_node_list:385] [unilabos.utils.log.post_process]
26-07-30 [23:17:50,820] [DEBUG] 添加节点 "S07位置8二维码[24]" (NodeType.VARIABLE) 到待查找列表 [register_node_list:385] [unilabos.utils.log.post_process]
26-07-30 [23:17:50,820] [DEBUG] 添加节点 "S07位置8二维码[25]" (NodeType.VARIABLE) 到待查找列表 [register_node_list:385] [unilabos.utils.log.post_process]
26-07-30 [23:17:50,820] [DEBUG] 添加节点 "S07位置8二维码[26]" (NodeType.VARIABLE) 到待查找列表 [register_node_list:385] [unilabos.utils.log.post_process]
26-07-30 [23:17:50,820] [DEBUG] 添加节点 "S07位置8二维码[27]" (NodeType.VARIABLE) 到待查找列表 [register_node_list:385] [unilabos.utils.log.post_process]
26-07-30 [23:17:50,820] [DEBUG] 添加节点 "S07位置8二维码[28]" (NodeType.VARIABLE) 到待查找列表 [register_node_list:385] [unilabos.utils.log.post_process]
26-07-30 [23:17:50,820] [DEBUG] 添加节点 "S07位置8二维码[29]" (NodeType.VARIABLE) 到待查找列表 [register_node_list:385] [unilabos.utils.log.post_process]
26-07-30 [23:17:50,820] [DEBUG] 添加节点 "S07位置9二维码" (NodeType.VARIABLE) 到待查找列表 [register_node_list:385] [unilabos.utils.log.post_process]
26-07-30 [23:17:50,820] [DEBUG] 添加节点 "S07位置9二维码[0]" (NodeType.VARIABLE) 到待查找列表 [register_node_list:385] [unilabos.utils.log.post_process]
26-07-30 [23:17:50,820] [DEBUG] 添加节点 "S07位置9二维码[1]" (NodeType.VARIABLE) 到待查找列表 [register_node_list:385] [unilabos.utils.log.post_process]
26-07-30 [23:17:50,820] [DEBUG] 添加节点 "S07位置9二维码[2]" (NodeType.VARIABLE) 到待查找列表 [register_node_list:385] [unilabos.utils.log.post_process]
26-07-30 [23:17:50,820] [DEBUG] 添加节点 "S07位置9二维码[3]" (NodeType.VARIABLE) 到待查找列表 [register_node_list:385] [unilabos.utils.log.post_process]
26-07-30 [23:17:50,820] [DEBUG] 添加节点 "S07位置9二维码[4]" (NodeType.VARIABLE) 到待查找列表 [register_node_list:385] [unilabos.utils.log.post_process]
26-07-30 [23:17:50,820] [DEBUG] 添加节点 "S07位置9二维码[5]" (NodeType.VARIABLE) 到待查找列表 [register_node_list:385] [unilabos.utils.log.post_process]
26-07-30 [23:17:50,821] [DEBUG] 添加节点 "S07位置9二维码[6]" (NodeType.VARIABLE) 到待查找列表 [register_node_list:385] [unilabos.utils.log.post_process]
26-07-30 [23:17:50,821] [DEBUG] 添加节点 "S07位置9二维码[7]" (NodeType.VARIABLE) 到待查找列表 [register_node_list:385] [unilabos.utils.log.post_process]
26-07-30 [23:17:50,821] [DEBUG] 添加节点 "S07位置9二维码[8]" (NodeType.VARIABLE) 到待查找列表 [register_node_list:385] [unilabos.utils.log.post_process]
26-07-30 [23:17:50,821] [DEBUG] 添加节点 "S07位置9二维码[9]" (NodeType.VARIABLE) 到待查找列表 [register_node_list:385] [unilabos.utils.log.post_process]
26-07-30 [23:17:50,821] [DEBUG] 添加节点 "S07位置9二维码[10]" (NodeType.VARIABLE) 到待查找列表 [register_node_list:385] [unilabos.utils.log.post_process]
26-07-30 [23:17:50,821] [DEBUG] 添加节点 "S07位置9二维码[11]" (NodeType.VARIABLE) 到待查找列表 [register_node_list:385] [unilabos.utils.log.post_process]
26-07-30 [23:17:50,821] [DEBUG] 添加节点 "S07位置9二维码[12]" (NodeType.VARIABLE) 到待查找列表 [register_node_list:385] [unilabos.utils.log.post_process]
26-07-30 [23:17:50,821] [DEBUG] 添加节点 "S07位置9二维码[13]" (NodeType.VARIABLE) 到待查找列表 [register_node_list:385] [unilabos.utils.log.post_process]
26-07-30 [23:17:50,821] [DEBUG] 添加节点 "S07位置9二维码[14]" (NodeType.VARIABLE) 到待查找列表 [register_node_list:385] [unilabos.utils.log.post_process]
26-07-30 [23:17:50,821] [DEBUG] 添加节点 "S07位置9二维码[15]" (NodeType.VARIABLE) 到待查找列表 [register_node_list:385] [unilabos.utils.log.post_process]
26-07-30 [23:17:50,821] [DEBUG] 添加节点 "S07位置9二维码[16]" (NodeType.VARIABLE) 到待查找列表 [register_node_list:385] [unilabos.utils.log.post_process]
26-07-30 [23:17:50,821] [DEBUG] 添加节点 "S07位置9二维码[17]" (NodeType.VARIABLE) 到待查找列表 [register_node_list:385] [unilabos.utils.log.post_process]
26-07-30 [23:17:50,821] [DEBUG] 添加节点 "S07位置9二维码[18]" (NodeType.VARIABLE) 到待查找列表 [register_node_list:385] [unilabos.utils.log.post_process]
26-07-30 [23:17:50,821] [DEBUG] 添加节点 "S07位置9二维码[19]" (NodeType.VARIABLE) 到待查找列表 [register_node_list:385] [unilabos.utils.log.post_process]
26-07-30 [23:17:50,821] [DEBUG] 添加节点 "S07位置9二维码[20]" (NodeType.VARIABLE) 到待查找列表 [register_node_list:385] [unilabos.utils.log.post_process]
26-07-30 [23:17:50,821] [DEBUG] 添加节点 "S07位置9二维码[21]" (NodeType.VARIABLE) 到待查找列表 [register_node_list:385] [unilabos.utils.log.post_process]
26-07-30 [23:17:50,821] [DEBUG] 添加节点 "S07位置9二维码[22]" (NodeType.VARIABLE) 到待查找列表 [register_node_list:385] [unilabos.utils.log.post_process]
26-07-30 [23:17:50,821] [DEBUG] 添加节点 "S07位置9二维码[23]" (NodeType.VARIABLE) 到待查找列表 [register_node_list:385] [unilabos.utils.log.post_process]
26-07-30 [23:17:50,821] [DEBUG] 添加节点 "S07位置9二维码[24]" (NodeType.VARIABLE) 到待查找列表 [register_node_list:385] [unilabos.utils.log.post_process]
26-07-30 [23:17:50,821] [DEBUG] 添加节点 "S07位置9二维码[25]" (NodeType.VARIABLE) 到待查找列表 [register_node_list:385] [unilabos.utils.log.post_process]
26-07-30 [23:17:50,821] [DEBUG] 添加节点 "S07位置9二维码[26]" (NodeType.VARIABLE) 到待查找列表 [register_node_list:385] [unilabos.utils.log.post_process]
26-07-30 [23:17:50,821] [DEBUG] 添加节点 "S07位置9二维码[27]" (NodeType.VARIABLE) 到待查找列表 [register_node_list:385] [unilabos.utils.log.post_process]
26-07-30 [23:17:50,821] [DEBUG] 添加节点 "S07位置9二维码[28]" (NodeType.VARIABLE) 到待查找列表 [register_node_list:385] [unilabos.utils.log.post_process]
26-07-30 [23:17:50,821] [DEBUG] 添加节点 "S07位置9二维码[29]" (NodeType.VARIABLE) 到待查找列表 [register_node_list:385] [unilabos.utils.log.post_process]
26-07-30 [23:17:50,821] [DEBUG] 添加节点 "S07位置10二维码" (NodeType.VARIABLE) 到待查找列表 [register_node_list:385] [unilabos.utils.log.post_process]
26-07-30 [23:17:50,821] [DEBUG] 添加节点 "S07位置10二维码[0]" (NodeType.VARIABLE) 到待查找列表 [register_node_list:385] [unilabos.utils.log.post_process]
26-07-30 [23:17:50,821] [DEBUG] 添加节点 "S07位置10二维码[1]" (NodeType.VARIABLE) 到待查找列表 [register_node_list:385] [unilabos.utils.log.post_process]
26-07-30 [23:17:50,821] [DEBUG] 添加节点 "S07位置10二维码[2]" (NodeType.VARIABLE) 到待查找列表 [register_node_list:385] [unilabos.utils.log.post_process]
26-07-30 [23:17:50,821] [DEBUG] 添加节点 "S07位置10二维码[3]" (NodeType.VARIABLE) 到待查找列表 [register_node_list:385] [unilabos.utils.log.post_process]
26-07-30 [23:17:50,821] [DEBUG] 添加节点 "S07位置10二维码[4]" (NodeType.VARIABLE) 到待查找列表 [register_node_list:385] [unilabos.utils.log.post_process]
26-07-30 [23:17:50,821] [DEBUG] 添加节点 "S07位置10二维码[5]" (NodeType.VARIABLE) 到待查找列表 [register_node_list:385] [unilabos.utils.log.post_process]
26-07-30 [23:17:50,821] [DEBUG] 添加节点 "S07位置10二维码[6]" (NodeType.VARIABLE) 到待查找列表 [register_node_list:385] [unilabos.utils.log.post_process]
26-07-30 [23:17:50,821] [DEBUG] 添加节点 "S07位置10二维码[7]" (NodeType.VARIABLE) 到待查找列表 [register_node_list:385] [unilabos.utils.log.post_process]
26-07-30 [23:17:50,821] [DEBUG] 添加节点 "S07位置10二维码[8]" (NodeType.VARIABLE) 到待查找列表 [register_node_list:385] [unilabos.utils.log.post_process]
26-07-30 [23:17:50,821] [DEBUG] 添加节点 "S07位置10二维码[9]" (NodeType.VARIABLE) 到待查找列表 [register_node_list:385] [unilabos.utils.log.post_process]
26-07-30 [23:17:50,821] [DEBUG] 添加节点 "S07位置10二维码[10]" (NodeType.VARIABLE) 到待查找列表 [register_node_list:385] [unilabos.utils.log.post_process]
26-07-30 [23:17:50,821] [DEBUG] 添加节点 "S07位置10二维码[11]" (NodeType.VARIABLE) 到待查找列表 [register_node_list:385] [unilabos.utils.log.post_process]
26-07-30 [23:17:50,821] [DEBUG] 添加节点 "S07位置10二维码[12]" (NodeType.VARIABLE) 到待查找列表 [register_node_list:385] [unilabos.utils.log.post_process]
26-07-30 [23:17:50,821] [DEBUG] 添加节点 "S07位置10二维码[13]" (NodeType.VARIABLE) 到待查找列表 [register_node_list:385] [unilabos.utils.log.post_process]
26-07-30 [23:17:50,821] [DEBUG] 添加节点 "S07位置10二维码[14]" (NodeType.VARIABLE) 到待查找列表 [register_node_list:385] [unilabos.utils.log.post_process]
26-07-30 [23:17:50,821] [DEBUG] 添加节点 "S07位置10二维码[15]" (NodeType.VARIABLE) 到待查找列表 [register_node_list:385] [unilabos.utils.log.post_process]
26-07-30 [23:17:50,821] [DEBUG] 添加节点 "S07位置10二维码[16]" (NodeType.VARIABLE) 到待查找列表 [register_node_list:385] [unilabos.utils.log.post_process]
26-07-30 [23:17:50,821] [DEBUG] 添加节点 "S07位置10二维码[17]" (NodeType.VARIABLE) 到待查找列表 [register_node_list:385] [unilabos.utils.log.post_process]
26-07-30 [23:17:50,821] [DEBUG] 添加节点 "S07位置10二维码[18]" (NodeType.VARIABLE) 到待查找列表 [register_node_list:385] [unilabos.utils.log.post_process]
26-07-30 [23:17:50,821] [DEBUG] 添加节点 "S07位置10二维码[19]" (NodeType.VARIABLE) 到待查找列表 [register_node_list:385] [unilabos.utils.log.post_process]
26-07-30 [23:17:50,821] [DEBUG] 添加节点 "S07位置10二维码[20]" (NodeType.VARIABLE) 到待查找列表 [register_node_list:385] [unilabos.utils.log.post_process]
26-07-30 [23:17:50,821] [DEBUG] 添加节点 "S07位置10二维码[21]" (NodeType.VARIABLE) 到待查找列表 [register_node_list:385] [unilabos.utils.log.post_process]
26-07-30 [23:17:50,821] [DEBUG] 添加节点 "S07位置10二维码[22]" (NodeType.VARIABLE) 到待查找列表 [register_node_list:385] [unilabos.utils.log.post_process]
26-07-30 [23:17:50,821] [DEBUG] 添加节点 "S07位置10二维码[23]" (NodeType.VARIABLE) 到待查找列表 [register_node_list:385] [unilabos.utils.log.post_process]
26-07-30 [23:17:50,821] [DEBUG] 添加节点 "S07位置10二维码[24]" (NodeType.VARIABLE) 到待查找列表 [register_node_list:385] [unilabos.utils.log.post_process]
26-07-30 [23:17:50,821] [DEBUG] 添加节点 "S07位置10二维码[25]" (NodeType.VARIABLE) 到待查找列表 [register_node_list:385] [unilabos.utils.log.post_process]
26-07-30 [23:17:50,821] [DEBUG] 添加节点 "S07位置10二维码[26]" (NodeType.VARIABLE) 到待查找列表 [register_node_list:385] [unilabos.utils.log.post_process]
26-07-30 [23:17:50,821] [DEBUG] 添加节点 "S07位置10二维码[27]" (NodeType.VARIABLE) 到待查找列表 [register_node_list:385] [unilabos.utils.log.post_process]
26-07-30 [23:17:50,821] [DEBUG] 添加节点 "S07位置10二维码[28]" (NodeType.VARIABLE) 到待查找列表 [register_node_list:385] [unilabos.utils.log.post_process]
26-07-30 [23:17:50,821] [DEBUG] 添加节点 "S07位置10二维码[29]" (NodeType.VARIABLE) 到待查找列表 [register_node_list:385] [unilabos.utils.log.post_process]
26-07-30 [23:17:50,821] [DEBUG] 添加节点 "S03_1取料编号" (NodeType.VARIABLE) 到待查找列表 [register_node_list:385] [unilabos.utils.log.post_process]
26-07-30 [23:17:50,821] [DEBUG] 添加节点 "S03_1放料编号" (NodeType.VARIABLE) 到待查找列表 [register_node_list:385] [unilabos.utils.log.post_process]
26-07-30 [23:17:50,821] [DEBUG] 添加节点 "PLC_R任务号" (NodeType.VARIABLE) 到待查找列表 [register_node_list:385] [unilabos.utils.log.post_process]
26-07-30 [23:17:50,821] [INFO] 节点注册完成：新增 911 个待查找节点，总计 911 个 [register_node_list:387] [unilabos.utils.log.post_process]
26-07-30 [23:17:50,823] [INFO] try to connect client... [_connect:333] [unilabos.utils.log.plc]
26-07-30 [23:17:50,919] [INFO] [Uvicorn.HTTP] 127.0.0.1:35802 - "GET /internal/v1/runtime-actions HTTP/1.1" 503 [send:482] [uvicorn.protocols.http.h11_impl]
26-07-30 [23:17:52,940] [INFO] [Uvicorn.HTTP] 127.0.0.1:35816 - "GET /internal/v1/runtime-actions HTTP/1.1" 503 [send:482] [uvicorn.protocols.http.h11_impl]
26-07-30 [23:17:53,467] [INFO] client connected! [_connect:338] [unilabos.utils.log.plc]
26-07-30 [23:17:53,470] [TRACE] [/devices/szlab_poly_plc] 发布属性: powder_container_occupied, 类型: std_msgs.msg._string.String, 周期: 1.0秒, QoS: 10 [__init__:344] [unilabos.ros.nodes.base_device_node]
26-07-30 [23:17:53,471] [TRACE] [/devices/szlab_poly_plc] 发布属性: registered_variable_count, 类型: std_msgs.msg._int64.Int64, 周期: 5.0秒, QoS: 10 [__init__:344] [unilabos.ros.nodes.base_device_node]
26-07-30 [23:17:53,471] [TRACE] [/devices/szlab_poly_plc] 发布属性: registered_variables, 类型: std_msgs.msg._string.String, 周期: 5.0秒, QoS: 10 [__init__:344] [unilabos.ros.nodes.base_device_node]
26-07-30 [23:17:53,471] [TRACE] [/devices/szlab_poly_plc] 发布属性: s10_liquid_reagent_occupied, 类型: std_msgs.msg._string.String, 周期: 1.0秒, QoS: 10 [__init__:344] [unilabos.ros.nodes.base_device_node]
26-07-30 [23:17:53,471] [TRACE] [/devices/szlab_poly_plc] 发布属性: s11_used_beaker_occupied, 类型: std_msgs.msg._string.String, 周期: 1.0秒, QoS: 10 [__init__:344] [unilabos.ros.nodes.base_device_node]
26-07-30 [23:17:53,471] [TRACE] [/devices/szlab_poly_plc] 发布属性: s11_used_sample_vial_occupied, 类型: std_msgs.msg._string.String, 周期: 1.0秒, QoS: 10 [__init__:344] [unilabos.ros.nodes.base_device_node]
26-07-30 [23:17:53,472] [TRACE] [/devices/szlab_poly_plc] 发布属性: s2_tip_occupied, 类型: std_msgs.msg._string.String, 周期: 1.0秒, QoS: 10 [__init__:344] [unilabos.ros.nodes.base_device_node]
26-07-30 [23:17:53,472] [TRACE] [/devices/szlab_poly_plc] 发布属性: s3_unused_beaker_occupied, 类型: std_msgs.msg._string.String, 周期: 1.0秒, QoS: 10 [__init__:344] [unilabos.ros.nodes.base_device_node]
26-07-30 [23:17:53,472] [TRACE] [/devices/szlab_poly_plc] 发布属性: s3_unused_sample_vial_occupied, 类型: std_msgs.msg._string.String, 周期: 1.0秒, QoS: 10 [__init__:344] [unilabos.ros.nodes.base_device_node]
26-07-30 [23:17:53,472] [TRACE] [/devices/szlab_poly_plc] 发布属性: stack_status, 类型: std_msgs.msg._string.String, 周期: 1.0秒, QoS: 10 [__init__:344] [unilabos.ros.nodes.base_device_node]
26-07-30 [23:17:53,473] [TRACE] [/devices/szlab_poly_plc] 发布动作: _execute_driver_command, 类型: unilabos_msgs.action._str_single_input.StrSingleInput [create_ros_action_server:1856] [unilabos.ros.nodes.base_device_node]
26-07-30 [23:17:53,473] [TRACE] [/devices/szlab_poly_plc] 发布动作: _execute_driver_command_async, 类型: unilabos_msgs.action._str_single_input.StrSingleInput [create_ros_action_server:1856] [unilabos.ros.nodes.base_device_node]
26-07-30 [23:17:53,475] [DEBUG] [/devices/szlab_poly_plc] ROS节点初始化完成 [__init__:806] [unilabos.ros.nodes.base_device_node]
26-07-30 [23:17:53,475] [INFO] [/devices/szlab_poly_plc] 初始化完成 3c8f14e7-e706-41f1-b231-cff090518545 False [__init__:2878] [unilabos.ros.nodes.base_device_node]
26-07-30 [23:17:53,476] [TRACE] [/devices/host_node] [Host Node] Created ActionClient (Local): /devices/szlab_poly_plc/_execute_driver_command [initialize_device:776] [unilabos.ros.nodes.presets.host_node]
26-07-30 [23:17:53,476] [TRACE] [/devices/host_node] [Host Node] Created ActionClient (Local): /devices/szlab_poly_plc/_execute_driver_command_async [initialize_device:776] [unilabos.ros.nodes.presets.host_node]
26-07-30 [23:17:53,476] [INFO] [/devices/host_node] [Host Node] Initializing device: szlab_mixer_robot [initialize_device:743] [unilabos.ros.nodes.presets.host_node]
26-07-30 [23:17:53,481] [TRACE] [/devices/szlab_mixer_robot] 发布动作: _execute_driver_command, 类型: unilabos_msgs.action._str_single_input.StrSingleInput [create_ros_action_server:1856] [unilabos.ros.nodes.base_device_node]
26-07-30 [23:17:53,482] [TRACE] [/devices/szlab_mixer_robot] 发布动作: _execute_driver_command_async, 类型: unilabos_msgs.action._str_single_input.StrSingleInput [create_ros_action_server:1856] [unilabos.ros.nodes.base_device_node]
26-07-30 [23:17:53,483] [DEBUG] [/devices/szlab_mixer_robot] ROS节点初始化完成 [__init__:806] [unilabos.ros.nodes.base_device_node]
26-07-30 [23:17:53,483] [INFO] [/devices/szlab_mixer_robot] 初始化完成 8c33d315-fdf9-4512-a085-d580729eb0c6 False [__init__:2878] [unilabos.ros.nodes.base_device_node]
26-07-30 [23:17:53,484] [TRACE] [/devices/host_node] [Host Node] Created ActionClient (Local): /devices/szlab_mixer_robot/_execute_driver_command [initialize_device:776] [unilabos.ros.nodes.presets.host_node]
26-07-30 [23:17:53,485] [TRACE] [/devices/host_node] [Host Node] Created ActionClient (Local): /devices/szlab_mixer_robot/_execute_driver_command_async [initialize_device:776] [unilabos.ros.nodes.presets.host_node]
26-07-30 [23:17:53,485] [INFO] [/devices/host_node] [Host Node] Initializing device: szlab_mixer_stirrer [initialize_device:743] [unilabos.ros.nodes.presets.host_node]
26-07-30 [23:17:53,487] [TRACE] [/devices/szlab_mixer_stirrer] 发布属性: status, 类型: std_msgs.msg._string.String, 周期: 5.0秒, QoS: 10 [__init__:344] [unilabos.ros.nodes.base_device_node]
26-07-30 [23:17:53,488] [TRACE] [/devices/szlab_mixer_stirrer] 发布动作: _execute_driver_command, 类型: unilabos_msgs.action._str_single_input.StrSingleInput [create_ros_action_server:1856] [unilabos.ros.nodes.base_device_node]
26-07-30 [23:17:53,489] [TRACE] [/devices/szlab_mixer_stirrer] 发布动作: _execute_driver_command_async, 类型: unilabos_msgs.action._str_single_input.StrSingleInput [create_ros_action_server:1856] [unilabos.ros.nodes.base_device_node]
26-07-30 [23:17:53,490] [DEBUG] [/devices/szlab_mixer_stirrer] ROS节点初始化完成 [__init__:806] [unilabos.ros.nodes.base_device_node]
26-07-30 [23:17:53,490] [INFO] [/devices/szlab_mixer_stirrer] 初始化完成 bbceb417-ba1a-4d81-9d87-b5e1c524ed60 False [__init__:2878] [unilabos.ros.nodes.base_device_node]
26-07-30 [23:17:53,491] [TRACE] [/devices/host_node] [Host Node] Created ActionClient (Local): /devices/szlab_mixer_stirrer/_execute_driver_command [initialize_device:776] [unilabos.ros.nodes.presets.host_node]
26-07-30 [23:17:53,492] [TRACE] [/devices/host_node] [Host Node] Created ActionClient (Local): /devices/szlab_mixer_stirrer/_execute_driver_command_async [initialize_device:776] [unilabos.ros.nodes.presets.host_node]
26-07-30 [23:17:53,492] [INFO] [/devices/host_node] [Host Node] Initializing device: szlab_mixer_photoshotting [initialize_device:743] [unilabos.ros.nodes.presets.host_node]
26-07-30 [23:17:53,495] [TRACE] [/devices/szlab_mixer_photoshotting] 发布属性: last_photo_path, 类型: std_msgs.msg._string.String, 周期: 5.0秒, QoS: 10 [__init__:344] [unilabos.ros.nodes.base_device_node]
26-07-30 [23:17:53,495] [TRACE] [/devices/szlab_mixer_photoshotting] 发布属性: last_result, 类型: std_msgs.msg._string.String, 周期: 5.0秒, QoS: 10 [__init__:344] [unilabos.ros.nodes.base_device_node]
26-07-30 [23:17:53,496] [TRACE] [/devices/szlab_mixer_photoshotting] 发布属性: status, 类型: std_msgs.msg._string.String, 周期: 5.0秒, QoS: 10 [__init__:344] [unilabos.ros.nodes.base_device_node]
26-07-30 [23:17:53,496] [TRACE] [/devices/szlab_mixer_photoshotting] 发布动作: _execute_driver_command, 类型: unilabos_msgs.action._str_single_input.StrSingleInput [create_ros_action_server:1856] [unilabos.ros.nodes.base_device_node]
26-07-30 [23:17:53,497] [TRACE] [/devices/szlab_mixer_photoshotting] 发布动作: _execute_driver_command_async, 类型: unilabos_msgs.action._str_single_input.StrSingleInput [create_ros_action_server:1856] [unilabos.ros.nodes.base_device_node]
26-07-30 [23:17:53,499] [DEBUG] [/devices/szlab_mixer_photoshotting] ROS节点初始化完成 [__init__:806] [unilabos.ros.nodes.base_device_node]
26-07-30 [23:17:53,499] [INFO] [/devices/szlab_mixer_photoshotting] 初始化完成 2bccb8a0-96bd-40e2-a8bd-8ec44c67eb05 False [__init__:2878] [unilabos.ros.nodes.base_device_node]
26-07-30 [23:17:53,500] [TRACE] [/devices/host_node] [Host Node] Created ActionClient (Local): /devices/szlab_mixer_photoshotting/_execute_driver_command [initialize_device:776] [unilabos.ros.nodes.presets.host_node]
26-07-30 [23:17:53,501] [TRACE] [/devices/host_node] [Host Node] Created ActionClient (Local): /devices/szlab_mixer_photoshotting/_execute_driver_command_async [initialize_device:776] [unilabos.ros.nodes.presets.host_node]
26-07-30 [23:17:53,501] [INFO] [/devices/host_node] [Host Node] Initializing device: szlab_mixer_pump [initialize_device:743] [unilabos.ros.nodes.presets.host_node]
26-07-30 [23:17:53,504] [TRACE] [/devices/szlab_mixer_pump] 发布属性: status, 类型: std_msgs.msg._string.String, 周期: 5.0秒, QoS: 10 [__init__:344] [unilabos.ros.nodes.base_device_node]
26-07-30 [23:17:53,505] [TRACE] [/devices/szlab_mixer_pump] 发布动作: _execute_driver_command, 类型: unilabos_msgs.action._str_single_input.StrSingleInput [create_ros_action_server:1856] [unilabos.ros.nodes.base_device_node]
26-07-30 [23:17:53,506] [TRACE] [/devices/szlab_mixer_pump] 发布动作: _execute_driver_command_async, 类型: unilabos_msgs.action._str_single_input.StrSingleInput [create_ros_action_server:1856] [unilabos.ros.nodes.base_device_node]
26-07-30 [23:17:53,508] [DEBUG] [/devices/szlab_mixer_pump] ROS节点初始化完成 [__init__:806] [unilabos.ros.nodes.base_device_node]
26-07-30 [23:17:53,508] [INFO] [/devices/szlab_mixer_pump] 初始化完成 6bb0b08c-552e-4f90-a23a-3a2d7942394d False [__init__:2878] [unilabos.ros.nodes.base_device_node]
26-07-30 [23:17:53,509] [TRACE] [/devices/host_node] [Host Node] Created ActionClient (Local): /devices/szlab_mixer_pump/_execute_driver_command [initialize_device:776] [unilabos.ros.nodes.presets.host_node]
26-07-30 [23:17:53,510] [TRACE] [/devices/host_node] [Host Node] Created ActionClient (Local): /devices/szlab_mixer_pump/_execute_driver_command_async [initialize_device:776] [unilabos.ros.nodes.presets.host_node]
26-07-30 [23:17:53,510] [INFO] [/devices/host_node] [Host Node] Initializing device: szlab_s07_solid_addition [initialize_device:743] [unilabos.ros.nodes.presets.host_node]
26-07-30 [23:17:53,513] [TRACE] [/devices/szlab_s07_solid_addition] 发布动作: _execute_driver_command, 类型: unilabos_msgs.action._str_single_input.StrSingleInput [create_ros_action_server:1856] [unilabos.ros.nodes.base_device_node]
26-07-30 [23:17:53,514] [TRACE] [/devices/szlab_s07_solid_addition] 发布动作: _execute_driver_command_async, 类型: unilabos_msgs.action._str_single_input.StrSingleInput [create_ros_action_server:1856] [unilabos.ros.nodes.base_device_node]
26-07-30 [23:17:53,516] [DEBUG] [/devices/szlab_s07_solid_addition] ROS节点初始化完成 [__init__:806] [unilabos.ros.nodes.base_device_node]
26-07-30 [23:17:53,516] [INFO] [/devices/szlab_s07_solid_addition] 初始化完成 c6a72fe5-6847-48fe-b099-15bf4bbbe2d8 False [__init__:2878] [unilabos.ros.nodes.base_device_node]
26-07-30 [23:17:53,517] [TRACE] [/devices/host_node] [Host Node] Created ActionClient (Local): /devices/szlab_s07_solid_addition/_execute_driver_command [initialize_device:776] [unilabos.ros.nodes.presets.host_node]
26-07-30 [23:17:53,519] [TRACE] [/devices/host_node] [Host Node] Created ActionClient (Local): /devices/szlab_s07_solid_addition/_execute_driver_command_async [initialize_device:776] [unilabos.ros.nodes.presets.host_node]
26-07-30 [23:17:53,519] [INFO] [/devices/host_node] [Host Node] Initializing device: szlab_s08_cap_station [initialize_device:743] [unilabos.ros.nodes.presets.host_node]
26-07-30 [23:17:53,559] [INFO] [Uvicorn.HTTP] 127.0.0.1:35820 - "GET /internal/v1/runtime-actions HTTP/1.1" 503 [send:482] [uvicorn.protocols.http.h11_impl]
26-07-30 [23:17:53,563] [TRACE] [/devices/szlab_s08_cap_station] 发布属性: last_s08_status, 类型: std_msgs.msg._string.String, 周期: 2.0秒, QoS: 10 [__init__:344] [unilabos.ros.nodes.base_device_node]
26-07-30 [23:17:53,564] [TRACE] [/devices/szlab_s08_cap_station] 发布动作: _execute_driver_command, 类型: unilabos_msgs.action._str_single_input.StrSingleInput [create_ros_action_server:1856] [unilabos.ros.nodes.base_device_node]
26-07-30 [23:17:53,565] [TRACE] [/devices/szlab_s08_cap_station] 发布动作: _execute_driver_command_async, 类型: unilabos_msgs.action._str_single_input.StrSingleInput [create_ros_action_server:1856] [unilabos.ros.nodes.base_device_node]
26-07-30 [23:17:53,567] [DEBUG] [/devices/szlab_s08_cap_station] ROS节点初始化完成 [__init__:806] [unilabos.ros.nodes.base_device_node]
26-07-30 [23:17:53,567] [INFO] [/devices/szlab_s08_cap_station] 初始化完成 69abea33-3241-42da-b6ef-d23f8c2c2508 False [__init__:2878] [unilabos.ros.nodes.base_device_node]
26-07-30 [23:17:53,568] [TRACE] [/devices/host_node] [Host Node] Created ActionClient (Local): /devices/szlab_s08_cap_station/_execute_driver_command [initialize_device:776] [unilabos.ros.nodes.presets.host_node]
26-07-30 [23:17:53,570] [TRACE] [/devices/host_node] [Host Node] Created ActionClient (Local): /devices/szlab_s08_cap_station/_execute_driver_command_async [initialize_device:776] [unilabos.ros.nodes.presets.host_node]
26-07-30 [23:17:53,570] [INFO] [/devices/host_node] [Host Node] Initializing device: szlab_mixer_pipetting_station [initialize_device:743] [unilabos.ros.nodes.presets.host_node]
26-07-30 [23:17:53,573] [TRACE] [/devices/szlab_mixer_pipetting_station] 发布属性: status, 类型: std_msgs.msg._string.String, 周期: 5.0秒, QoS: 10 [__init__:344] [unilabos.ros.nodes.base_device_node]
26-07-30 [23:17:53,574] [TRACE] [/devices/szlab_mixer_pipetting_station] 发布动作: _execute_driver_command, 类型: unilabos_msgs.action._str_single_input.StrSingleInput [create_ros_action_server:1856] [unilabos.ros.nodes.base_device_node]
26-07-30 [23:17:53,575] [TRACE] [/devices/szlab_mixer_pipetting_station] 发布动作: _execute_driver_command_async, 类型: unilabos_msgs.action._str_single_input.StrSingleInput [create_ros_action_server:1856] [unilabos.ros.nodes.base_device_node]
26-07-30 [23:17:53,578] [DEBUG] [/devices/szlab_mixer_pipetting_station] ROS节点初始化完成 [__init__:806] [unilabos.ros.nodes.base_device_node]
26-07-30 [23:17:53,578] [INFO] [/devices/szlab_mixer_pipetting_station] 初始化完成 a8a3c406-fdc4-47f1-ab58-4c53a27a1794 False [__init__:2878] [unilabos.ros.nodes.base_device_node]
26-07-30 [23:17:53,579] [TRACE] [/devices/host_node] [Host Node] Created ActionClient (Local): /devices/szlab_mixer_pipetting_station/_execute_driver_command [initialize_device:776] [unilabos.ros.nodes.presets.host_node]
26-07-30 [23:17:53,580] [TRACE] [/devices/host_node] [Host Node] Created ActionClient (Local): /devices/szlab_mixer_pipetting_station/_execute_driver_command_async [initialize_device:776] [unilabos.ros.nodes.presets.host_node]
26-07-30 [23:17:53,581] [TRACE] [/devices/host_node] [Host Node] Subscribed to new topic: /devices/szlab_mixer_photoshotting/last_photo_path [update_device_status_subscriptions:844] [unilabos.ros.nodes.presets.host_node]
26-07-30 [23:17:53,582] [TRACE] [/devices/host_node] [Host Node] Subscribed to new topic: /devices/szlab_mixer_photoshotting/last_result [update_device_status_subscriptions:844] [unilabos.ros.nodes.presets.host_node]
26-07-30 [23:17:53,582] [INFO] [Uvicorn.HTTP] 127.0.0.1:35832 - "GET /internal/v1/runtime-actions HTTP/1.1" 503 [send:482] [uvicorn.protocols.http.h11_impl]
26-07-30 [23:17:53,582] [TRACE] [/devices/host_node] [Host Node] Subscribed to new topic: /devices/szlab_mixer_photoshotting/status [update_device_status_subscriptions:844] [unilabos.ros.nodes.presets.host_node]
26-07-30 [23:17:53,583] [TRACE] [/devices/host_node] [Host Node] Subscribed to new topic: /devices/szlab_mixer_pipetting_station/status [update_device_status_subscriptions:844] [unilabos.ros.nodes.presets.host_node]
26-07-30 [23:17:53,583] [TRACE] [/devices/host_node] [Host Node] Subscribed to new topic: /devices/szlab_mixer_pump/status [update_device_status_subscriptions:844] [unilabos.ros.nodes.presets.host_node]
26-07-30 [23:17:53,583] [TRACE] [/devices/host_node] [Host Node] Subscribed to new topic: /devices/szlab_mixer_stirrer/status [update_device_status_subscriptions:844] [unilabos.ros.nodes.presets.host_node]
26-07-30 [23:17:53,584] [TRACE] [/devices/host_node] [Host Node] Subscribed to new topic: /devices/szlab_poly_plc/powder_container_occupied [update_device_status_subscriptions:844] [unilabos.ros.nodes.presets.host_node]
26-07-30 [23:17:53,584] [TRACE] [/devices/host_node] [Host Node] Subscribed to new topic: /devices/szlab_poly_plc/registered_variable_count [update_device_status_subscriptions:844] [unilabos.ros.nodes.presets.host_node]
26-07-30 [23:17:53,584] [TRACE] [/devices/host_node] [Host Node] Subscribed to new topic: /devices/szlab_poly_plc/registered_variables [update_device_status_subscriptions:844] [unilabos.ros.nodes.presets.host_node]
26-07-30 [23:17:53,584] [TRACE] [/devices/host_node] [Host Node] Subscribed to new topic: /devices/szlab_poly_plc/s10_liquid_reagent_occupied [update_device_status_subscriptions:844] [unilabos.ros.nodes.presets.host_node]
26-07-30 [23:17:53,585] [TRACE] [/devices/host_node] [Host Node] Subscribed to new topic: /devices/szlab_poly_plc/s11_used_beaker_occupied [update_device_status_subscriptions:844] [unilabos.ros.nodes.presets.host_node]
26-07-30 [23:17:53,585] [TRACE] [/devices/host_node] [Host Node] Subscribed to new topic: /devices/szlab_poly_plc/s11_used_sample_vial_occupied [update_device_status_subscriptions:844] [unilabos.ros.nodes.presets.host_node]
26-07-30 [23:17:53,585] [TRACE] [/devices/host_node] [Host Node] Subscribed to new topic: /devices/szlab_poly_plc/s2_tip_occupied [update_device_status_subscriptions:844] [unilabos.ros.nodes.presets.host_node]
26-07-30 [23:17:53,585] [TRACE] [/devices/host_node] [Host Node] Subscribed to new topic: /devices/szlab_poly_plc/s3_unused_beaker_occupied [update_device_status_subscriptions:844] [unilabos.ros.nodes.presets.host_node]
26-07-30 [23:17:53,586] [TRACE] [/devices/host_node] [Host Node] Subscribed to new topic: /devices/szlab_poly_plc/s3_unused_sample_vial_occupied [update_device_status_subscriptions:844] [unilabos.ros.nodes.presets.host_node]
26-07-30 [23:17:53,586] [TRACE] [/devices/host_node] [Host Node] Subscribed to new topic: /devices/szlab_poly_plc/stack_status [update_device_status_subscriptions:844] [unilabos.ros.nodes.presets.host_node]
26-07-30 [23:17:53,586] [TRACE] [/devices/host_node] [Host Node] Subscribed to new topic: /devices/szlab_s08_cap_station/last_s08_status [update_device_status_subscriptions:844] [unilabos.ros.nodes.presets.host_node]
26-07-30 [23:17:53,586] [INFO] [/devices/host_node] [Host Node] Host node initialized. [__init__:425] [unilabos.ros.nodes.presets.host_node]
26-07-30 [23:17:53,587] [DEBUG] [/devices/host_node] Host ready signal sent via WebSocketClient [__init__:432] [unilabos.ros.nodes.presets.host_node]
26-07-30 [23:17:53,604] [INFO] [Uvicorn.HTTP] 127.0.0.1:35846 - "GET /internal/v1/runtime-actions HTTP/1.1" 304 [send:482] [uvicorn.protocols.http.h11_impl]
26-07-30 [23:17:53,631] [INFO] [Uvicorn.HTTP] 127.0.0.1:35852 - "GET /internal/v1/runtime-actions HTTP/1.1" 304 [send:482] [uvicorn.protocols.http.h11_impl]
26-07-30 [23:17:53,653] [INFO] [Uvicorn.HTTP] 127.0.0.1:35856 - "GET /internal/v1/runtime-actions HTTP/1.1" 304 [send:482] [uvicorn.protocols.http.h11_impl]
26-07-30 [23:17:53,676] [INFO] [Uvicorn.HTTP] 127.0.0.1:35858 - "GET /internal/v1/runtime-actions HTTP/1.1" 304 [send:482] [uvicorn.protocols.http.h11_impl]
26-07-30 [23:17:53,701] [INFO] [Uvicorn.HTTP] 127.0.0.1:35864 - "GET /internal/v1/runtime-actions HTTP/1.1" 304 [send:482] [uvicorn.protocols.http.h11_impl]
26-07-30 [23:17:53,725] [INFO] [Uvicorn.HTTP] 127.0.0.1:35876 - "GET /internal/v1/runtime-actions HTTP/1.1" 304 [send:482] [uvicorn.protocols.http.h11_impl]
26-07-30 [23:17:53,755] [INFO] [Uvicorn.HTTP] 127.0.0.1:35884 - "GET /internal/v1/runtime-actions HTTP/1.1" 304 [send:482] [uvicorn.protocols.http.h11_impl]
26-07-30 [23:17:53,784] [INFO] [Uvicorn.HTTP] 127.0.0.1:35886 - "GET /internal/v1/runtime-actions HTTP/1.1" 304 [send:482] [uvicorn.protocols.http.h11_impl]
26-07-30 [23:17:54,471] [TRACE] [/devices/szlab_poly_plc] 【.get_property】获取同步属性: powder_container_occupied [get_property:371] [unilabos.ros.nodes.base_device_node]
26-07-30 [23:17:54,472] [DEBUG] 使用节点: '传感器状态_上位机[3].NO[8]', NodeId: ns=4;s=上位机通讯|传感器状态_上位机[3].NO[8] [use_node:345] [unilabos.utils.log.post_process]
26-07-30 [23:17:54,710] [DEBUG] 使用节点: '传感器状态_上位机[3].NO[9]', NodeId: ns=4;s=上位机通讯|传感器状态_上位机[3].NO[9] [use_node:345] [unilabos.utils.log.post_process]
26-07-30 [23:17:54,948] [DEBUG] 使用节点: '传感器状态_上位机[3].NO[10]', NodeId: ns=4;s=上位机通讯|传感器状态_上位机[3].NO[10] [use_node:345] [unilabos.utils.log.post_process]
26-07-30 [23:17:55,148] [INFO] [Uvicorn.HTTP] 127.0.0.1:35900 - "GET /internal/v1/runtime-actions HTTP/1.1" 200 [send:482] [uvicorn.protocols.http.h11_impl]
26-07-30 [23:17:55,186] [DEBUG] 使用节点: '传感器状态_上位机[3].NO[11]', NodeId: ns=4;s=上位机通讯|传感器状态_上位机[3].NO[11] [use_node:345] [unilabos.utils.log.post_process]
26-07-30 [23:17:55,424] [DEBUG] 使用节点: '传感器状态_上位机[3].NO[12]', NodeId: ns=4;s=上位机通讯|传感器状态_上位机[3].NO[12] [use_node:345] [unilabos.utils.log.post_process]
26-07-30 [23:17:55,564] [TRACE] [/devices/szlab_s08_cap_station] 【.get_property】获取同步属性: last_s08_status [get_property:371] [unilabos.ros.nodes.base_device_node]
26-07-30 [23:17:55,565] [TRACE] [/devices/host_node] Status created: szlab_s08_cap_station.last_s08_status = {} [property_callback:884] [unilabos.ros.nodes.presets.host_node]
26-07-30 [23:17:55,662] [DEBUG] 使用节点: '传感器状态_上位机[3].NO[13]', NodeId: ns=4;s=上位机通讯|传感器状态_上位机[3].NO[13] [use_node:345] [unilabos.utils.log.post_process]
26-07-30 [23:17:55,902] [TRACE] [/devices/host_node] Status created: szlab_poly_plc.powder_container_occupied = {"1-1": false, "1-2": false, "1-3": false, "2-1": false, "2-2": false, "2-3": false} [property_callback:884] [unilabos.ros.nodes.presets.host_node]
26-07-30 [23:17:55,902] [TRACE] [/devices/szlab_poly_plc] 【.get_property】获取同步属性: powder_container_occupied [get_property:371] [unilabos.ros.nodes.base_device_node]
26-07-30 [23:17:55,902] [DEBUG] 使用节点: '传感器状态_上位机[3].NO[8]', NodeId: ns=4;s=上位机通讯|传感器状态_上位机[3].NO[8] [use_node:345] [unilabos.utils.log.post_process]
26-07-30 [23:17:56,141] [DEBUG] 使用节点: '传感器状态_上位机[3].NO[9]', NodeId: ns=4;s=上位机通讯|传感器状态_上位机[3].NO[9] [use_node:345] [unilabos.utils.log.post_process]
26-07-30 [23:17:56,379] [DEBUG] 使用节点: '传感器状态_上位机[3].NO[10]', NodeId: ns=4;s=上位机通讯|传感器状态_上位机[3].NO[10] [use_node:345] [unilabos.utils.log.post_process]
26-07-30 [23:17:56,617] [DEBUG] 使用节点: '传感器状态_上位机[3].NO[11]', NodeId: ns=4;s=上位机通讯|传感器状态_上位机[3].NO[11] [use_node:345] [unilabos.utils.log.post_process]
26-07-30 [23:17:56,855] [DEBUG] 使用节点: '传感器状态_上位机[3].NO[12]', NodeId: ns=4;s=上位机通讯|传感器状态_上位机[3].NO[12] [use_node:345] [unilabos.utils.log.post_process]
26-07-30 [23:17:57,093] [DEBUG] 使用节点: '传感器状态_上位机[3].NO[13]', NodeId: ns=4;s=上位机通讯|传感器状态_上位机[3].NO[13] [use_node:345] [unilabos.utils.log.post_process]
26-07-30 [23:17:57,332] [TRACE] [/devices/szlab_poly_plc] 【.get_property】获取同步属性: powder_container_occupied [get_property:371] [unilabos.ros.nodes.base_device_node]
26-07-30 [23:17:57,332] [DEBUG] 使用节点: '传感器状态_上位机[3].NO[8]', NodeId: ns=4;s=上位机通讯|传感器状态_上位机[3].NO[8] [use_node:345] [unilabos.utils.log.post_process]
26-07-30 [23:17:57,564] [TRACE] [/devices/szlab_s08_cap_station] 【.get_property】获取同步属性: last_s08_status [get_property:371] [unilabos.ros.nodes.base_device_node]
26-07-30 [23:17:58,034] [DEBUG] 使用节点: '传感器状态_上位机[3].NO[9]', NodeId: ns=4;s=上位机通讯|传感器状态_上位机[3].NO[9] [use_node:345] [unilabos.utils.log.post_process]
26-07-30 [23:17:58,272] [DEBUG] 使用节点: '传感器状态_上位机[3].NO[10]', NodeId: ns=4;s=上位机通讯|传感器状态_上位机[3].NO[10] [use_node:345] [unilabos.utils.log.post_process]
26-07-30 [23:17:58,489] [TRACE] [/devices/szlab_mixer_stirrer] 【.get_property】获取同步属性: status [get_property:371] [unilabos.ros.nodes.base_device_node]
26-07-30 [23:17:58,490] [TRACE] [/devices/host_node] Status created: szlab_mixer_stirrer.status = Idle [property_callback:884] [unilabos.ros.nodes.presets.host_node]
26-07-30 [23:17:58,496] [TRACE] [/devices/szlab_mixer_photoshotting] 【.get_property】获取同步属性: last_photo_path [get_property:371] [unilabos.ros.nodes.base_device_node]
26-07-30 [23:17:58,497] [TRACE] [/devices/szlab_mixer_photoshotting] 【.get_property】获取同步属性: last_result [get_property:371] [unilabos.ros.nodes.base_device_node]
26-07-30 [23:17:58,497] [TRACE] [/devices/host_node] Status created: szlab_mixer_photoshotting.last_photo_path =  [property_callback:884] [unilabos.ros.nodes.presets.host_node]
26-07-30 [23:17:58,498] [TRACE] [/devices/host_node] Status created: szlab_mixer_photoshotting.last_result = UNKNOWN [property_callback:884] [unilabos.ros.nodes.presets.host_node]
26-07-30 [23:17:58,498] [TRACE] [/devices/szlab_mixer_photoshotting] 【.get_property】获取同步属性: status [get_property:371] [unilabos.ros.nodes.base_device_node]
26-07-30 [23:17:58,500] [TRACE] [/devices/host_node] Status created: szlab_mixer_photoshotting.status = Idle [property_callback:884] [unilabos.ros.nodes.presets.host_node]
26-07-30 [23:17:58,505] [TRACE] [/devices/szlab_mixer_pump] 【.get_property】获取同步属性: status [get_property:371] [unilabos.ros.nodes.base_device_node]
26-07-30 [23:17:58,506] [TRACE] [/devices/host_node] Status created: szlab_mixer_pump.status = Idle [property_callback:884] [unilabos.ros.nodes.presets.host_node]
26-07-30 [23:17:58,575] [TRACE] [/devices/szlab_mixer_pipetting_station] 【.get_property】获取同步属性: status [get_property:371] [unilabos.ros.nodes.base_device_node]
26-07-30 [23:17:58,576] [TRACE] [/devices/host_node] Status created: szlab_mixer_pipetting_station.status = Idle [property_callback:884] [unilabos.ros.nodes.presets.host_node]
26-07-30 [23:17:58,961] [DEBUG] 使用节点: '传感器状态_上位机[3].NO[11]', NodeId: ns=4;s=上位机通讯|传感器状态_上位机[3].NO[11] [use_node:345] [unilabos.utils.log.post_process]
26-07-30 [23:17:59,199] [DEBUG] 使用节点: '传感器状态_上位机[3].NO[12]', NodeId: ns=4;s=上位机通讯|传感器状态_上位机[3].NO[12] [use_node:345] [unilabos.utils.log.post_process]
26-07-30 [23:17:59,564] [TRACE] [/devices/szlab_s08_cap_station] 【.get_property】获取同步属性: last_s08_status [get_property:371] [unilabos.ros.nodes.base_device_node]
26-07-30 [23:17:59,889] [DEBUG] 使用节点: '传感器状态_上位机[3].NO[13]', NodeId: ns=4;s=上位机通讯|传感器状态_上位机[3].NO[13] [use_node:345] [unilabos.utils.log.post_process]
26-07-30 [23:18:00,130] [TRACE] [/devices/szlab_poly_plc] 【.get_property】获取同步属性: powder_container_occupied [get_property:371] [unilabos.ros.nodes.base_device_node]
26-07-30 [23:18:00,130] [DEBUG] 使用节点: '传感器状态_上位机[3].NO[8]', NodeId: ns=4;s=上位机通讯|传感器状态_上位机[3].NO[8] [use_node:345] [unilabos.utils.log.post_process]
26-07-30 [23:18:00,368] [DEBUG] 使用节点: '传感器状态_上位机[3].NO[9]', NodeId: ns=4;s=上位机通讯|传感器状态_上位机[3].NO[9] [use_node:345] [unilabos.utils.log.post_process]
26-07-30 [23:18:00,606] [DEBUG] 使用节点: '传感器状态_上位机[3].NO[10]', NodeId: ns=4;s=上位机通讯|传感器状态_上位机[3].NO[10] [use_node:345] [unilabos.utils.log.post_process]
26-07-30 [23:18:00,843] [DEBUG] 使用节点: '传感器状态_上位机[3].NO[11]', NodeId: ns=4;s=上位机通讯|传感器状态_上位机[3].NO[11] [use_node:345] [unilabos.utils.log.post_process]
26-07-30 [23:18:01,081] [DEBUG] 使用节点: '传感器状态_上位机[3].NO[12]', NodeId: ns=4;s=上位机通讯|传感器状态_上位机[3].NO[12] [use_node:345] [unilabos.utils.log.post_process]
26-07-30 [23:18:01,564] [TRACE] [/devices/szlab_s08_cap_station] 【.get_property】获取同步属性: last_s08_status [get_property:371] [unilabos.ros.nodes.base_device_node]
26-07-30 [23:18:01,665] [INFO] [Uvicorn.HTTP] 127.0.0.1:60694 - "GET /internal/v1/runtime-actions HTTP/1.1" 200 [send:482] [uvicorn.protocols.http.h11_impl]
26-07-30 [23:18:01,777] [DEBUG] 使用节点: '传感器状态_上位机[3].NO[13]', NodeId: ns=4;s=上位机通讯|传感器状态_上位机[3].NO[13] [use_node:345] [unilabos.utils.log.post_process]
26-07-30 [23:18:02,017] [TRACE] [/devices/szlab_poly_plc] 【.get_property】获取同步属性: powder_container_occupied [get_property:371] [unilabos.ros.nodes.base_device_node]
26-07-30 [23:18:02,017] [DEBUG] 使用节点: '传感器状态_上位机[3].NO[8]', NodeId: ns=4;s=上位机通讯|传感器状态_上位机[3].NO[8] [use_node:345] [unilabos.utils.log.post_process]
26-07-30 [23:18:02,255] [DEBUG] 使用节点: '传感器状态_上位机[3].NO[9]', NodeId: ns=4;s=上位机通讯|传感器状态_上位机[3].NO[9] [use_node:345] [unilabos.utils.log.post_process]
26-07-30 [23:18:02,493] [DEBUG] 使用节点: '传感器状态_上位机[3].NO[10]', NodeId: ns=4;s=上位机通讯|传感器状态_上位机[3].NO[10] [use_node:345] [unilabos.utils.log.post_process]
26-07-30 [23:18:03,185] [DEBUG] 使用节点: '传感器状态_上位机[3].NO[11]', NodeId: ns=4;s=上位机通讯|传感器状态_上位机[3].NO[11] [use_node:345] [unilabos.utils.log.post_process]
26-07-30 [23:18:03,423] [DEBUG] 使用节点: '传感器状态_上位机[3].NO[12]', NodeId: ns=4;s=上位机通讯|传感器状态_上位机[3].NO[12] [use_node:345] [unilabos.utils.log.post_process]
26-07-30 [23:18:03,489] [TRACE] [/devices/szlab_mixer_stirrer] 【.get_property】获取同步属性: status [get_property:371] [unilabos.ros.nodes.base_device_node]
26-07-30 [23:18:03,496] [TRACE] [/devices/szlab_mixer_photoshotting] 【.get_property】获取同步属性: last_photo_path [get_property:371] [unilabos.ros.nodes.base_device_node]
26-07-30 [23:18:03,498] [TRACE] [/devices/szlab_mixer_photoshotting] 【.get_property】获取同步属性: last_result [get_property:371] [unilabos.ros.nodes.base_device_node]
26-07-30 [23:18:03,500] [TRACE] [/devices/szlab_mixer_photoshotting] 【.get_property】获取同步属性: status [get_property:371] [unilabos.ros.nodes.base_device_node]
26-07-30 [23:18:03,505] [TRACE] [/devices/szlab_mixer_pump] 【.get_property】获取同步属性: status [get_property:371] [unilabos.ros.nodes.base_device_node]
26-07-30 [23:18:03,564] [TRACE] [/devices/szlab_s08_cap_station] 【.get_property】获取同步属性: last_s08_status [get_property:371] [unilabos.ros.nodes.base_device_node]
26-07-30 [23:18:03,574] [TRACE] [/devices/szlab_mixer_pipetting_station] 【.get_property】获取同步属性: status [get_property:371] [unilabos.ros.nodes.base_device_node]
26-07-30 [23:18:03,661] [DEBUG] 使用节点: '传感器状态_上位机[3].NO[13]', NodeId: ns=4;s=上位机通讯|传感器状态_上位机[3].NO[13] [use_node:345] [unilabos.utils.log.post_process]
26-07-30 [23:18:03,902] [TRACE] [/devices/szlab_poly_plc] 【.get_property】获取同步属性: powder_container_occupied [get_property:371] [unilabos.ros.nodes.base_device_node]
26-07-30 [23:18:03,903] [DEBUG] 使用节点: '传感器状态_上位机[3].NO[8]', NodeId: ns=4;s=上位机通讯|传感器状态_上位机[3].NO[8] [use_node:345] [unilabos.utils.log.post_process]
26-07-30 [23:18:04,140] [DEBUG] 使用节点: '传感器状态_上位机[3].NO[9]', NodeId: ns=4;s=上位机通讯|传感器状态_上位机[3].NO[9] [use_node:345] [unilabos.utils.log.post_process]
26-07-30 [23:18:04,378] [DEBUG] 使用节点: '传感器状态_上位机[3].NO[10]', NodeId: ns=4;s=上位机通讯|传感器状态_上位机[3].NO[10] [use_node:345] [unilabos.utils.log.post_process]
26-07-30 [23:18:04,616] [DEBUG] 使用节点: '传感器状态_上位机[3].NO[11]', NodeId: ns=4;s=上位机通讯|传感器状态_上位机[3].NO[11] [use_node:345] [unilabos.utils.log.post_process]
26-07-30 [23:18:04,854] [DEBUG] 使用节点: '传感器状态_上位机[3].NO[12]', NodeId: ns=4;s=上位机通讯|传感器状态_上位机[3].NO[12] [use_node:345] [unilabos.utils.log.post_process]
26-07-30 [23:18:05,553] [DEBUG] 使用节点: '传感器状态_上位机[3].NO[13]', NodeId: ns=4;s=上位机通讯|传感器状态_上位机[3].NO[13] [use_node:345] [unilabos.utils.log.post_process]
26-07-30 [23:18:05,564] [TRACE] [/devices/szlab_s08_cap_station] 【.get_property】获取同步属性: last_s08_status [get_property:371] [unilabos.ros.nodes.base_device_node]
26-07-30 [23:18:05,793] [TRACE] [/devices/szlab_poly_plc] 【.get_property】获取同步属性: powder_container_occupied [get_property:371] [unilabos.ros.nodes.base_device_node]
26-07-30 [23:18:05,794] [DEBUG] 使用节点: '传感器状态_上位机[3].NO[8]', NodeId: ns=4;s=上位机通讯|传感器状态_上位机[3].NO[8] [use_node:345] [unilabos.utils.log.post_process]
26-07-30 [23:18:06,031] [DEBUG] 使用节点: '传感器状态_上位机[3].NO[9]', NodeId: ns=4;s=上位机通讯|传感器状态_上位机[3].NO[9] [use_node:345] [unilabos.utils.log.post_process]
26-07-30 [23:18:06,269] [DEBUG] 使用节点: '传感器状态_上位机[3].NO[10]', NodeId: ns=4;s=上位机通讯|传感器状态_上位机[3].NO[10] [use_node:345] [unilabos.utils.log.post_process]
26-07-30 [23:18:06,961] [DEBUG] 使用节点: '传感器状态_上位机[3].NO[11]', NodeId: ns=4;s=上位机通讯|传感器状态_上位机[3].NO[11] [use_node:345] [unilabos.utils.log.post_process]
26-07-30 [23:18:07,199] [DEBUG] 使用节点: '传感器状态_上位机[3].NO[12]', NodeId: ns=4;s=上位机通讯|传感器状态_上位机[3].NO[12] [use_node:345] [unilabos.utils.log.post_process]
26-07-30 [23:18:07,437] [DEBUG] 使用节点: '传感器状态_上位机[3].NO[13]', NodeId: ns=4;s=上位机通讯|传感器状态_上位机[3].NO[13] [use_node:345] [unilabos.utils.log.post_process]
26-07-30 [23:18:07,564] [TRACE] [/devices/szlab_s08_cap_station] 【.get_property】获取同步属性: last_s08_status [get_property:371] [unilabos.ros.nodes.base_device_node]
26-07-30 [23:18:07,677] [TRACE] [/devices/szlab_poly_plc] 【.get_property】获取同步属性: powder_container_occupied [get_property:371] [unilabos.ros.nodes.base_device_node]
26-07-30 [23:18:07,677] [DEBUG] 使用节点: '传感器状态_上位机[3].NO[8]', NodeId: ns=4;s=上位机通讯|传感器状态_上位机[3].NO[8] [use_node:345] [unilabos.utils.log.post_process]
26-07-30 [23:18:07,915] [DEBUG] 使用节点: '传感器状态_上位机[3].NO[9]', NodeId: ns=4;s=上位机通讯|传感器状态_上位机[3].NO[9] [use_node:345] [unilabos.utils.log.post_process]
26-07-30 [23:18:08,153] [DEBUG] 使用节点: '传感器状态_上位机[3].NO[10]', NodeId: ns=4;s=上位机通讯|传感器状态_上位机[3].NO[10] [use_node:345] [unilabos.utils.log.post_process]
26-07-30 [23:18:08,489] [TRACE] [/devices/szlab_mixer_stirrer] 【.get_property】获取同步属性: status [get_property:371] [unilabos.ros.nodes.base_device_node]
26-07-30 [23:18:08,496] [TRACE] [/devices/szlab_mixer_photoshotting] 【.get_property】获取同步属性: last_photo_path [get_property:371] [unilabos.ros.nodes.base_device_node]
26-07-30 [23:18:08,498] [TRACE] [/devices/szlab_mixer_photoshotting] 【.get_property】获取同步属性: last_result [get_property:371] [unilabos.ros.nodes.base_device_node]
26-07-30 [23:18:08,500] [TRACE] [/devices/szlab_mixer_photoshotting] 【.get_property】获取同步属性: status [get_property:371] [unilabos.ros.nodes.base_device_node]
26-07-30 [23:18:08,505] [TRACE] [/devices/szlab_mixer_pump] 【.get_property】获取同步属性: status [get_property:371] [unilabos.ros.nodes.base_device_node]
26-07-30 [23:18:08,575] [TRACE] [/devices/szlab_mixer_pipetting_station] 【.get_property】获取同步属性: status [get_property:371] [unilabos.ros.nodes.base_device_node]
26-07-30 [23:18:08,587] [TRACE] [/devices/host_node] [Host Node] Discovering devices in the network... [_discover_devices:472] [unilabos.ros.nodes.presets.host_node]
26-07-30 [23:18:08,587] [TRACE] [/devices/host_node] [Host Node] Total online devices: 9 [_discover_devices:525] [unilabos.ros.nodes.presets.host_node]
26-07-30 [23:18:08,849] [DEBUG] 使用节点: '传感器状态_上位机[3].NO[11]', NodeId: ns=4;s=上位机通讯|传感器状态_上位机[3].NO[11] [use_node:345] [unilabos.utils.log.post_process]
26-07-30 [23:18:09,561] [DEBUG] 使用节点: '传感器状态_上位机[3].NO[12]', NodeId: ns=4;s=上位机通讯|传感器状态_上位机[3].NO[12] [use_node:345] [unilabos.utils.log.post_process]
26-07-30 [23:18:09,564] [TRACE] [/devices/szlab_s08_cap_station] 【.get_property】获取同步属性: last_s08_status [get_property:371] [unilabos.ros.nodes.base_device_node]
26-07-30 [23:18:09,799] [DEBUG] 使用节点: '传感器状态_上位机[3].NO[13]', NodeId: ns=4;s=上位机通讯|传感器状态_上位机[3].NO[13] [use_node:345] [unilabos.utils.log.post_process]
26-07-30 [23:18:10,039] [TRACE] [/devices/szlab_poly_plc] 【.get_property】获取同步属性: powder_container_occupied [get_property:371] [unilabos.ros.nodes.base_device_node]
26-07-30 [23:18:10,039] [DEBUG] 使用节点: '传感器状态_上位机[3].NO[8]', NodeId: ns=4;s=上位机通讯|传感器状态_上位机[3].NO[8] [use_node:345] [unilabos.utils.log.post_process]
26-07-30 [23:18:10,277] [DEBUG] 使用节点: '传感器状态_上位机[3].NO[9]', NodeId: ns=4;s=上位机通讯|传感器状态_上位机[3].NO[9] [use_node:345] [unilabos.utils.log.post_process]
26-07-30 [23:18:10,515] [DEBUG] 使用节点: '传感器状态_上位机[3].NO[10]', NodeId: ns=4;s=上位机通讯|传感器状态_上位机[3].NO[10] [use_node:345] [unilabos.utils.log.post_process]
26-07-30 [23:18:10,753] [DEBUG] 使用节点: '传感器状态_上位机[3].NO[11]', NodeId: ns=4;s=上位机通讯|传感器状态_上位机[3].NO[11] [use_node:345] [unilabos.utils.log.post_process]
26-07-30 [23:18:10,991] [DEBUG] 使用节点: '传感器状态_上位机[3].NO[12]', NodeId: ns=4;s=上位机通讯|传感器状态_上位机[3].NO[12] [use_node:345] [unilabos.utils.log.post_process]
26-07-30 [23:18:11,228] [DEBUG] 使用节点: '传感器状态_上位机[3].NO[13]', NodeId: ns=4;s=上位机通讯|传感器状态_上位机[3].NO[13] [use_node:345] [unilabos.utils.log.post_process]
26-07-30 [23:18:11,468] [TRACE] [/devices/szlab_poly_plc] 【.get_property】获取同步属性: powder_container_occupied [get_property:371] [unilabos.ros.nodes.base_device_node]
26-07-30 [23:18:11,469] [DEBUG] 使用节点: '传感器状态_上位机[3].NO[8]', NodeId: ns=4;s=上位机通讯|传感器状态_上位机[3].NO[8] [use_node:345] [unilabos.utils.log.post_process]
26-07-30 [23:18:11,564] [TRACE] [/devices/szlab_s08_cap_station] 【.get_property】获取同步属性: last_s08_status [get_property:371] [unilabos.ros.nodes.base_device_node]
26-07-30 [23:18:11,706] [DEBUG] 使用节点: '传感器状态_上位机[3].NO[9]', NodeId: ns=4;s=上位机通讯|传感器状态_上位机[3].NO[9] [use_node:345] [unilabos.utils.log.post_process]
26-07-30 [23:18:11,944] [DEBUG] 使用节点: '传感器状态_上位机[3].NO[10]', NodeId: ns=4;s=上位机通讯|传感器状态_上位机[3].NO[10] [use_node:345] [unilabos.utils.log.post_process]
26-07-30 [23:18:12,182] [DEBUG] 使用节点: '传感器状态_上位机[3].NO[11]', NodeId: ns=4;s=上位机通讯|传感器状态_上位机[3].NO[11] [use_node:345] [unilabos.utils.log.post_process]
26-07-30 [23:18:12,420] [DEBUG] 使用节点: '传感器状态_上位机[3].NO[12]', NodeId: ns=4;s=上位机通讯|传感器状态_上位机[3].NO[12] [use_node:345] [unilabos.utils.log.post_process]
26-07-30 [23:18:12,658] [DEBUG] 使用节点: '传感器状态_上位机[3].NO[13]', NodeId: ns=4;s=上位机通讯|传感器状态_上位机[3].NO[13] [use_node:345] [unilabos.utils.log.post_process]
26-07-30 [23:18:13,363] [TRACE] [/devices/szlab_poly_plc] 【.get_property】获取同步属性: powder_container_occupied [get_property:371] [unilabos.ros.nodes.base_device_node]
26-07-30 [23:18:13,364] [DEBUG] 使用节点: '传感器状态_上位机[3].NO[8]', NodeId: ns=4;s=上位机通讯|传感器状态_上位机[3].NO[8] [use_node:345] [unilabos.utils.log.post_process]
26-07-30 [23:18:13,489] [TRACE] [/devices/szlab_mixer_stirrer] 【.get_property】获取同步属性: status [get_property:371] [unilabos.ros.nodes.base_device_node]
26-07-30 [23:18:13,496] [TRACE] [/devices/szlab_mixer_photoshotting] 【.get_property】获取同步属性: last_photo_path [get_property:371] [unilabos.ros.nodes.base_device_node]
26-07-30 [23:18:13,497] [TRACE] [/devices/szlab_mixer_photoshotting] 【.get_property】获取同步属性: last_result [get_property:371] [unilabos.ros.nodes.base_device_node]
26-07-30 [23:18:13,499] [TRACE] [/devices/szlab_mixer_photoshotting] 【.get_property】获取同步属性: status [get_property:371] [unilabos.ros.nodes.base_device_node]
26-07-30 [23:18:13,505] [TRACE] [/devices/szlab_mixer_pump] 【.get_property】获取同步属性: status [get_property:371] [unilabos.ros.nodes.base_device_node]
26-07-30 [23:18:13,564] [TRACE] [/devices/szlab_s08_cap_station] 【.get_property】获取同步属性: last_s08_status [get_property:371] [unilabos.ros.nodes.base_device_node]
26-07-30 [23:18:13,574] [TRACE] [/devices/szlab_mixer_pipetting_station] 【.get_property】获取同步属性: status [get_property:371] [unilabos.ros.nodes.base_device_node]
26-07-30 [23:18:13,601] [DEBUG] 使用节点: '传感器状态_上位机[3].NO[9]', NodeId: ns=4;s=上位机通讯|传感器状态_上位机[3].NO[9] [use_node:345] [unilabos.utils.log.post_process]
26-07-30 [23:18:14,024] [INFO] [Uvicorn.HTTP] 127.0.0.1:34630 - "GET /internal/v1/runtime-actions HTTP/1.1" 200 [send:482] [uvicorn.protocols.http.h11_impl]
26-07-30 [23:18:14,291] [DEBUG] 使用节点: '传感器状态_上位机[3].NO[10]', NodeId: ns=4;s=上位机通讯|传感器状态_上位机[3].NO[10] [use_node:345] [unilabos.utils.log.post_process]
26-07-30 [23:18:14,291] [INFO] [Uvicorn.HTTP] 127.0.0.1:34634 - "GET /internal/v1/runtime-actions HTTP/1.1" 200 [send:482] [uvicorn.protocols.http.h11_impl]
26-07-30 [23:18:14,529] [DEBUG] 使用节点: '传感器状态_上位机[3].NO[11]', NodeId: ns=4;s=上位机通讯|传感器状态_上位机[3].NO[11] [use_node:345] [unilabos.utils.log.post_process]
26-07-30 [23:18:15,217] [DEBUG] 使用节点: '传感器状态_上位机[3].NO[12]', NodeId: ns=4;s=上位机通讯|传感器状态_上位机[3].NO[12] [use_node:345] [unilabos.utils.log.post_process]
26-07-30 [23:18:15,455] [DEBUG] 使用节点: '传感器状态_上位机[3].NO[13]', NodeId: ns=4;s=上位机通讯|传感器状态_上位机[3].NO[13] [use_node:345] [unilabos.utils.log.post_process]
26-07-30 [23:18:15,564] [TRACE] [/devices/szlab_s08_cap_station] 【.get_property】获取同步属性: last_s08_status [get_property:371] [unilabos.ros.nodes.base_device_node]
26-07-30 [23:18:15,695] [TRACE] [/devices/szlab_poly_plc] 【.get_property】获取同步属性: powder_container_occupied [get_property:371] [unilabos.ros.nodes.base_device_node]
26-07-30 [23:18:15,695] [DEBUG] 使用节点: '传感器状态_上位机[3].NO[8]', NodeId: ns=4;s=上位机通讯|传感器状态_上位机[3].NO[8] [use_node:345] [unilabos.utils.log.post_process]
26-07-30 [23:18:15,933] [DEBUG] 使用节点: '传感器状态_上位机[3].NO[9]', NodeId: ns=4;s=上位机通讯|传感器状态_上位机[3].NO[9] [use_node:345] [unilabos.utils.log.post_process]
26-07-30 [23:18:16,171] [DEBUG] 使用节点: '传感器状态_上位机[3].NO[10]', NodeId: ns=4;s=上位机通讯|传感器状态_上位机[3].NO[10] [use_node:345] [unilabos.utils.log.post_process]
26-07-30 [23:18:16,409] [DEBUG] 使用节点: '传感器状态_上位机[3].NO[11]', NodeId: ns=4;s=上位机通讯|传感器状态_上位机[3].NO[11] [use_node:345] [unilabos.utils.log.post_process]
26-07-30 [23:18:16,647] [DEBUG] 使用节点: '传感器状态_上位机[3].NO[12]', NodeId: ns=4;s=上位机通讯|传感器状态_上位机[3].NO[12] [use_node:345] [unilabos.utils.log.post_process]
26-07-30 [23:18:16,884] [DEBUG] 使用节点: '传感器状态_上位机[3].NO[13]', NodeId: ns=4;s=上位机通讯|传感器状态_上位机[3].NO[13] [use_node:345] [unilabos.utils.log.post_process]
26-07-30 [23:18:17,125] [TRACE] [/devices/szlab_poly_plc] 【.get_property】获取同步属性: powder_container_occupied [get_property:371] [unilabos.ros.nodes.base_device_node]
26-07-30 [23:18:17,126] [DEBUG] 使用节点: '传感器状态_上位机[3].NO[8]', NodeId: ns=4;s=上位机通讯|传感器状态_上位机[3].NO[8] [use_node:345] [unilabos.utils.log.post_process]
26-07-30 [23:18:17,364] [DEBUG] 使用节点: '传感器状态_上位机[3].NO[9]', NodeId: ns=4;s=上位机通讯|传感器状态_上位机[3].NO[9] [use_node:345] [unilabos.utils.log.post_process]
26-07-30 [23:18:17,564] [TRACE] [/devices/szlab_s08_cap_station] 【.get_property】获取同步属性: last_s08_status [get_property:371] [unilabos.ros.nodes.base_device_node]
26-07-30 [23:18:17,602] [DEBUG] 使用节点: '传感器状态_上位机[3].NO[10]', NodeId: ns=4;s=上位机通讯|传感器状态_上位机[3].NO[10] [use_node:345] [unilabos.utils.log.post_process]
26-07-30 [23:18:18,289] [DEBUG] 使用节点: '传感器状态_上位机[3].NO[11]', NodeId: ns=4;s=上位机通讯|传感器状态_上位机[3].NO[11] [use_node:345] [unilabos.utils.log.post_process]
26-07-30 [23:18:18,489] [TRACE] [/devices/szlab_mixer_stirrer] 【.get_property】获取同步属性: status [get_property:371] [unilabos.ros.nodes.base_device_node]
26-07-30 [23:18:18,496] [TRACE] [/devices/szlab_mixer_photoshotting] 【.get_property】获取同步属性: last_photo_path [get_property:371] [unilabos.ros.nodes.base_device_node]
26-07-30 [23:18:18,497] [TRACE] [/devices/szlab_mixer_photoshotting] 【.get_property】获取同步属性: last_result [get_property:371] [unilabos.ros.nodes.base_device_node]
26-07-30 [23:18:18,499] [TRACE] [/devices/szlab_mixer_photoshotting] 【.get_property】获取同步属性: status [get_property:371] [unilabos.ros.nodes.base_device_node]
26-07-30 [23:18:18,505] [TRACE] [/devices/szlab_mixer_pump] 【.get_property】获取同步属性: status [get_property:371] [unilabos.ros.nodes.base_device_node]
26-07-30 [23:18:18,575] [TRACE] [/devices/szlab_mixer_pipetting_station] 【.get_property】获取同步属性: status [get_property:371] [unilabos.ros.nodes.base_device_node]
26-07-30 [23:18:19,001] [DEBUG] 使用节点: '传感器状态_上位机[3].NO[12]', NodeId: ns=4;s=上位机通讯|传感器状态_上位机[3].NO[12] [use_node:345] [unilabos.utils.log.post_process]
26-07-30 [23:18:19,239] [DEBUG] 使用节点: '传感器状态_上位机[3].NO[13]', NodeId: ns=4;s=上位机通讯|传感器状态_上位机[3].NO[13] [use_node:345] [unilabos.utils.log.post_process]
26-07-30 [23:18:19,479] [TRACE] [/devices/szlab_poly_plc] 【.get_property】获取同步属性: powder_container_occupied [get_property:371] [unilabos.ros.nodes.base_device_node]
26-07-30 [23:18:19,480] [DEBUG] 使用节点: '传感器状态_上位机[3].NO[8]', NodeId: ns=4;s=上位机通讯|传感器状态_上位机[3].NO[8] [use_node:345] [unilabos.utils.log.post_process]
26-07-30 [23:18:19,564] [TRACE] [/devices/szlab_s08_cap_station] 【.get_property】获取同步属性: last_s08_status [get_property:371] [unilabos.ros.nodes.base_device_node]
26-07-30 [23:18:20,177] [DEBUG] 使用节点: '传感器状态_上位机[3].NO[9]', NodeId: ns=4;s=上位机通讯|传感器状态_上位机[3].NO[9] [use_node:345] [unilabos.utils.log.post_process]
26-07-30 [23:18:20,415] [DEBUG] 使用节点: '传感器状态_上位机[3].NO[10]', NodeId: ns=4;s=上位机通讯|传感器状态_上位机[3].NO[10] [use_node:345] [unilabos.utils.log.post_process]
26-07-30 [23:18:20,653] [DEBUG] 使用节点: '传感器状态_上位机[3].NO[11]', NodeId: ns=4;s=上位机通讯|传感器状态_上位机[3].NO[11] [use_node:345] [unilabos.utils.log.post_process]
26-07-30 [23:18:20,890] [DEBUG] 使用节点: '传感器状态_上位机[3].NO[12]', NodeId: ns=4;s=上位机通讯|传感器状态_上位机[3].NO[12] [use_node:345] [unilabos.utils.log.post_process]
26-07-30 [23:18:21,128] [DEBUG] 使用节点: '传感器状态_上位机[3].NO[13]', NodeId: ns=4;s=上位机通讯|传感器状态_上位机[3].NO[13] [use_node:345] [unilabos.utils.log.post_process]
26-07-30 [23:18:21,368] [TRACE] [/devices/szlab_poly_plc] 【.get_property】获取同步属性: powder_container_occupied [get_property:371] [unilabos.ros.nodes.base_device_node]
26-07-30 [23:18:21,368] [DEBUG] 使用节点: '传感器状态_上位机[3].NO[8]', NodeId: ns=4;s=上位机通讯|传感器状态_上位机[3].NO[8] [use_node:345] [unilabos.utils.log.post_process]
26-07-30 [23:18:21,564] [TRACE] [/devices/szlab_s08_cap_station] 【.get_property】获取同步属性: last_s08_status [get_property:371] [unilabos.ros.nodes.base_device_node]
26-07-30 [23:18:21,606] [DEBUG] 使用节点: '传感器状态_上位机[3].NO[9]', NodeId: ns=4;s=上位机通讯|传感器状态_上位机[3].NO[9] [use_node:345] [unilabos.utils.log.post_process]
26-07-30 [23:18:21,844] [DEBUG] 使用节点: '传感器状态_上位机[3].NO[10]', NodeId: ns=4;s=上位机通讯|传感器状态_上位机[3].NO[10] [use_node:345] [unilabos.utils.log.post_process]
26-07-30 [23:18:22,081] [DEBUG] 使用节点: '传感器状态_上位机[3].NO[11]', NodeId: ns=4;s=上位机通讯|传感器状态_上位机[3].NO[11] [use_node:345] [unilabos.utils.log.post_process]
26-07-30 [23:18:22,319] [DEBUG] 使用节点: '传感器状态_上位机[3].NO[12]', NodeId: ns=4;s=上位机通讯|传感器状态_上位机[3].NO[12] [use_node:345] [unilabos.utils.log.post_process]
26-07-30 [23:18:22,557] [DEBUG] 使用节点: '传感器状态_上位机[3].NO[13]', NodeId: ns=4;s=上位机通讯|传感器状态_上位机[3].NO[13] [use_node:345] [unilabos.utils.log.post_process]
26-07-30 [23:18:22,797] [TRACE] [/devices/szlab_poly_plc] 【.get_property】获取同步属性: powder_container_occupied [get_property:371] [unilabos.ros.nodes.base_device_node]
26-07-30 [23:18:22,797] [DEBUG] 使用节点: '传感器状态_上位机[3].NO[8]', NodeId: ns=4;s=上位机通讯|传感器状态_上位机[3].NO[8] [use_node:345] [unilabos.utils.log.post_process]
26-07-30 [23:18:23,036] [DEBUG] 使用节点: '传感器状态_上位机[3].NO[9]', NodeId: ns=4;s=上位机通讯|传感器状态_上位机[3].NO[9] [use_node:345] [unilabos.utils.log.post_process]
26-07-30 [23:18:23,273] [DEBUG] 使用节点: '传感器状态_上位机[3].NO[10]', NodeId: ns=4;s=上位机通讯|传感器状态_上位机[3].NO[10] [use_node:345] [unilabos.utils.log.post_process]
26-07-30 [23:18:23,489] [TRACE] [/devices/szlab_mixer_stirrer] 【.get_property】获取同步属性: status [get_property:371] [unilabos.ros.nodes.base_device_node]
26-07-30 [23:18:23,496] [TRACE] [/devices/szlab_mixer_photoshotting] 【.get_property】获取同步属性: last_photo_path [get_property:371] [unilabos.ros.nodes.base_device_node]
26-07-30 [23:18:23,498] [TRACE] [/devices/szlab_mixer_photoshotting] 【.get_property】获取同步属性: last_result [get_property:371] [unilabos.ros.nodes.base_device_node]
26-07-30 [23:18:23,501] [TRACE] [/devices/szlab_mixer_photoshotting] 【.get_property】获取同步属性: status [get_property:371] [unilabos.ros.nodes.base_device_node]
26-07-30 [23:18:23,505] [TRACE] [/devices/szlab_mixer_pump] 【.get_property】获取同步属性: status [get_property:371] [unilabos.ros.nodes.base_device_node]
26-07-30 [23:18:23,511] [DEBUG] 使用节点: '传感器状态_上位机[3].NO[11]', NodeId: ns=4;s=上位机通讯|传感器状态_上位机[3].NO[11] [use_node:345] [unilabos.utils.log.post_process]
26-07-30 [23:18:23,564] [TRACE] [/devices/szlab_s08_cap_station] 【.get_property】获取同步属性: last_s08_status [get_property:371] [unilabos.ros.nodes.base_device_node]
26-07-30 [23:18:23,574] [TRACE] [/devices/szlab_mixer_pipetting_station] 【.get_property】获取同步属性: status [get_property:371] [unilabos.ros.nodes.base_device_node]
26-07-30 [23:18:23,587] [TRACE] [/devices/host_node] [Host Node] Discovering devices in the network... [_discover_devices:472] [unilabos.ros.nodes.presets.host_node]
26-07-30 [23:18:23,587] [TRACE] [/devices/host_node] [Host Node] Total online devices: 9 [_discover_devices:525] [unilabos.ros.nodes.presets.host_node]
26-07-30 [23:18:23,749] [DEBUG] 使用节点: '传感器状态_上位机[3].NO[12]', NodeId: ns=4;s=上位机通讯|传感器状态_上位机[3].NO[12] [use_node:345] [unilabos.utils.log.post_process]
26-07-30 [23:18:23,987] [DEBUG] 使用节点: '传感器状态_上位机[3].NO[13]', NodeId: ns=4;s=上位机通讯|传感器状态_上位机[3].NO[13] [use_node:345] [unilabos.utils.log.post_process]
26-07-30 [23:18:24,227] [TRACE] [/devices/szlab_poly_plc] 【.get_property】获取同步属性: powder_container_occupied [get_property:371] [unilabos.ros.nodes.base_device_node]
26-07-30 [23:18:24,228] [DEBUG] 使用节点: '传感器状态_上位机[3].NO[8]', NodeId: ns=4;s=上位机通讯|传感器状态_上位机[3].NO[8] [use_node:345] [unilabos.utils.log.post_process]
26-07-30 [23:18:24,913] [DEBUG] 使用节点: '传感器状态_上位机[3].NO[9]', NodeId: ns=4;s=上位机通讯|传感器状态_上位机[3].NO[9] [use_node:345] [unilabos.utils.log.post_process]
26-07-30 [23:18:25,151] [DEBUG] 使用节点: '传感器状态_上位机[3].NO[10]', NodeId: ns=4;s=上位机通讯|传感器状态_上位机[3].NO[10] [use_node:345] [unilabos.utils.log.post_process]
26-07-30 [23:18:25,389] [DEBUG] 使用节点: '传感器状态_上位机[3].NO[11]', NodeId: ns=4;s=上位机通讯|传感器状态_上位机[3].NO[11] [use_node:345] [unilabos.utils.log.post_process]
26-07-30 [23:18:25,565] [TRACE] [/devices/szlab_s08_cap_station] 【.get_property】获取同步属性: last_s08_status [get_property:371] [unilabos.ros.nodes.base_device_node]
26-07-30 [23:18:25,627] [DEBUG] 使用节点: '传感器状态_上位机[3].NO[12]', NodeId: ns=4;s=上位机通讯|传感器状态_上位机[3].NO[12] [use_node:345] [unilabos.utils.log.post_process]
26-07-30 [23:18:26,321] [DEBUG] 使用节点: '传感器状态_上位机[3].NO[13]', NodeId: ns=4;s=上位机通讯|传感器状态_上位机[3].NO[13] [use_node:345] [unilabos.utils.log.post_process]
26-07-30 [23:18:26,561] [TRACE] [/devices/szlab_poly_plc] 【.get_property】获取同步属性: powder_container_occupied [get_property:371] [unilabos.ros.nodes.base_device_node]
26-07-30 [23:18:26,562] [DEBUG] 使用节点: '传感器状态_上位机[3].NO[8]', NodeId: ns=4;s=上位机通讯|传感器状态_上位机[3].NO[8] [use_node:345] [unilabos.utils.log.post_process]
26-07-30 [23:18:26,703] [TRACE] [/devices/host_node] [Host Node] Sending goal for /devices/szlab_poly_plc/_execute_driver_command: {'string': '{"function_name": "get_stack_status", "function_args": {}, "unilabos_param": {"sample_uuids": {}}}'} [send_goal:942] [unilabos.ros.nodes.presets.host_node]
26-07-30 [23:18:26,703] [TRACE] [/devices/host_node] [Host Node] Sending goal for /devices/szlab_poly_plc/_execute_driver_command: unilabos_msgs.action.StrSingleInput_Goal(string='{"function_name": "get_stack_status", "function_args": {}, "unilabos_param": {"sample_uuids": {}}}') [send_goal:943] [unilabos.ros.nodes.presets.host_node]
26-07-30 [23:18:26,705] [DEBUG] [/devices/szlab_poly_plc] 任务 _execute_driver_command 接收到原始目标: {'string': '{"function_name": "get_stack_status", "function_args": {}, "unilabos_param": {"sample_uuids": {}}}'} [execute_callback:2086] [unilabos.ros.nodes.base_device_node]
26-07-30 [23:18:26,706] [TRACE] [/devices/szlab_poly_plc] 任务 _execute_driver_command 接收到原始目标: {'string': '{"function_name": "get_stack_status", "function_args": {}, "unilabos_param": {"sample_uuids": {}}}'} [execute_callback:2087] [unilabos.ros.nodes.base_device_node]
26-07-30 [23:18:26,707] [TRACE] [/devices/szlab_poly_plc] 同步执行动作 <bound method BaseROS2DeviceNode._execute_driver_command of <unilabos.ros.nodes.base_device_node.BaseROS2DeviceNode object at 0x7f202815b850>> [execute_callback:2188] [unilabos.ros.nodes.base_device_node]
26-07-30 [23:18:26,708] [INFO] [/devices/host_node] [Host Node] Goal /devices/szlab_poly_plc/_execute_driver_command (szlab_stack_s05_s06_workflow-001-szlab_poly_plc.get_stack_status) accepted [goal_response_callback:1108] [unilabos.ros.nodes.presets.host_node]
26-07-30 [23:18:26,799] [DEBUG] 使用节点: '传感器状态_上位机[3].NO[9]', NodeId: ns=4;s=上位机通讯|传感器状态_上位机[3].NO[9] [use_node:345] [unilabos.utils.log.post_process]
26-07-30 [23:18:27,037] [DEBUG] 使用节点: '传感器状态_上位机[3].NO[10]', NodeId: ns=4;s=上位机通讯|传感器状态_上位机[3].NO[10] [use_node:345] [unilabos.utils.log.post_process]
26-07-30 [23:18:27,564] [TRACE] [/devices/szlab_s08_cap_station] 【.get_property】获取同步属性: last_s08_status [get_property:371] [unilabos.ros.nodes.base_device_node]
26-07-30 [23:18:27,729] [DEBUG] 使用节点: '传感器状态_上位机[3].NO[11]', NodeId: ns=4;s=上位机通讯|传感器状态_上位机[3].NO[11] [use_node:345] [unilabos.utils.log.post_process]
26-07-30 [23:18:27,967] [DEBUG] 使用节点: '传感器状态_上位机[3].NO[12]', NodeId: ns=4;s=上位机通讯|传感器状态_上位机[3].NO[12] [use_node:345] [unilabos.utils.log.post_process]
26-07-30 [23:18:28,205] [DEBUG] 使用节点: '传感器状态_上位机[3].NO[13]', NodeId: ns=4;s=上位机通讯|传感器状态_上位机[3].NO[13] [use_node:345] [unilabos.utils.log.post_process]
26-07-30 [23:18:28,443] [DEBUG] 使用节点: '传感器状态_上位机[0].NO[0]', NodeId: ns=4;s=上位机通讯|传感器状态_上位机[0].NO[0] [use_node:345] [unilabos.utils.log.post_process]
26-07-30 [23:18:28,445] [TRACE] [/devices/szlab_poly_plc] 【.get_property】获取同步属性: powder_container_occupied [get_property:371] [unilabos.ros.nodes.base_device_node]
26-07-30 [23:18:28,488] [TRACE] [/devices/szlab_mixer_stirrer] 【.get_property】获取同步属性: status [get_property:371] [unilabos.ros.nodes.base_device_node]
26-07-30 [23:18:28,496] [TRACE] [/devices/szlab_mixer_photoshotting] 【.get_property】获取同步属性: last_photo_path [get_property:371] [unilabos.ros.nodes.base_device_node]
26-07-30 [23:18:28,498] [TRACE] [/devices/szlab_mixer_photoshotting] 【.get_property】获取同步属性: last_result [get_property:371] [unilabos.ros.nodes.base_device_node]
26-07-30 [23:18:28,501] [TRACE] [/devices/szlab_mixer_photoshotting] 【.get_property】获取同步属性: status [get_property:371] [unilabos.ros.nodes.base_device_node]
26-07-30 [23:18:28,505] [TRACE] [/devices/szlab_mixer_pump] 【.get_property】获取同步属性: status [get_property:371] [unilabos.ros.nodes.base_device_node]
26-07-30 [23:18:28,575] [TRACE] [/devices/szlab_mixer_pipetting_station] 【.get_property】获取同步属性: status [get_property:371] [unilabos.ros.nodes.base_device_node]
26-07-30 [23:18:28,682] [DEBUG] 使用节点: '传感器状态_上位机[0].NO[1]', NodeId: ns=4;s=上位机通讯|传感器状态_上位机[0].NO[1] [use_node:345] [unilabos.utils.log.post_process]
26-07-30 [23:18:28,920] [DEBUG] 使用节点: '传感器状态_上位机[0].NO[2]', NodeId: ns=4;s=上位机通讯|传感器状态_上位机[0].NO[2] [use_node:345] [unilabos.utils.log.post_process]
26-07-30 [23:18:29,158] [DEBUG] 使用节点: '传感器状态_上位机[0].NO[3]', NodeId: ns=4;s=上位机通讯|传感器状态_上位机[0].NO[3] [use_node:345] [unilabos.utils.log.post_process]
26-07-30 [23:18:29,396] [DEBUG] 使用节点: '传感器状态_上位机[0].NO[4]', NodeId: ns=4;s=上位机通讯|传感器状态_上位机[0].NO[4] [use_node:345] [unilabos.utils.log.post_process]
26-07-30 [23:18:29,564] [TRACE] [/devices/szlab_s08_cap_station] 【.get_property】获取同步属性: last_s08_status [get_property:371] [unilabos.ros.nodes.base_device_node]
26-07-30 [23:18:29,634] [DEBUG] 使用节点: '传感器状态_上位机[0].NO[5]', NodeId: ns=4;s=上位机通讯|传感器状态_上位机[0].NO[5] [use_node:345] [unilabos.utils.log.post_process]
26-07-30 [23:18:30,321] [DEBUG] 使用节点: '传感器状态_上位机[0].NO[6]', NodeId: ns=4;s=上位机通讯|传感器状态_上位机[0].NO[6] [use_node:345] [unilabos.utils.log.post_process]
26-07-30 [23:18:30,559] [DEBUG] 使用节点: '传感器状态_上位机[0].NO[7]', NodeId: ns=4;s=上位机通讯|传感器状态_上位机[0].NO[7] [use_node:345] [unilabos.utils.log.post_process]
26-07-30 [23:18:30,797] [DEBUG] 使用节点: '传感器状态_上位机[0].NO[8]', NodeId: ns=4;s=上位机通讯|传感器状态_上位机[0].NO[8] [use_node:345] [unilabos.utils.log.post_process]
26-07-30 [23:18:31,035] [DEBUG] 使用节点: '传感器状态_上位机[0].NO[9]', NodeId: ns=4;s=上位机通讯|传感器状态_上位机[0].NO[9] [use_node:345] [unilabos.utils.log.post_process]
26-07-30 [23:18:31,273] [DEBUG] 使用节点: '传感器状态_上位机[0].NO[10]', NodeId: ns=4;s=上位机通讯|传感器状态_上位机[0].NO[10] [use_node:345] [unilabos.utils.log.post_process]
26-07-30 [23:18:31,511] [DEBUG] 使用节点: '传感器状态_上位机[0].NO[11]', NodeId: ns=4;s=上位机通讯|传感器状态_上位机[0].NO[11] [use_node:345] [unilabos.utils.log.post_process]
26-07-30 [23:18:31,564] [TRACE] [/devices/szlab_s08_cap_station] 【.get_property】获取同步属性: last_s08_status [get_property:371] [unilabos.ros.nodes.base_device_node]
26-07-30 [23:18:31,748] [DEBUG] 使用节点: '传感器状态_上位机[0].NO[12]', NodeId: ns=4;s=上位机通讯|传感器状态_上位机[0].NO[12] [use_node:345] [unilabos.utils.log.post_process]
26-07-30 [23:18:31,986] [DEBUG] 使用节点: '传感器状态_上位机[0].NO[13]', NodeId: ns=4;s=上位机通讯|传感器状态_上位机[0].NO[13] [use_node:345] [unilabos.utils.log.post_process]
26-07-30 [23:18:32,228] [DEBUG] 使用节点: '传感器状态_上位机[0].NO[14]', NodeId: ns=4;s=上位机通讯|传感器状态_上位机[0].NO[14] [use_node:345] [unilabos.utils.log.post_process]
26-07-30 [23:18:32,466] [DEBUG] 使用节点: '传感器状态_上位机[0].NO[15]', NodeId: ns=4;s=上位机通讯|传感器状态_上位机[0].NO[15] [use_node:345] [unilabos.utils.log.post_process]
26-07-30 [23:18:32,704] [DEBUG] 使用节点: '传感器状态_上位机[1].NO[0]', NodeId: ns=4;s=上位机通讯|传感器状态_上位机[1].NO[0] [use_node:345] [unilabos.utils.log.post_process]
26-07-30 [23:18:32,941] [DEBUG] 使用节点: '传感器状态_上位机[1].NO[1]', NodeId: ns=4;s=上位机通讯|传感器状态_上位机[1].NO[1] [use_node:345] [unilabos.utils.log.post_process]
26-07-30 [23:18:33,179] [DEBUG] 使用节点: '传感器状态_上位机[1].NO[2]', NodeId: ns=4;s=上位机通讯|传感器状态_上位机[1].NO[2] [use_node:345] [unilabos.utils.log.post_process]
26-07-30 [23:18:33,417] [DEBUG] 使用节点: '传感器状态_上位机[1].NO[3]', NodeId: ns=4;s=上位机通讯|传感器状态_上位机[1].NO[3] [use_node:345] [unilabos.utils.log.post_process]
26-07-30 [23:18:33,489] [TRACE] [/devices/szlab_mixer_stirrer] 【.get_property】获取同步属性: status [get_property:371] [unilabos.ros.nodes.base_device_node]
26-07-30 [23:18:33,496] [TRACE] [/devices/szlab_mixer_photoshotting] 【.get_property】获取同步属性: last_photo_path [get_property:371] [unilabos.ros.nodes.base_device_node]
26-07-30 [23:18:33,497] [TRACE] [/devices/szlab_mixer_photoshotting] 【.get_property】获取同步属性: last_result [get_property:371] [unilabos.ros.nodes.base_device_node]
26-07-30 [23:18:33,499] [TRACE] [/devices/szlab_mixer_photoshotting] 【.get_property】获取同步属性: status [get_property:371] [unilabos.ros.nodes.base_device_node]
26-07-30 [23:18:33,505] [TRACE] [/devices/szlab_mixer_pump] 【.get_property】获取同步属性: status [get_property:371] [unilabos.ros.nodes.base_device_node]
26-07-30 [23:18:33,564] [TRACE] [/devices/szlab_s08_cap_station] 【.get_property】获取同步属性: last_s08_status [get_property:371] [unilabos.ros.nodes.base_device_node]
26-07-30 [23:18:33,574] [TRACE] [/devices/szlab_mixer_pipetting_station] 【.get_property】获取同步属性: status [get_property:371] [unilabos.ros.nodes.base_device_node]
26-07-30 [23:18:33,655] [DEBUG] 使用节点: '传感器状态_上位机[1].NO[4]', NodeId: ns=4;s=上位机通讯|传感器状态_上位机[1].NO[4] [use_node:345] [unilabos.utils.log.post_process]
26-07-30 [23:18:33,893] [DEBUG] 使用节点: '传感器状态_上位机[1].NO[5]', NodeId: ns=4;s=上位机通讯|传感器状态_上位机[1].NO[5] [use_node:345] [unilabos.utils.log.post_process]
26-07-30 [23:18:34,130] [DEBUG] 使用节点: '传感器状态_上位机[1].NO[6]', NodeId: ns=4;s=上位机通讯|传感器状态_上位机[1].NO[6] [use_node:345] [unilabos.utils.log.post_process]
26-07-30 [23:18:34,368] [DEBUG] 使用节点: '传感器状态_上位机[1].NO[7]', NodeId: ns=4;s=上位机通讯|传感器状态_上位机[1].NO[7] [use_node:345] [unilabos.utils.log.post_process]
26-07-30 [23:18:34,606] [DEBUG] 使用节点: '传感器状态_上位机[1].NO[8]', NodeId: ns=4;s=上位机通讯|传感器状态_上位机[1].NO[8] [use_node:345] [unilabos.utils.log.post_process]
26-07-30 [23:18:35,313] [DEBUG] 使用节点: '传感器状态_上位机[1].NO[9]', NodeId: ns=4;s=上位机通讯|传感器状态_上位机[1].NO[9] [use_node:345] [unilabos.utils.log.post_process]
26-07-30 [23:18:35,551] [DEBUG] 使用节点: '传感器状态_上位机[1].NO[10]', NodeId: ns=4;s=上位机通讯|传感器状态_上位机[1].NO[10] [use_node:345] [unilabos.utils.log.post_process]
26-07-30 [23:18:35,564] [TRACE] [/devices/szlab_s08_cap_station] 【.get_property】获取同步属性: last_s08_status [get_property:371] [unilabos.ros.nodes.base_device_node]
26-07-30 [23:18:36,241] [DEBUG] 使用节点: '传感器状态_上位机[1].NO[11]', NodeId: ns=4;s=上位机通讯|传感器状态_上位机[1].NO[11] [use_node:345] [unilabos.utils.log.post_process]
26-07-30 [23:18:36,953] [DEBUG] 使用节点: '传感器状态_上位机[1].NO[12]', NodeId: ns=4;s=上位机通讯|传感器状态_上位机[1].NO[12] [use_node:345] [unilabos.utils.log.post_process]
26-07-30 [23:18:37,191] [DEBUG] 使用节点: '传感器状态_上位机[1].NO[13]', NodeId: ns=4;s=上位机通讯|传感器状态_上位机[1].NO[13] [use_node:345] [unilabos.utils.log.post_process]
26-07-30 [23:18:37,564] [TRACE] [/devices/szlab_s08_cap_station] 【.get_property】获取同步属性: last_s08_status [get_property:371] [unilabos.ros.nodes.base_device_node]
26-07-30 [23:18:37,905] [DEBUG] 使用节点: '传感器状态_上位机[1].NO[14]', NodeId: ns=4;s=上位机通讯|传感器状态_上位机[1].NO[14] [use_node:345] [unilabos.utils.log.post_process]
26-07-30 [23:18:38,143] [DEBUG] 使用节点: '传感器状态_上位机[1].NO[15]', NodeId: ns=4;s=上位机通讯|传感器状态_上位机[1].NO[15] [use_node:345] [unilabos.utils.log.post_process]
26-07-30 [23:18:38,381] [DEBUG] 使用节点: '传感器状态_上位机[2].NO[0]', NodeId: ns=4;s=上位机通讯|传感器状态_上位机[2].NO[0] [use_node:345] [unilabos.utils.log.post_process]
26-07-30 [23:18:38,489] [TRACE] [/devices/szlab_mixer_stirrer] 【.get_property】获取同步属性: status [get_property:371] [unilabos.ros.nodes.base_device_node]
26-07-30 [23:18:38,496] [TRACE] [/devices/szlab_mixer_photoshotting] 【.get_property】获取同步属性: last_photo_path [get_property:371] [unilabos.ros.nodes.base_device_node]
26-07-30 [23:18:38,497] [TRACE] [/devices/szlab_mixer_photoshotting] 【.get_property】获取同步属性: last_result [get_property:371] [unilabos.ros.nodes.base_device_node]
26-07-30 [23:18:38,499] [TRACE] [/devices/szlab_mixer_photoshotting] 【.get_property】获取同步属性: status [get_property:371] [unilabos.ros.nodes.base_device_node]
26-07-30 [23:18:38,505] [TRACE] [/devices/szlab_mixer_pump] 【.get_property】获取同步属性: status [get_property:371] [unilabos.ros.nodes.base_device_node]
26-07-30 [23:18:38,575] [TRACE] [/devices/szlab_mixer_pipetting_station] 【.get_property】获取同步属性: status [get_property:371] [unilabos.ros.nodes.base_device_node]
26-07-30 [23:18:38,587] [TRACE] [/devices/host_node] [Host Node] Discovering devices in the network... [_discover_devices:472] [unilabos.ros.nodes.presets.host_node]
26-07-30 [23:18:38,587] [TRACE] [/devices/host_node] [Host Node] Total online devices: 9 [_discover_devices:525] [unilabos.ros.nodes.presets.host_node]
26-07-30 [23:18:38,619] [DEBUG] 使用节点: '传感器状态_上位机[2].NO[1]', NodeId: ns=4;s=上位机通讯|传感器状态_上位机[2].NO[1] [use_node:345] [unilabos.utils.log.post_process]
26-07-30 [23:18:38,857] [DEBUG] 使用节点: '传感器状态_上位机[2].NO[2]', NodeId: ns=4;s=上位机通讯|传感器状态_上位机[2].NO[2] [use_node:345] [unilabos.utils.log.post_process]
26-07-30 [23:18:39,095] [DEBUG] 使用节点: '传感器状态_上位机[2].NO[3]', NodeId: ns=4;s=上位机通讯|传感器状态_上位机[2].NO[3] [use_node:345] [unilabos.utils.log.post_process]
26-07-30 [23:18:39,333] [DEBUG] 使用节点: '传感器状态_上位机[2].NO[4]', NodeId: ns=4;s=上位机通讯|传感器状态_上位机[2].NO[4] [use_node:345] [unilabos.utils.log.post_process]
26-07-30 [23:18:39,564] [TRACE] [/devices/szlab_s08_cap_station] 【.get_property】获取同步属性: last_s08_status [get_property:371] [unilabos.ros.nodes.base_device_node]
26-07-30 [23:18:40,465] [DEBUG] 使用节点: '传感器状态_上位机[2].NO[5]', NodeId: ns=4;s=上位机通讯|传感器状态_上位机[2].NO[5] [use_node:345] [unilabos.utils.log.post_process]
26-07-30 [23:18:40,703] [DEBUG] 使用节点: '传感器状态_上位机[2].NO[6]', NodeId: ns=4;s=上位机通讯|传感器状态_上位机[2].NO[6] [use_node:345] [unilabos.utils.log.post_process]
26-07-30 [23:18:40,941] [DEBUG] 使用节点: '传感器状态_上位机[2].NO[7]', NodeId: ns=4;s=上位机通讯|传感器状态_上位机[2].NO[7] [use_node:345] [unilabos.utils.log.post_process]
26-07-30 [23:18:41,180] [DEBUG] 使用节点: '传感器状态_上位机[2].NO[8]', NodeId: ns=4;s=上位机通讯|传感器状态_上位机[2].NO[8] [use_node:345] [unilabos.utils.log.post_process]
26-07-30 [23:18:41,418] [DEBUG] 使用节点: '传感器状态_上位机[2].NO[9]', NodeId: ns=4;s=上位机通讯|传感器状态_上位机[2].NO[9] [use_node:345] [unilabos.utils.log.post_process]
26-07-30 [23:18:41,564] [TRACE] [/devices/szlab_s08_cap_station] 【.get_property】获取同步属性: last_s08_status [get_property:371] [unilabos.ros.nodes.base_device_node]
26-07-30 [23:18:41,656] [DEBUG] 使用节点: '传感器状态_上位机[4].NO[12]', NodeId: ns=4;s=上位机通讯|传感器状态_上位机[4].NO[12] [use_node:345] [unilabos.utils.log.post_process]
26-07-30 [23:18:41,893] [DEBUG] 使用节点: '传感器状态_上位机[4].NO[13]', NodeId: ns=4;s=上位机通讯|传感器状态_上位机[4].NO[13] [use_node:345] [unilabos.utils.log.post_process]
26-07-30 [23:18:42,131] [DEBUG] 使用节点: '传感器状态_上位机[4].NO[14]', NodeId: ns=4;s=上位机通讯|传感器状态_上位机[4].NO[14] [use_node:345] [unilabos.utils.log.post_process]
26-07-30 [23:18:42,369] [DEBUG] 使用节点: '传感器状态_上位机[4].NO[15]', NodeId: ns=4;s=上位机通讯|传感器状态_上位机[4].NO[15] [use_node:345] [unilabos.utils.log.post_process]
26-07-30 [23:18:43,489] [TRACE] [/devices/szlab_mixer_stirrer] 【.get_property】获取同步属性: status [get_property:371] [unilabos.ros.nodes.base_device_node]
26-07-30 [23:18:43,496] [TRACE] [/devices/szlab_mixer_photoshotting] 【.get_property】获取同步属性: last_photo_path [get_property:371] [unilabos.ros.nodes.base_device_node]
26-07-30 [23:18:43,497] [TRACE] [/devices/szlab_mixer_photoshotting] 【.get_property】获取同步属性: last_result [get_property:371] [unilabos.ros.nodes.base_device_node]
26-07-30 [23:18:43,499] [TRACE] [/devices/szlab_mixer_photoshotting] 【.get_property】获取同步属性: status [get_property:371] [unilabos.ros.nodes.base_device_node]
26-07-30 [23:18:43,505] [TRACE] [/devices/szlab_mixer_pump] 【.get_property】获取同步属性: status [get_property:371] [unilabos.ros.nodes.base_device_node]
26-07-30 [23:18:43,505] [DEBUG] 使用节点: '传感器状态_上位机[5].NO[0]', NodeId: ns=4;s=上位机通讯|传感器状态_上位机[5].NO[0] [use_node:345] [unilabos.utils.log.post_process]
26-07-30 [23:18:43,564] [TRACE] [/devices/szlab_s08_cap_station] 【.get_property】获取同步属性: last_s08_status [get_property:371] [unilabos.ros.nodes.base_device_node]
26-07-30 [23:18:43,574] [TRACE] [/devices/szlab_mixer_pipetting_station] 【.get_property】获取同步属性: status [get_property:371] [unilabos.ros.nodes.base_device_node]
26-07-30 [23:18:43,744] [DEBUG] 使用节点: '传感器状态_上位机[5].NO[1]', NodeId: ns=4;s=上位机通讯|传感器状态_上位机[5].NO[1] [use_node:345] [unilabos.utils.log.post_process]
26-07-30 [23:18:43,982] [DEBUG] 使用节点: '传感器状态_上位机[5].NO[2]', NodeId: ns=4;s=上位机通讯|传感器状态_上位机[5].NO[2] [use_node:345] [unilabos.utils.log.post_process]
26-07-30 [23:18:44,219] [DEBUG] 使用节点: '传感器状态_上位机[5].NO[3]', NodeId: ns=4;s=上位机通讯|传感器状态_上位机[5].NO[3] [use_node:345] [unilabos.utils.log.post_process]
26-07-30 [23:18:44,457] [DEBUG] 使用节点: '传感器状态_上位机[5].NO[4]', NodeId: ns=4;s=上位机通讯|传感器状态_上位机[5].NO[4] [use_node:345] [unilabos.utils.log.post_process]
26-07-30 [23:18:44,695] [DEBUG] 使用节点: '传感器状态_上位机[5].NO[5]', NodeId: ns=4;s=上位机通讯|传感器状态_上位机[5].NO[5] [use_node:345] [unilabos.utils.log.post_process]
26-07-30 [23:18:44,933] [DEBUG] 使用节点: '传感器状态_上位机[5].NO[6]', NodeId: ns=4;s=上位机通讯|传感器状态_上位机[5].NO[6] [use_node:345] [unilabos.utils.log.post_process]
26-07-30 [23:18:45,171] [DEBUG] 使用节点: '传感器状态_上位机[5].NO[7]', NodeId: ns=4;s=上位机通讯|传感器状态_上位机[5].NO[7] [use_node:345] [unilabos.utils.log.post_process]
26-07-30 [23:18:45,409] [DEBUG] 使用节点: '传感器状态_上位机[5].NO[8]', NodeId: ns=4;s=上位机通讯|传感器状态_上位机[5].NO[8] [use_node:345] [unilabos.utils.log.post_process]
26-07-30 [23:18:45,564] [TRACE] [/devices/szlab_s08_cap_station] 【.get_property】获取同步属性: last_s08_status [get_property:371] [unilabos.ros.nodes.base_device_node]
26-07-30 [23:18:45,646] [DEBUG] 使用节点: '传感器状态_上位机[5].NO[9]', NodeId: ns=4;s=上位机通讯|传感器状态_上位机[5].NO[9] [use_node:345] [unilabos.utils.log.post_process]
26-07-30 [23:18:45,884] [DEBUG] 使用节点: '传感器状态_上位机[5].NO[10]', NodeId: ns=4;s=上位机通讯|传感器状态_上位机[5].NO[10] [use_node:345] [unilabos.utils.log.post_process]
26-07-30 [23:18:46,122] [DEBUG] 使用节点: '传感器状态_上位机[5].NO[11]', NodeId: ns=4;s=上位机通讯|传感器状态_上位机[5].NO[11] [use_node:345] [unilabos.utils.log.post_process]
26-07-30 [23:18:46,360] [DEBUG] 使用节点: '传感器状态_上位机[5].NO[12]', NodeId: ns=4;s=上位机通讯|传感器状态_上位机[5].NO[12] [use_node:345] [unilabos.utils.log.post_process]
26-07-30 [23:18:46,598] [DEBUG] 使用节点: '传感器状态_上位机[5].NO[13]', NodeId: ns=4;s=上位机通讯|传感器状态_上位机[5].NO[13] [use_node:345] [unilabos.utils.log.post_process]
26-07-30 [23:18:46,837] [DEBUG] 使用节点: '传感器状态_上位机[5].NO[14]', NodeId: ns=4;s=上位机通讯|传感器状态_上位机[5].NO[14] [use_node:345] [unilabos.utils.log.post_process]
26-07-30 [23:18:47,074] [DEBUG] 使用节点: '传感器状态_上位机[5].NO[15]', NodeId: ns=4;s=上位机通讯|传感器状态_上位机[5].NO[15] [use_node:345] [unilabos.utils.log.post_process]
26-07-30 [23:18:47,312] [DEBUG] 使用节点: '传感器状态_上位机[6].NO[0]', NodeId: ns=4;s=上位机通讯|传感器状态_上位机[6].NO[0] [use_node:345] [unilabos.utils.log.post_process]
26-07-30 [23:18:47,550] [DEBUG] 使用节点: '传感器状态_上位机[6].NO[1]', NodeId: ns=4;s=上位机通讯|传感器状态_上位机[6].NO[1] [use_node:345] [unilabos.utils.log.post_process]
26-07-30 [23:18:47,564] [TRACE] [/devices/szlab_s08_cap_station] 【.get_property】获取同步属性: last_s08_status [get_property:371] [unilabos.ros.nodes.base_device_node]
26-07-30 [23:18:47,788] [DEBUG] 使用节点: '传感器状态_上位机[6].NO[2]', NodeId: ns=4;s=上位机通讯|传感器状态_上位机[6].NO[2] [use_node:345] [unilabos.utils.log.post_process]
26-07-30 [23:18:48,026] [DEBUG] 使用节点: '传感器状态_上位机[6].NO[3]', NodeId: ns=4;s=上位机通讯|传感器状态_上位机[6].NO[3] [use_node:345] [unilabos.utils.log.post_process]
26-07-30 [23:18:48,264] [DEBUG] 使用节点: '传感器状态_上位机[6].NO[4]', NodeId: ns=4;s=上位机通讯|传感器状态_上位机[6].NO[4] [use_node:345] [unilabos.utils.log.post_process]
26-07-30 [23:18:48,489] [TRACE] [/devices/szlab_mixer_stirrer] 【.get_property】获取同步属性: status [get_property:371] [unilabos.ros.nodes.base_device_node]
26-07-30 [23:18:48,496] [TRACE] [/devices/szlab_mixer_photoshotting] 【.get_property】获取同步属性: last_photo_path [get_property:371] [unilabos.ros.nodes.base_device_node]
26-07-30 [23:18:48,497] [TRACE] [/devices/szlab_mixer_photoshotting] 【.get_property】获取同步属性: last_result [get_property:371] [unilabos.ros.nodes.base_device_node]
26-07-30 [23:18:48,499] [TRACE] [/devices/szlab_mixer_photoshotting] 【.get_property】获取同步属性: status [get_property:371] [unilabos.ros.nodes.base_device_node]
26-07-30 [23:18:48,502] [DEBUG] 使用节点: '传感器状态_上位机[6].NO[5]', NodeId: ns=4;s=上位机通讯|传感器状态_上位机[6].NO[5] [use_node:345] [unilabos.utils.log.post_process]
26-07-30 [23:18:48,505] [TRACE] [/devices/szlab_mixer_pump] 【.get_property】获取同步属性: status [get_property:371] [unilabos.ros.nodes.base_device_node]
26-07-30 [23:18:48,575] [TRACE] [/devices/szlab_mixer_pipetting_station] 【.get_property】获取同步属性: status [get_property:371] [unilabos.ros.nodes.base_device_node]
26-07-30 [23:18:48,739] [DEBUG] 使用节点: '传感器状态_上位机[6].NO[6]', NodeId: ns=4;s=上位机通讯|传感器状态_上位机[6].NO[6] [use_node:345] [unilabos.utils.log.post_process]
26-07-30 [23:18:48,977] [DEBUG] 使用节点: '传感器状态_上位机[6].NO[7]', NodeId: ns=4;s=上位机通讯|传感器状态_上位机[6].NO[7] [use_node:345] [unilabos.utils.log.post_process]
26-07-30 [23:18:49,215] [DEBUG] 使用节点: '传感器状态_上位机[6].NO[8]', NodeId: ns=4;s=上位机通讯|传感器状态_上位机[6].NO[8] [use_node:345] [unilabos.utils.log.post_process]
26-07-30 [23:18:49,453] [DEBUG] 使用节点: '传感器状态_上位机[6].NO[9]', NodeId: ns=4;s=上位机通讯|传感器状态_上位机[6].NO[9] [use_node:345] [unilabos.utils.log.post_process]
26-07-30 [23:18:49,564] [TRACE] [/devices/szlab_s08_cap_station] 【.get_property】获取同步属性: last_s08_status [get_property:371] [unilabos.ros.nodes.base_device_node]
26-07-30 [23:18:49,691] [DEBUG] 使用节点: '传感器状态_上位机[6].NO[10]', NodeId: ns=4;s=上位机通讯|传感器状态_上位机[6].NO[10] [use_node:345] [unilabos.utils.log.post_process]
26-07-30 [23:18:49,929] [DEBUG] 使用节点: '传感器状态_上位机[6].NO[11]', NodeId: ns=4;s=上位机通讯|传感器状态_上位机[6].NO[11] [use_node:345] [unilabos.utils.log.post_process]
26-07-30 [23:18:50,609] [DEBUG] 使用节点: '传感器状态_上位机[6].NO[12]', NodeId: ns=4;s=上位机通讯|传感器状态_上位机[6].NO[12] [use_node:345] [unilabos.utils.log.post_process]
26-07-30 [23:18:50,847] [DEBUG] 使用节点: '传感器状态_上位机[6].NO[13]', NodeId: ns=4;s=上位机通讯|传感器状态_上位机[6].NO[13] [use_node:345] [unilabos.utils.log.post_process]
26-07-30 [23:18:51,085] [DEBUG] 使用节点: '传感器状态_上位机[6].NO[14]', NodeId: ns=4;s=上位机通讯|传感器状态_上位机[6].NO[14] [use_node:345] [unilabos.utils.log.post_process]
26-07-30 [23:18:51,323] [DEBUG] 使用节点: '传感器状态_上位机[6].NO[15]', NodeId: ns=4;s=上位机通讯|传感器状态_上位机[6].NO[15] [use_node:345] [unilabos.utils.log.post_process]
26-07-30 [23:18:51,561] [DEBUG] 使用节点: '传感器状态_上位机[7].NO[0]', NodeId: ns=4;s=上位机通讯|传感器状态_上位机[7].NO[0] [use_node:345] [unilabos.utils.log.post_process]
26-07-30 [23:18:51,564] [TRACE] [/devices/szlab_s08_cap_station] 【.get_property】获取同步属性: last_s08_status [get_property:371] [unilabos.ros.nodes.base_device_node]
26-07-30 [23:18:51,799] [DEBUG] 使用节点: '传感器状态_上位机[7].NO[1]', NodeId: ns=4;s=上位机通讯|传感器状态_上位机[7].NO[1] [use_node:345] [unilabos.utils.log.post_process]
26-07-30 [23:18:52,037] [DEBUG] 使用节点: '传感器状态_上位机[7].NO[2]', NodeId: ns=4;s=上位机通讯|传感器状态_上位机[7].NO[2] [use_node:345] [unilabos.utils.log.post_process]
26-07-30 [23:18:52,275] [DEBUG] 使用节点: '传感器状态_上位机[7].NO[3]', NodeId: ns=4;s=上位机通讯|传感器状态_上位机[7].NO[3] [use_node:345] [unilabos.utils.log.post_process]
26-07-30 [23:18:52,513] [DEBUG] 使用节点: '传感器状态_上位机[7].NO[4]', NodeId: ns=4;s=上位机通讯|传感器状态_上位机[7].NO[4] [use_node:345] [unilabos.utils.log.post_process]
26-07-30 [23:18:52,751] [DEBUG] 使用节点: '传感器状态_上位机[7].NO[5]', NodeId: ns=4;s=上位机通讯|传感器状态_上位机[7].NO[5] [use_node:345] [unilabos.utils.log.post_process]
26-07-30 [23:18:52,989] [DEBUG] 使用节点: '传感器状态_上位机[7].NO[6]', NodeId: ns=4;s=上位机通讯|传感器状态_上位机[7].NO[6] [use_node:345] [unilabos.utils.log.post_process]
26-07-30 [23:18:53,227] [DEBUG] 使用节点: '传感器状态_上位机[7].NO[7]', NodeId: ns=4;s=上位机通讯|传感器状态_上位机[7].NO[7] [use_node:345] [unilabos.utils.log.post_process]
26-07-30 [23:18:53,465] [DEBUG] 使用节点: '传感器状态_上位机[7].NO[8]', NodeId: ns=4;s=上位机通讯|传感器状态_上位机[7].NO[8] [use_node:345] [unilabos.utils.log.post_process]
26-07-30 [23:18:53,489] [TRACE] [/devices/szlab_mixer_stirrer] 【.get_property】获取同步属性: status [get_property:371] [unilabos.ros.nodes.base_device_node]
26-07-30 [23:18:53,496] [TRACE] [/devices/szlab_mixer_photoshotting] 【.get_property】获取同步属性: last_photo_path [get_property:371] [unilabos.ros.nodes.base_device_node]
26-07-30 [23:18:53,497] [TRACE] [/devices/szlab_mixer_photoshotting] 【.get_property】获取同步属性: last_result [get_property:371] [unilabos.ros.nodes.base_device_node]
26-07-30 [23:18:53,500] [TRACE] [/devices/szlab_mixer_photoshotting] 【.get_property】获取同步属性: status [get_property:371] [unilabos.ros.nodes.base_device_node]
26-07-30 [23:18:53,505] [TRACE] [/devices/szlab_mixer_pump] 【.get_property】获取同步属性: status [get_property:371] [unilabos.ros.nodes.base_device_node]
26-07-30 [23:18:53,564] [TRACE] [/devices/szlab_s08_cap_station] 【.get_property】获取同步属性: last_s08_status [get_property:371] [unilabos.ros.nodes.base_device_node]
26-07-30 [23:18:53,574] [TRACE] [/devices/szlab_mixer_pipetting_station] 【.get_property】获取同步属性: status [get_property:371] [unilabos.ros.nodes.base_device_node]
26-07-30 [23:18:53,587] [TRACE] [/devices/host_node] [Host Node] Discovering devices in the network... [_discover_devices:472] [unilabos.ros.nodes.presets.host_node]
26-07-30 [23:18:53,588] [TRACE] [/devices/host_node] [Host Node] Total online devices: 9 [_discover_devices:525] [unilabos.ros.nodes.presets.host_node]
26-07-30 [23:18:53,703] [DEBUG] 使用节点: '传感器状态_上位机[7].NO[9]', NodeId: ns=4;s=上位机通讯|传感器状态_上位机[7].NO[9] [use_node:345] [unilabos.utils.log.post_process]
26-07-30 [23:18:54,385] [DEBUG] 使用节点: '传感器状态_上位机[7].NO[10]', NodeId: ns=4;s=上位机通讯|传感器状态_上位机[7].NO[10] [use_node:345] [unilabos.utils.log.post_process]
26-07-30 [23:18:54,623] [DEBUG] 使用节点: '传感器状态_上位机[7].NO[11]', NodeId: ns=4;s=上位机通讯|传感器状态_上位机[7].NO[11] [use_node:345] [unilabos.utils.log.post_process]
26-07-30 [23:18:54,861] [DEBUG] 使用节点: '传感器状态_上位机[7].NO[12]', NodeId: ns=4;s=上位机通讯|传感器状态_上位机[7].NO[12] [use_node:345] [unilabos.utils.log.post_process]
26-07-30 [23:18:55,564] [TRACE] [/devices/szlab_s08_cap_station] 【.get_property】获取同步属性: last_s08_status [get_property:371] [unilabos.ros.nodes.base_device_node]
26-07-30 [23:18:55,569] [DEBUG] 使用节点: '传感器状态_上位机[7].NO[13]', NodeId: ns=4;s=上位机通讯|传感器状态_上位机[7].NO[13] [use_node:345] [unilabos.utils.log.post_process]
26-07-30 [23:18:55,807] [DEBUG] 使用节点: '传感器状态_上位机[7].NO[14]', NodeId: ns=4;s=上位机通讯|传感器状态_上位机[7].NO[14] [use_node:345] [unilabos.utils.log.post_process]
26-07-30 [23:18:56,045] [DEBUG] 使用节点: '传感器状态_上位机[7].NO[15]', NodeId: ns=4;s=上位机通讯|传感器状态_上位机[7].NO[15] [use_node:345] [unilabos.utils.log.post_process]
26-07-30 [23:18:56,283] [DEBUG] 使用节点: '传感器状态_上位机[8].NO[0]', NodeId: ns=4;s=上位机通讯|传感器状态_上位机[8].NO[0] [use_node:345] [unilabos.utils.log.post_process]
26-07-30 [23:18:56,977] [DEBUG] 使用节点: '传感器状态_上位机[8].NO[1]', NodeId: ns=4;s=上位机通讯|传感器状态_上位机[8].NO[1] [use_node:345] [unilabos.utils.log.post_process]
26-07-30 [23:18:57,215] [DEBUG] 使用节点: '传感器状态_上位机[8].NO[2]', NodeId: ns=4;s=上位机通讯|传感器状态_上位机[8].NO[2] [use_node:345] [unilabos.utils.log.post_process]
26-07-30 [23:18:57,453] [DEBUG] 使用节点: '传感器状态_上位机[8].NO[3]', NodeId: ns=4;s=上位机通讯|传感器状态_上位机[8].NO[3] [use_node:345] [unilabos.utils.log.post_process]
26-07-30 [23:18:57,564] [TRACE] [/devices/szlab_s08_cap_station] 【.get_property】获取同步属性: last_s08_status [get_property:371] [unilabos.ros.nodes.base_device_node]
26-07-30 [23:18:57,691] [DEBUG] 使用节点: '传感器状态_上位机[3].NO[8]', NodeId: ns=4;s=上位机通讯|传感器状态_上位机[3].NO[8] [use_node:345] [unilabos.utils.log.post_process]
26-07-30 [23:18:57,929] [DEBUG] 使用节点: '传感器状态_上位机[3].NO[9]', NodeId: ns=4;s=上位机通讯|传感器状态_上位机[3].NO[9] [use_node:345] [unilabos.utils.log.post_process]
26-07-30 [23:18:58,167] [DEBUG] 使用节点: '传感器状态_上位机[3].NO[10]', NodeId: ns=4;s=上位机通讯|传感器状态_上位机[3].NO[10] [use_node:345] [unilabos.utils.log.post_process]
26-07-30 [23:18:58,404] [DEBUG] 使用节点: '传感器状态_上位机[3].NO[11]', NodeId: ns=4;s=上位机通讯|传感器状态_上位机[3].NO[11] [use_node:345] [unilabos.utils.log.post_process]
26-07-30 [23:18:58,489] [TRACE] [/devices/szlab_mixer_stirrer] 【.get_property】获取同步属性: status [get_property:371] [unilabos.ros.nodes.base_device_node]
26-07-30 [23:18:58,496] [TRACE] [/devices/szlab_mixer_photoshotting] 【.get_property】获取同步属性: last_photo_path [get_property:371] [unilabos.ros.nodes.base_device_node]
26-07-30 [23:18:58,499] [TRACE] [/devices/szlab_mixer_photoshotting] 【.get_property】获取同步属性: last_result [get_property:371] [unilabos.ros.nodes.base_device_node]
26-07-30 [23:18:58,501] [TRACE] [/devices/szlab_mixer_photoshotting] 【.get_property】获取同步属性: status [get_property:371] [unilabos.ros.nodes.base_device_node]
26-07-30 [23:18:58,505] [TRACE] [/devices/szlab_mixer_pump] 【.get_property】获取同步属性: status [get_property:371] [unilabos.ros.nodes.base_device_node]
26-07-30 [23:18:58,575] [TRACE] [/devices/szlab_mixer_pipetting_station] 【.get_property】获取同步属性: status [get_property:371] [unilabos.ros.nodes.base_device_node]
26-07-30 [23:18:58,642] [DEBUG] 使用节点: '传感器状态_上位机[3].NO[12]', NodeId: ns=4;s=上位机通讯|传感器状态_上位机[3].NO[12] [use_node:345] [unilabos.utils.log.post_process]
26-07-30 [23:18:58,880] [DEBUG] 使用节点: '传感器状态_上位机[3].NO[13]', NodeId: ns=4;s=上位机通讯|传感器状态_上位机[3].NO[13] [use_node:345] [unilabos.utils.log.post_process]
26-07-30 [23:18:59,118] [DEBUG] 使用节点: '传感器状态_上位机[3].NO[8]', NodeId: ns=4;s=上位机通讯|传感器状态_上位机[3].NO[8] [use_node:345] [unilabos.utils.log.post_process]
26-07-30 [23:18:59,120] [TRACE] [/devices/szlab_poly_plc] 动作 _execute_driver_command 完成并返回结果 [execute_callback:2364] [unilabos.ros.nodes.base_device_node]
26-07-30 [23:18:59,124] [INFO] [/devices/host_node] [Host Node] Result for /devices/szlab_poly_plc/_execute_driver_command (szlab_st): success [get_result_callback:1174] [unilabos.ros.nodes.presets.host_node]
26-07-30 [23:18:59,124] [TRACE] [/devices/host_node] [Host Node] Result data: {'return_info': '{"error": "", "suc": true, "return_value": {"success": true, "schema": "szlab_poly_studio.stack_status.v1", "updated_at": "2026-07-30T15:18:59.118443+00:00", "stacks": {"s2_tip": {"id": "s2_tip", "display_name": "S2枪头仓", "warehouse_name": "S2枪头仓占位", "managed_resource": "physical_only", "content_type": ["tip"], "slots": {"1": {"site_key": "1", "occupied": false, "reagent_id": null, "qr_code": null, "remaining_amount": null, "unit": null}, "2": {"site_key": "2", "occupied": false, "reagent_id": null, "qr_code": null, "remaining_amount": null, "unit": null}, "3": {"site_key": "3", "occupied": false, "reagent_id": null, "qr_code": null, "remaining_amount": null, "unit": null}, "4": {"site_key": "4", "occupied": false, "reagent_id": null, "qr_code": null, "remaining_amount": null, "unit": null}, "5": {"site_key": "5", "occupied": false, "reagent_id": null, "qr_code": null, "remaining_amount": null, "unit": null}, "6": {"site_key": "6", "occupied": false, "reagent_id": null, "qr_code": null, "remaining_amount": null, "unit": null}}}, "s3_unused_beaker": {"id": "s3_unused_beaker", "display_name": "S3未使用烧杯仓", "warehouse_name": "S3未使用烧杯仓", "managed_resource": "physical_only", "content_type": ["beaker"], "slots": {"1-1": {"site_key": "1-1", "occupied": false, "reagent_id": null, "qr_code": null, "remaining_amount": null, "unit": null}, "1-2": {"site_key": "1-2", "occupied": false, "reagent_id": null, "qr_code": null, "remaining_amount": null, "unit": null}, "1-3": {"site_key": "1-3", "occupied": false, "reagent_id": null, "qr_code": null, "remaining_amount": null, "unit": null}, "1-4": {"site_key": "1-4", "occupied": false, "reagent_id": null, "qr_code": null, "remaining_amount": null, "unit": null}, "1-5": {"site_key": "1-5", "occupied": false, "reagent_id": null, "qr_code": null, "remaining_amount": null, "unit": null}, "1-6": {"site_key": "1-6", "occupied": false, "reagent_id": null, "qr_code": null, "remaining_amount": null, "unit": null}, "2-1": {"site_key": "2-1", "occupied": false, "reagent_id": null, "qr_code": null, "remaining_amount": null, "unit": null}, "2-2": {"site_key": "2-2", "occupied": false, "reagent_id": null, "qr_code": null, "remaining_amount": null, "unit": null}, "2-3": {"site_key": "2-3", "occupied": false, "reagent_id": null, "qr_code": null, "remaining_amount": null, "unit": null}, "2-4": {"site_key": "2-4", "occupied": false, "reagent_id": null, "qr_code": null, "remaining_amount": null, "unit": null}, "2-5": {"site_key": "2-5", "occupied": false, "reagent_id": null, "qr_code": null, "remaining_amount": null, "unit": null}, "2-6": {"site_key": "2-6", "occupied": false, "reagent_id": null, "qr_code": null, "remaining_amount": null, "unit": null}, "3-1": {"site_key": "3-1", "occupied": false, "reagent_id": null, "qr_code": null, "remaining_amount": null, "unit": null}, "3-2": {"site_key": "3-2", "occupied": false, "reagent_id": null, "qr_code": null, "remaining_amount": null, "unit": null}, "3-3": {"site_key": "3-3", "occupied": false, "reagent_id": null, "qr_code": null, "remaining_amount": null, "unit": null}, "3-4": {"site_key": "3-4", "occupied": false, "reagent_id": null, "qr_code": null, "remaining_amount": null, "unit": null}, "3-5": {"site_key": "3-5", "occupied": false, "reagent_id": null, "qr_code": null, "remaining_amount": null, "unit": null}, "3-6": {"site_key": "3-6", "occupied": false, "reagent_id": null, "qr_code": null, "remaining_amount": null, "unit": null}}}, "s3_unused_sample_vial": {"id": "s3_unused_sample_vial", "display_name": "S3未使用样品瓶仓", "warehouse_name": "S3未使用样品瓶仓", "managed_resource": "physical_only", "content_type": ["sample_vial"], "slots": {"1-1": {"site_key": "1-1", "occupied": false, "reagent_id": null, "qr_code": null, "remaining_amount": null, "unit": null}, "1-2": {"site_key": "1-2", "occupied": false, "reagent_id": null, "qr_code": null, "remaining_amount": null, "unit": null}, "1-3": {"site_key": "1-3", "occupied": false, "reagent_id": null, "qr_code": null, "remaining_amount": null, "unit": null}, "1-4": {"site_key": "1-4", "occupied": false, "reagent_id": null, "qr_code": null, "remaining_amount": null, "unit": null}, "1-5": {"site_key": "1-5", "occupied": false, "reagent_id": null, "qr_code": null, "remaining_amount": null, "unit": null}, "1-6": {"site_key": "1-6", "occupied": false, "reagent_id": null, "qr_code": null, "remaining_amount": null, "unit": null}, "2-1": {"site_key": "2-1", "occupied": false, "reagent_id": null, "qr_code": null, "remaining_amount": null, "unit": null}, "2-2": {"site_key": "2-2", "occupied": false, "reagent_id": null, "qr_code": null, "remaining_amount": null, "unit": null}, "2-3": {"site_key": "2-3", "occupied": false, "reagent_id": null, "qr_code": null, "remaining_amount": null, "unit": null}, "2-4": {"site_key": "2-4", "occupied": false, "reagent_id": null, "qr_code": null, "remaining_amount": null, "unit": null}, "2-5": {"site_key": "2-5", "occupied": false, "reagent_id": null, "qr_code": null, "remaining_amount": null, "unit": null}, "2-6": {"site_key": "2-6", "occupied": false, "reagent_id": null, "qr_code": null, "remaining_amount": null, "unit": null}, "3-1": {"site_key": "3-1", "occupied": false, "reagent_id": null, "qr_code": null, "remaining_amount": null, "unit": null}, "3-2": {"site_key": "3-2", "occupied": false, "reagent_id": null, "qr_code": null, "remaining_amount": null, "unit": null}, "3-3": {"site_key": "3-3", "occupied": false, "reagent_id": null, "qr_code": null, "remaining_amount": null, "unit": null}, "3-4": {"site_key": "3-4", "occupied": false, "reagent_id": null, "qr_code": null, "remaining_amount": null, "unit": null}, "3-5": {"site_key": "3-5", "occupied": false, "reagent_id": null, "qr_code": null, "remaining_amount": null, "unit": null}, "3-6": {"site_key": "3-6", "occupied": false, "reagent_id": null, "qr_code": null, "remaining_amount": null, "unit": null}}}, "s10_liquid_reagent": {"id": "s10_liquid_reagent", "display_name": "S10液体试剂瓶仓", "warehouse_name": "S10液体试剂瓶仓占位", "managed_resource": "reagent", "content_type": ["liquid_reagent"], "slots": {"1-1": {"site_key": "1-1", "occupied": true, "reagent_id": null, "qr_code": null, "remaining_amount": null, "unit": null}, "1-2": {"site_key": "1-2", "occupied": false, "reagent_id": null, "qr_code": null, "remaining_amount": null, "unit": null}, "1-3": {"site_key": "1-3", "occupied": false, "reagent_id": null, "qr_code": null, "remaining_amount": null, "unit": null}, "1-4": {"site_key": "1-4", "occupied": false, "reagent_id": null, "qr_code": null, "remaining_amount": null, "unit": null}, "1-5": {"site_key": "1-5", "occupied": false, "reagent_id": null, "qr_code": null, "remaining_amount": null, "unit": null}, "2-1": {"site_key": "2-1", "occupied": false, "reagent_id": null, "qr_code": null, "remaining_amount": null, "unit": null}, "2-2": {"site_key": "2-2", "occupied": false, "reagent_id": null, "qr_code": null, "remaining_amount": null, "unit": null}, "2-3": {"site_key": "2-3", "occupied": false, "reagent_id": null, "qr_code": null, "remaining_amount": null, "unit": null}, "2-4": {"site_key": "2-4", "occupied": false, "reagent_id": null, "qr_code": null, "remaining_amount": null, "unit": null}, "2-5": {"site_key": "2-5", "occupied": false, "reagent_id": null, "qr_code": null, "remaining_amount": null, "unit": null}, "3-1": {"site_key": "3-1", "occupied": false, "reagent_id": null, "qr_code": null, "remaining_amount": null, "unit": null}, "3-2": {"site_key": "3-2", "occupied": false, "reagent_id": null, "qr_code": null, "remaining_amount": null, "unit": null}, "3-3": {"site_key": "3-3", "occupied": false, "reagent_id": null, "qr_code": null, "remaining_amount": null, "unit": null}, "3-4": {"site_key": "3-4", "occupied": false, "reagent_id": null, "qr_code": null, "remaining_amount": null, "unit": null}, "3-5": {"site_key": "3-5", "occupied": false, "reagent_id": null, "qr_code": null, "remaining_amount": null, "unit": null}, "4-1": {"site_key": "4-1", "occupied": false, "reagent_id": null, "qr_code": null, "remaining_amount": null, "unit": null}, "4-2": {"site_key": "4-2", "occupied": false, "reagent_id": null, "qr_code": null, "remaining_amount": null, "unit": null}, "4-3": {"site_key": "4-3", "occupied": false, "reagent_id": null, "qr_code": null, "remaining_amount": null, "unit": null}, "4-4": {"site_key": "4-4", "occupied": false, "reagent_id": null, "qr_code": null, "remaining_amount": null, "unit": null}, "4-5": {"site_key": "4-5", "occupied": false, "reagent_id": null, "qr_code": null, "remaining_amount": null, "unit": null}}}, "s11_used_beaker": {"id": "s11_used_beaker", "display_name": "S11使用烧杯成品仓", "warehouse_name": "S11使用烧杯成品仓", "managed_resource": "physical_only", "content_type": ["beaker"], "slots": {"1-1": {"site_key": "1-1", "occupied": false, "reagent_id": null, "qr_code": null, "remaining_amount": null, "unit": null}, "1-2": {"site_key": "1-2", "occupied": false, "reagent_id": null, "qr_code": null, "remaining_amount": null, "unit": null}, "1-3": {"site_key": "1-3", "occupied": false, "reagent_id": null, "qr_code": null, "remaining_amount": null, "unit": null}, "1-4": {"site_key": "1-4", "occupied": false, "reagent_id": null, "qr_code": null, "remaining_amount": null, "unit": null}, "1-5": {"site_key": "1-5", "occupied": false, "reagent_id": null, "qr_code": null, "remaining_amount": null, "unit": null}, "1-6": {"site_key": "1-6", "occupied": false, "reagent_id": null, "qr_code": null, "remaining_amount": null, "unit": null}, "2-1": {"site_key": "2-1", "occupied": false, "reagent_id": null, "qr_code": null, "remaining_amount": null, "unit": null}, "2-2": {"site_key": "2-2", "occupied": false, "reagent_id": null, "qr_code": null, "remaining_amount": null, "unit": null}, "2-3": {"site_key": "2-3", "occupied": false, "reagent_id": null, "qr_code": null, "remaining_amount": null, "unit": null}, "2-4": {"site_key": "2-4", "occupied": false, "reagent_id": null, "qr_code": null, "remaining_amount": null, "unit": null}, "2-5": {"site_key": "2-5", "occupied": false, "reagent_id": null, "qr_code": null, "remaining_amount": null, "unit": null}, "2-6": {"site_key": "2-6", "occupied": false, "reagent_id": null, "qr_code": null, "remaining_amount": null, "unit": null}, "3-1": {"site_key": "3-1", "occupied": false, "reagent_id": null, "qr_code": null, "remaining_amount": null, "unit": null}, "3-2": {"site_key": "3-2", "occupied": false, "reagent_id": null, "qr_code": null, "remaining_amount": null, "unit": null}, "3-3": {"site_key": "3-3", "occupied": false, "reagent_id": null, "qr_code": null, "remaining_amount": null, "unit": null}, "3-4": {"site_key": "3-4", "occupied": false, "reagent_id": null, "qr_code": null, "remaining_amount": null, "unit": null}, "3-5": {"site_key": "3-5", "occupied": false, "reagent_id": null, "qr_code": null, "remaining_amount": null, "unit": null}, "3-6": {"site_key": "3-6", "occupied": false, "reagent_id": null, "qr_code": null, "remaining_amount": null, "unit": null}}}, "s11_used_sample_vial": {"id": "s11_used_sample_vial", "display_name": "S11使用样品瓶成品仓", "warehouse_name": "S11使用样品瓶成品仓", "managed_resource": "physical_only", "content_type": ["sample_vial"], "slots": {"1-1": {"site_key": "1-1", "occupied": false, "reagent_id": null, "qr_code": null, "remaining_amount": null, "unit": null}, "1-2": {"site_key": "1-2", "occupied": false, "reagent_id": null, "qr_code": null, "remaining_amount": null, "unit": null}, "1-3": {"site_key": "1-3", "occupied": false, "reagent_id": null, "qr_code": null, "remaining_amount": null, "unit": null}, "1-4": {"site_key": "1-4", "occupied": false, "reagent_id": null, "qr_code": null, "remaining_amount": null, "unit": null}, "1-5": {"site_key": "1-5", "occupied": false, "reagent_id": null, "qr_code": null, "remaining_amount": null, "unit": null}, "1-6": {"site_key": "1-6", "occupied": false, "reagent_id": null, "qr_code": null, "remaining_amount": null, "unit": null}, "2-1": {"site_key": "2-1", "occupied": false, "reagent_id": null, "qr_code": null, "remaining_amount": null, "unit": null}, "2-2": {"site_key": "2-2", "occupied": false, "reagent_id": null, "qr_code": null, "remaining_amount": null, "unit": null}, "2-3": {"site_key": "2-3", "occupied": false, "reagent_id": null, "qr_code": null, "remaining_amount": null, "unit": null}, "2-4": {"site_key": "2-4", "occupied": false, "reagent_id": null, "qr_code": null, "remaining_amount": null, "unit": null}, "2-5": {"site_key": "2-5", "occupied": false, "reagent_id": null, "qr_code": null, "remaining_amount": null, "unit": null}, "2-6": {"site_key": "2-6", "occupied": false, "reagent_id": null, "qr_code": null, "remaining_amount": null, "unit": null}, "3-1": {"site_key": "3-1", "occupied": false, "reagent_id": null, "qr_code": null, "remaining_amount": null, "unit": null}, "3-2": {"site_key": "3-2", "occupied": false, "reagent_id": null, "qr_code": null, "remaining_amount": null, "unit": null}, "3-3": {"site_key": "3-3", "occupied": false, "reagent_id": null, "qr_code": null, "remaining_amount": null, "unit": null}, "3-4": {"site_key": "3-4", "occupied": false, "reagent_id": null, "qr_code": null, "remaining_amount": null, "unit": null}, "3-5": {"site_key": "3-5", "occupied": false, "reagent_id": null, "qr_code": null, "remaining_amount": null, "unit": null}, "3-6": {"site_key": "3-6", "occupied": false, "reagent_id": null, "qr_code": null, "remaining_amount": null, "unit": null}}}, "powder_container": {"id": "powder_container", "display_name": "固体粉桶仓", "warehouse_name": "固体粉桶仓占位", "managed_resource": "reagent", "content_type": ["powder_reagent"], "slots": {"1-1": {"site_key": "1-1", "occupied": false, "reagent_id": null, "qr_code": null, "remaining_amount": null, "unit": null}, "1-2": {"site_key": "1-2", "occupied": false, "reagent_id": null, "qr_code": null, "remaining_amount": null, "unit": null}, "1-3": {"site_key": "1-3", "occupied": false, "reagent_id": null, "qr_code": null, "remaining_amount": null, "unit": null}, "2-1": {"site_key": "2-1", "occupied": false, "reagent_id": null, "qr_code": null, "remaining_amount": null, "unit": null}, "2-2": {"site_key": "2-2", "occupied": false, "reagent_id": null, "qr_code": null, "remaining_amount": null, "unit": null}, "2-3": {"site_key": "2-3", "occupied": false, "reagent_id": null, "qr_code": null, "remaining_amount": null, "unit": null}}}}}}', 'success': True} [get_result_callback:1176] [unilabos.ros.nodes.presets.host_node]
26-07-30 [23:18:59,124] [TRACE] [/devices/host_node] [Host Node] Removed goal szlab_st from _goals [get_result_callback:1181] [unilabos.ros.nodes.presets.host_node]
26-07-30 [23:18:59,124] [TRACE] [JobResultStore] Stored result for job szlab_st, status=4 [trace:478] [unilabos.utils.log.log]
26-07-30 [23:18:59,130] [TRACE] [/devices/host_node] [Host Node] Sending goal for /devices/szlab_mixer_photoshotting/_execute_driver_command: {'string': '{"function_name": "take_photo", "function_args": {"sample_id": "debug-sample", "photo_path": "", "inspection_result": "", "require_material": false}, "unilabos_param": {"sample_uuids": {}}}'} [send_goal:942] [unilabos.ros.nodes.presets.host_node]
26-07-30 [23:18:59,130] [TRACE] [/devices/host_node] [Host Node] Sending goal for /devices/szlab_mixer_photoshotting/_execute_driver_command: unilabos_msgs.action.StrSingleInput_Goal(string='{"function_name": "take_photo", "function_args": {"sample_id": "debug-sample", "photo_path": "", "inspection_result": "", "require_material": false}, "unilabos_param": {"sample_uuids": {}}}') [send_goal:943] [unilabos.ros.nodes.presets.host_node]
26-07-30 [23:18:59,132] [DEBUG] [/devices/szlab_mixer_photoshotting] 任务 _execute_driver_command 接收到原始目标: {'string': '{"function_name": "take_photo", "function_args": {"sample_id": "debug-sample", "photo_path": "", "inspection_result": "", "require_material": false}, "unilabos_param": {"sample_uuids": {}}}'} [execute_callback:2086] [unilabos.ros.nodes.base_device_node]
26-07-30 [23:18:59,133] [TRACE] [/devices/szlab_mixer_photoshotting] 任务 _execute_driver_command 接收到原始目标: {'string': '{"function_name": "take_photo", "function_args": {"sample_id": "debug-sample", "photo_path": "", "inspection_result": "", "require_material": false}, "unilabos_param": {"sample_uuids": {}}}'} [execute_callback:2087] [unilabos.ros.nodes.base_device_node]
26-07-30 [23:18:59,133] [TRACE] [/devices/szlab_mixer_photoshotting] 同步执行动作 <bound method BaseROS2DeviceNode._execute_driver_command of <unilabos.ros.nodes.base_device_node.BaseROS2DeviceNode object at 0x7f20277c8390>> [execute_callback:2188] [unilabos.ros.nodes.base_device_node]
26-07-30 [23:18:59,136] [DEBUG] [/devices/szlab_mixer_photoshotting] [call_device_action] -> /devices/szlab_poly_plc/_execute_driver_command, args={'node_name': 'S05加工完成', 'timeout': 300.0, 'interval': 1.0} [call_device_action:1649] [unilabos.ros.nodes.base_device_node]
26-07-30 [23:18:59,137] [INFO] [/devices/host_node] [Host Node] Goal /devices/szlab_mixer_photoshotting/_execute_driver_command (szlab_stack_s05_s06_workflow-002-szlab_mixer_photoshotting.take_photo) accepted [goal_response_callback:1108] [unilabos.ros.nodes.presets.host_node]
26-07-30 [23:18:59,139] [DEBUG] [/devices/szlab_poly_plc] 任务 _execute_driver_command 接收到原始目标: {'string': '{"function_name": "wait_variable_true", "function_args": {"node_name": "S05加工完成", "timeout": 300.0, "interval": 1.0}, "unilabos_param": {"sample_uuids": {}}}'} [execute_callback:2086] [unilabos.ros.nodes.base_device_node]
26-07-30 [23:18:59,140] [TRACE] [/devices/szlab_poly_plc] 任务 _execute_driver_command 接收到原始目标: {'string': '{"function_name": "wait_variable_true", "function_args": {"node_name": "S05加工完成", "timeout": 300.0, "interval": 1.0}, "unilabos_param": {"sample_uuids": {}}}'} [execute_callback:2087] [unilabos.ros.nodes.base_device_node]
26-07-30 [23:18:59,140] [TRACE] [/devices/szlab_poly_plc] 同步执行动作 <bound method BaseROS2DeviceNode._execute_driver_command of <unilabos.ros.nodes.base_device_node.BaseROS2DeviceNode object at 0x7f202815b850>> [execute_callback:2188] [unilabos.ros.nodes.base_device_node]
26-07-30 [23:18:59,564] [TRACE] [/devices/szlab_s08_cap_station] 【.get_property】获取同步属性: last_s08_status [get_property:371] [unilabos.ros.nodes.base_device_node]
26-07-30 [23:18:59,825] [DEBUG] 使用节点: '传感器状态_上位机[3].NO[9]', NodeId: ns=4;s=上位机通讯|传感器状态_上位机[3].NO[9] [use_node:345] [unilabos.utils.log.post_process]
26-07-30 [23:19:00,063] [DEBUG] 使用节点: '传感器状态_上位机[3].NO[10]', NodeId: ns=4;s=上位机通讯|传感器状态_上位机[3].NO[10] [use_node:345] [unilabos.utils.log.post_process]
26-07-30 [23:19:00,302] [DEBUG] 使用节点: '传感器状态_上位机[3].NO[11]', NodeId: ns=4;s=上位机通讯|传感器状态_上位机[3].NO[11] [use_node:345] [unilabos.utils.log.post_process]
26-07-30 [23:19:00,539] [DEBUG] 使用节点: '传感器状态_上位机[3].NO[12]', NodeId: ns=4;s=上位机通讯|传感器状态_上位机[3].NO[12] [use_node:345] [unilabos.utils.log.post_process]
26-07-30 [23:19:00,777] [DEBUG] 使用节点: '传感器状态_上位机[3].NO[13]', NodeId: ns=4;s=上位机通讯|传感器状态_上位机[3].NO[13] [use_node:345] [unilabos.utils.log.post_process]
26-07-30 [23:19:01,016] [DEBUG] 使用节点: 'S05加工完成', NodeId: ns=4;s=上位机通讯|S05加工完成 [use_node:345] [unilabos.utils.log.post_process]
26-07-30 [23:19:01,018] [TRACE] [/devices/szlab_poly_plc] 【.get_property】获取同步属性: powder_container_occupied [get_property:371] [unilabos.ros.nodes.base_device_node]
26-07-30 [23:19:01,254] [DEBUG] 使用节点: '传感器状态_上位机[3].NO[8]', NodeId: ns=4;s=上位机通讯|传感器状态_上位机[3].NO[8] [use_node:345] [unilabos.utils.log.post_process]
26-07-30 [23:19:01,256] [TRACE] [/devices/szlab_poly_plc] 动作 _execute_driver_command 完成并返回结果 [execute_callback:2364] [unilabos.ros.nodes.base_device_node]
26-07-30 [23:19:01,290] [DEBUG] [/devices/szlab_mixer_photoshotting] [call_device_action] -> /devices/szlab_poly_plc/_execute_driver_command, args={'node_name': 'S05拍照结果', 'use_cache': False} [call_device_action:1649] [unilabos.ros.nodes.base_device_node]
26-07-30 [23:19:01,292] [DEBUG] [/devices/szlab_poly_plc] 任务 _execute_driver_command 接收到原始目标: {'string': '{"function_name": "read_variable", "function_args": {"node_name": "S05拍照结果", "use_cache": false}, "unilabos_param": {"sample_uuids": {}}}'} [execute_callback:2086] [unilabos.ros.nodes.base_device_node]
26-07-30 [23:19:01,293] [TRACE] [/devices/szlab_poly_plc] 任务 _execute_driver_command 接收到原始目标: {'string': '{"function_name": "read_variable", "function_args": {"node_name": "S05拍照结果", "use_cache": false}, "unilabos_param": {"sample_uuids": {}}}'} [execute_callback:2087] [unilabos.ros.nodes.base_device_node]
26-07-30 [23:19:01,293] [TRACE] [/devices/szlab_poly_plc] 同步执行动作 <bound method BaseROS2DeviceNode._execute_driver_command of <unilabos.ros.nodes.base_device_node.BaseROS2DeviceNode object at 0x7f202815b850>> [execute_callback:2188] [unilabos.ros.nodes.base_device_node]
26-07-30 [23:19:01,492] [DEBUG] 使用节点: '传感器状态_上位机[3].NO[9]', NodeId: ns=4;s=上位机通讯|传感器状态_上位机[3].NO[9] [use_node:345] [unilabos.utils.log.post_process]
26-07-30 [23:19:01,564] [TRACE] [/devices/szlab_s08_cap_station] 【.get_property】获取同步属性: last_s08_status [get_property:371] [unilabos.ros.nodes.base_device_node]
26-07-30 [23:19:01,730] [DEBUG] 使用节点: '传感器状态_上位机[3].NO[10]', NodeId: ns=4;s=上位机通讯|传感器状态_上位机[3].NO[10] [use_node:345] [unilabos.utils.log.post_process]
26-07-30 [23:19:01,968] [DEBUG] 使用节点: '传感器状态_上位机[3].NO[11]', NodeId: ns=4;s=上位机通讯|传感器状态_上位机[3].NO[11] [use_node:345] [unilabos.utils.log.post_process]
26-07-30 [23:19:02,213] [DEBUG] 使用节点: '传感器状态_上位机[3].NO[12]', NodeId: ns=4;s=上位机通讯|传感器状态_上位机[3].NO[12] [use_node:345] [unilabos.utils.log.post_process]
26-07-30 [23:19:02,451] [DEBUG] 使用节点: '传感器状态_上位机[3].NO[13]', NodeId: ns=4;s=上位机通讯|传感器状态_上位机[3].NO[13] [use_node:345] [unilabos.utils.log.post_process]
26-07-30 [23:19:02,689] [DEBUG] 使用节点: 'S05拍照结果', NodeId: ns=4;s=上位机通讯|S05拍照结果 [use_node:345] [unilabos.utils.log.post_process]
26-07-30 [23:19:02,692] [TRACE] [/devices/szlab_poly_plc] 【.get_property】获取同步属性: powder_container_occupied [get_property:371] [unilabos.ros.nodes.base_device_node]
26-07-30 [23:19:02,927] [DEBUG] 使用节点: '传感器状态_上位机[3].NO[8]', NodeId: ns=4;s=上位机通讯|传感器状态_上位机[3].NO[8] [use_node:345] [unilabos.utils.log.post_process]
26-07-30 [23:19:02,929] [TRACE] [/devices/szlab_poly_plc] 动作 _execute_driver_command 完成并返回结果 [execute_callback:2364] [unilabos.ros.nodes.base_device_node]
26-07-30 [23:19:02,944] [TRACE] [/devices/szlab_mixer_photoshotting] 动作 _execute_driver_command 完成并返回结果 [execute_callback:2364] [unilabos.ros.nodes.base_device_node]
26-07-30 [23:19:02,947] [INFO] [/devices/host_node] [Host Node] Result for /devices/szlab_mixer_photoshotting/_execute_driver_command (szlab_st): success [get_result_callback:1174] [unilabos.ros.nodes.presets.host_node]
26-07-30 [23:19:02,947] [TRACE] [/devices/host_node] [Host Node] Result data: {'return_info': '{"error": "", "suc": true, "return_value": {"success": true, "message": "S05 拍照检测完成，结果 OK", "data": {"sample_id": "debug-sample", "photo_path": "", "photo_url": "", "result_code": 1, "result": "OK"}}}', 'success': True} [get_result_callback:1176] [unilabos.ros.nodes.presets.host_node]
26-07-30 [23:19:02,947] [TRACE] [/devices/host_node] [Host Node] Removed goal szlab_st from _goals [get_result_callback:1181] [unilabos.ros.nodes.presets.host_node]
26-07-30 [23:19:02,947] [TRACE] [JobResultStore] Stored result for job szlab_st, status=4 [trace:478] [unilabos.utils.log.log]
26-07-30 [23:19:02,954] [TRACE] [/devices/host_node] [Host Node] Sending goal for /devices/szlab_mixer_pump/_execute_driver_command: {'string': '{"function_name": "run_solvent_addition", "function_args": {"volume_pump_1": 0, "volume_pump_2": 0, "pump": 1, "volume": 8, "skip_level_check": false, "skip_robot": true, "beaker_true_means_present": true}, "unilabos_param": {"sample_uuids": {}}}'} [send_goal:942] [unilabos.ros.nodes.presets.host_node]
26-07-30 [23:19:02,954] [TRACE] [/devices/host_node] [Host Node] Sending goal for /devices/szlab_mixer_pump/_execute_driver_command: unilabos_msgs.action.StrSingleInput_Goal(string='{"function_name": "run_solvent_addition", "function_args": {"volume_pump_1": 0, "volume_pump_2": 0, "pump": 1, "volume": 8, "skip_level_check": false, "skip_robot": true, "beaker_true_means_present": true}, "unilabos_param": {"sample_uuids": {}}}') [send_goal:943] [unilabos.ros.nodes.presets.host_node]
26-07-30 [23:19:02,956] [DEBUG] [/devices/szlab_mixer_pump] 任务 _execute_driver_command 接收到原始目标: {'string': '{"function_name": "run_solvent_addition", "function_args": {"volume_pump_1": 0, "volume_pump_2": 0, "pump": 1, "volume": 8, "skip_level_check": false, "skip_robot": true, "beaker_true_means_present": true}, "unilabos_param": {"sample_uuids": {}}}'} [execute_callback:2086] [unilabos.ros.nodes.base_device_node]
26-07-30 [23:19:02,957] [TRACE] [/devices/szlab_mixer_pump] 任务 _execute_driver_command 接收到原始目标: {'string': '{"function_name": "run_solvent_addition", "function_args": {"volume_pump_1": 0, "volume_pump_2": 0, "pump": 1, "volume": 8, "skip_level_check": false, "skip_robot": true, "beaker_true_means_present": true}, "unilabos_param": {"sample_uuids": {}}}'} [execute_callback:2087] [unilabos.ros.nodes.base_device_node]
26-07-30 [23:19:02,957] [TRACE] [/devices/szlab_mixer_pump] 同步执行动作 <bound method BaseROS2DeviceNode._execute_driver_command of <unilabos.ros.nodes.base_device_node.BaseROS2DeviceNode object at 0x7f2027894910>> [execute_callback:2188] [unilabos.ros.nodes.base_device_node]
26-07-30 [23:19:02,958] [INFO] [/devices/host_node] [Host Node] Goal /devices/szlab_mixer_pump/_execute_driver_command (szlab_stack_s05_s06_workflow-003-szlab_mixer_pump.run_solvent_addition) accepted [goal_response_callback:1108] [unilabos.ros.nodes.presets.host_node]
26-07-30 [23:19:02,960] [DEBUG] [/devices/szlab_mixer_pump] [call_device_action] -> /devices/szlab_poly_plc/_execute_driver_command, args={'node_name': 'S06准备信号', 'use_cache': True} [call_device_action:1649] [unilabos.ros.nodes.base_device_node]
26-07-30 [23:19:02,963] [DEBUG] [/devices/szlab_poly_plc] 任务 _execute_driver_command 接收到原始目标: {'string': '{"function_name": "read_variable", "function_args": {"node_name": "S06准备信号", "use_cache": true}, "unilabos_param": {"sample_uuids": {}}}'} [execute_callback:2086] [unilabos.ros.nodes.base_device_node]
26-07-30 [23:19:02,964] [TRACE] [/devices/szlab_poly_plc] 任务 _execute_driver_command 接收到原始目标: {'string': '{"function_name": "read_variable", "function_args": {"node_name": "S06准备信号", "use_cache": true}, "unilabos_param": {"sample_uuids": {}}}'} [execute_callback:2087] [unilabos.ros.nodes.base_device_node]
26-07-30 [23:19:02,964] [TRACE] [/devices/szlab_poly_plc] 同步执行动作 <bound method BaseROS2DeviceNode._execute_driver_command of <unilabos.ros.nodes.base_device_node.BaseROS2DeviceNode object at 0x7f202815b850>> [execute_callback:2188] [unilabos.ros.nodes.base_device_node]
26-07-30 [23:19:03,165] [DEBUG] 使用节点: '传感器状态_上位机[3].NO[9]', NodeId: ns=4;s=上位机通讯|传感器状态_上位机[3].NO[9] [use_node:345] [unilabos.utils.log.post_process]
26-07-30 [23:19:03,489] [TRACE] [/devices/szlab_mixer_stirrer] 【.get_property】获取同步属性: status [get_property:371] [unilabos.ros.nodes.base_device_node]
26-07-30 [23:19:03,496] [TRACE] [/devices/szlab_mixer_photoshotting] 【.get_property】获取同步属性: last_photo_path [get_property:371] [unilabos.ros.nodes.base_device_node]
26-07-30 [23:19:03,499] [TRACE] [/devices/szlab_mixer_photoshotting] 【.get_property】获取同步属性: last_result [get_property:371] [unilabos.ros.nodes.base_device_node]
26-07-30 [23:19:03,500] [TRACE] [/devices/host_node] Status updated: szlab_mixer_photoshotting.last_result = OK [property_callback:886] [unilabos.ros.nodes.presets.host_node]
26-07-30 [23:19:03,500] [TRACE] [/devices/szlab_mixer_photoshotting] 【.get_property】获取同步属性: status [get_property:371] [unilabos.ros.nodes.base_device_node]
26-07-30 [23:19:03,505] [TRACE] [/devices/szlab_mixer_pump] 【.get_property】获取同步属性: status [get_property:371] [unilabos.ros.nodes.base_device_node]
26-07-30 [23:19:03,507] [TRACE] [/devices/host_node] Status updated: szlab_mixer_pump.status = Running [property_callback:886] [unilabos.ros.nodes.presets.host_node]
26-07-30 [23:19:03,564] [TRACE] [/devices/szlab_s08_cap_station] 【.get_property】获取同步属性: last_s08_status [get_property:371] [unilabos.ros.nodes.base_device_node]
26-07-30 [23:19:03,574] [TRACE] [/devices/szlab_mixer_pipetting_station] 【.get_property】获取同步属性: status [get_property:371] [unilabos.ros.nodes.base_device_node]
26-07-30 [23:19:03,857] [DEBUG] 使用节点: '传感器状态_上位机[3].NO[10]', NodeId: ns=4;s=上位机通讯|传感器状态_上位机[3].NO[10] [use_node:345] [unilabos.utils.log.post_process]
26-07-30 [23:19:04,095] [DEBUG] 使用节点: '传感器状态_上位机[3].NO[11]', NodeId: ns=4;s=上位机通讯|传感器状态_上位机[3].NO[11] [use_node:345] [unilabos.utils.log.post_process]
26-07-30 [23:19:04,333] [DEBUG] 使用节点: '传感器状态_上位机[3].NO[12]', NodeId: ns=4;s=上位机通讯|传感器状态_上位机[3].NO[12] [use_node:345] [unilabos.utils.log.post_process]
26-07-30 [23:19:05,041] [DEBUG] 使用节点: '传感器状态_上位机[3].NO[13]', NodeId: ns=4;s=上位机通讯|传感器状态_上位机[3].NO[13] [use_node:345] [unilabos.utils.log.post_process]
26-07-30 [23:19:05,280] [DEBUG] 使用节点: 'S06准备信号', NodeId: ns=4;s=上位机通讯|S06准备信号 [use_node:345] [unilabos.utils.log.post_process]
26-07-30 [23:19:05,282] [TRACE] [/devices/szlab_poly_plc] 【.get_property】获取同步属性: powder_container_occupied [get_property:371] [unilabos.ros.nodes.base_device_node]
26-07-30 [23:19:05,518] [DEBUG] 使用节点: '传感器状态_上位机[3].NO[8]', NodeId: ns=4;s=上位机通讯|传感器状态_上位机[3].NO[8] [use_node:345] [unilabos.utils.log.post_process]
26-07-30 [23:19:05,519] [TRACE] [/devices/szlab_poly_plc] 动作 _execute_driver_command 完成并返回结果 [execute_callback:2364] [unilabos.ros.nodes.base_device_node]
26-07-30 [23:19:05,564] [TRACE] [/devices/szlab_s08_cap_station] 【.get_property】获取同步属性: last_s08_status [get_property:371] [unilabos.ros.nodes.base_device_node]
26-07-30 [23:19:05,565] [DEBUG] [/devices/szlab_mixer_pump] [call_device_action] -> /devices/szlab_poly_plc/_execute_driver_command, args={'node_name': '传感器状态_上位机[3].NO[1]', 'use_cache': True} [call_device_action:1649] [unilabos.ros.nodes.base_device_node]
26-07-30 [23:19:05,568] [DEBUG] [/devices/szlab_poly_plc] 任务 _execute_driver_command 接收到原始目标: {'string': '{"function_name": "read_variable", "function_args": {"node_name": "传感器状态_上位机[3].NO[1]", "use_cache": true}, "unilabos_param": {"sample_uuids": {}}}'} [execute_callback:2086] [unilabos.ros.nodes.base_device_node]
26-07-30 [23:19:05,569] [TRACE] [/devices/szlab_poly_plc] 任务 _execute_driver_command 接收到原始目标: {'string': '{"function_name": "read_variable", "function_args": {"node_name": "传感器状态_上位机[3].NO[1]", "use_cache": true}, "unilabos_param": {"sample_uuids": {}}}'} [execute_callback:2087] [unilabos.ros.nodes.base_device_node]
26-07-30 [23:19:05,569] [TRACE] [/devices/szlab_poly_plc] 同步执行动作 <bound method BaseROS2DeviceNode._execute_driver_command of <unilabos.ros.nodes.base_device_node.BaseROS2DeviceNode object at 0x7f202815b850>> [execute_callback:2188] [unilabos.ros.nodes.base_device_node]
26-07-30 [23:19:05,755] [DEBUG] 使用节点: '传感器状态_上位机[3].NO[9]', NodeId: ns=4;s=上位机通讯|传感器状态_上位机[3].NO[9] [use_node:345] [unilabos.utils.log.post_process]
26-07-30 [23:19:05,993] [DEBUG] 使用节点: '传感器状态_上位机[3].NO[10]', NodeId: ns=4;s=上位机通讯|传感器状态_上位机[3].NO[10] [use_node:345] [unilabos.utils.log.post_process]
26-07-30 [23:19:06,231] [DEBUG] 使用节点: '传感器状态_上位机[3].NO[11]', NodeId: ns=4;s=上位机通讯|传感器状态_上位机[3].NO[11] [use_node:345] [unilabos.utils.log.post_process]
26-07-30 [23:19:06,929] [DEBUG] 使用节点: '传感器状态_上位机[3].NO[12]', NodeId: ns=4;s=上位机通讯|传感器状态_上位机[3].NO[12] [use_node:345] [unilabos.utils.log.post_process]
26-07-30 [23:19:07,168] [DEBUG] 使用节点: '传感器状态_上位机[3].NO[13]', NodeId: ns=4;s=上位机通讯|传感器状态_上位机[3].NO[13] [use_node:345] [unilabos.utils.log.post_process]
26-07-30 [23:19:07,406] [DEBUG] 使用节点: '传感器状态_上位机[3].NO[1]', NodeId: ns=4;s=上位机通讯|传感器状态_上位机[3].NO[1] [use_node:345] [unilabos.utils.log.post_process]
26-07-30 [23:19:07,409] [TRACE] [/devices/szlab_poly_plc] 【.get_property】获取同步属性: powder_container_occupied [get_property:371] [unilabos.ros.nodes.base_device_node]
26-07-30 [23:19:07,564] [TRACE] [/devices/szlab_s08_cap_station] 【.get_property】获取同步属性: last_s08_status [get_property:371] [unilabos.ros.nodes.base_device_node]
26-07-30 [23:19:08,114] [DEBUG] 使用节点: '传感器状态_上位机[3].NO[8]', NodeId: ns=4;s=上位机通讯|传感器状态_上位机[3].NO[8] [use_node:345] [unilabos.utils.log.post_process]
26-07-30 [23:19:08,115] [TRACE] [/devices/szlab_poly_plc] 动作 _execute_driver_command 完成并返回结果 [execute_callback:2364] [unilabos.ros.nodes.base_device_node]
26-07-30 [23:19:08,120] [DEBUG] [/devices/szlab_mixer_pump] [call_device_action] -> /devices/szlab_poly_plc/_execute_driver_command, args={'node_name': '传感器状态_上位机[4].NO[12]', 'use_cache': True} [call_device_action:1649] [unilabos.ros.nodes.base_device_node]
26-07-30 [23:19:08,122] [DEBUG] [/devices/szlab_poly_plc] 任务 _execute_driver_command 接收到原始目标: {'string': '{"function_name": "read_variable", "function_args": {"node_name": "传感器状态_上位机[4].NO[12]", "use_cache": true}, "unilabos_param": {"sample_uuids": {}}}'} [execute_callback:2086] [unilabos.ros.nodes.base_device_node]
26-07-30 [23:19:08,123] [TRACE] [/devices/szlab_poly_plc] 任务 _execute_driver_command 接收到原始目标: {'string': '{"function_name": "read_variable", "function_args": {"node_name": "传感器状态_上位机[4].NO[12]", "use_cache": true}, "unilabos_param": {"sample_uuids": {}}}'} [execute_callback:2087] [unilabos.ros.nodes.base_device_node]
26-07-30 [23:19:08,123] [TRACE] [/devices/szlab_poly_plc] 同步执行动作 <bound method BaseROS2DeviceNode._execute_driver_command of <unilabos.ros.nodes.base_device_node.BaseROS2DeviceNode object at 0x7f202815b850>> [execute_callback:2188] [unilabos.ros.nodes.base_device_node]
26-07-30 [23:19:08,352] [DEBUG] 使用节点: '传感器状态_上位机[3].NO[9]', NodeId: ns=4;s=上位机通讯|传感器状态_上位机[3].NO[9] [use_node:345] [unilabos.utils.log.post_process]
26-07-30 [23:19:08,489] [TRACE] [/devices/szlab_mixer_stirrer] 【.get_property】获取同步属性: status [get_property:371] [unilabos.ros.nodes.base_device_node]
26-07-30 [23:19:08,496] [TRACE] [/devices/szlab_mixer_photoshotting] 【.get_property】获取同步属性: last_photo_path [get_property:371] [unilabos.ros.nodes.base_device_node]
26-07-30 [23:19:08,498] [TRACE] [/devices/szlab_mixer_photoshotting] 【.get_property】获取同步属性: last_result [get_property:371] [unilabos.ros.nodes.base_device_node]
26-07-30 [23:19:08,500] [TRACE] [/devices/szlab_mixer_photoshotting] 【.get_property】获取同步属性: status [get_property:371] [unilabos.ros.nodes.base_device_node]
26-07-30 [23:19:08,505] [TRACE] [/devices/szlab_mixer_pump] 【.get_property】获取同步属性: status [get_property:371] [unilabos.ros.nodes.base_device_node]
26-07-30 [23:19:08,575] [TRACE] [/devices/szlab_mixer_pipetting_station] 【.get_property】获取同步属性: status [get_property:371] [unilabos.ros.nodes.base_device_node]
26-07-30 [23:19:08,587] [TRACE] [/devices/host_node] [Host Node] Discovering devices in the network... [_discover_devices:472] [unilabos.ros.nodes.presets.host_node]
26-07-30 [23:19:08,587] [TRACE] [/devices/host_node] [Host Node] Total online devices: 9 [_discover_devices:525] [unilabos.ros.nodes.presets.host_node]
26-07-30 [23:19:08,591] [DEBUG] 使用节点: '传感器状态_上位机[3].NO[10]', NodeId: ns=4;s=上位机通讯|传感器状态_上位机[3].NO[10] [use_node:345] [unilabos.utils.log.post_process]
26-07-30 [23:19:08,829] [DEBUG] 使用节点: '传感器状态_上位机[3].NO[11]', NodeId: ns=4;s=上位机通讯|传感器状态_上位机[3].NO[11] [use_node:345] [unilabos.utils.log.post_process]
26-07-30 [23:19:09,067] [DEBUG] 使用节点: '传感器状态_上位机[3].NO[12]', NodeId: ns=4;s=上位机通讯|传感器状态_上位机[3].NO[12] [use_node:345] [unilabos.utils.log.post_process]
26-07-30 [23:19:09,304] [DEBUG] 使用节点: '传感器状态_上位机[3].NO[13]', NodeId: ns=4;s=上位机通讯|传感器状态_上位机[3].NO[13] [use_node:345] [unilabos.utils.log.post_process]
26-07-30 [23:19:09,564] [TRACE] [/devices/szlab_s08_cap_station] 【.get_property】获取同步属性: last_s08_status [get_property:371] [unilabos.ros.nodes.base_device_node]
26-07-30 [23:19:10,001] [DEBUG] 使用节点: '传感器状态_上位机[4].NO[12]', NodeId: ns=4;s=上位机通讯|传感器状态_上位机[4].NO[12] [use_node:345] [unilabos.utils.log.post_process]
26-07-30 [23:19:10,004] [TRACE] [/devices/szlab_poly_plc] 【.get_property】获取同步属性: powder_container_occupied [get_property:371] [unilabos.ros.nodes.base_device_node]
26-07-30 [23:19:10,713] [DEBUG] 使用节点: '传感器状态_上位机[3].NO[8]', NodeId: ns=4;s=上位机通讯|传感器状态_上位机[3].NO[8] [use_node:345] [unilabos.utils.log.post_process]
26-07-30 [23:19:10,715] [TRACE] [/devices/szlab_poly_plc] 动作 _execute_driver_command 完成并返回结果 [execute_callback:2364] [unilabos.ros.nodes.base_device_node]
26-07-30 [23:19:10,724] [DEBUG] [/devices/szlab_mixer_pump] [call_device_action] -> /devices/szlab_poly_plc/_execute_driver_command, args={'node_name': 'S06允许加工', 'use_cache': True} [call_device_action:1649] [unilabos.ros.nodes.base_device_node]
26-07-30 [23:19:10,727] [DEBUG] [/devices/szlab_poly_plc] 任务 _execute_driver_command 接收到原始目标: {'string': '{"function_name": "read_variable", "function_args": {"node_name": "S06允许加工", "use_cache": true}, "unilabos_param": {"sample_uuids": {}}}'} [execute_callback:2086] [unilabos.ros.nodes.base_device_node]
26-07-30 [23:19:10,727] [TRACE] [/devices/szlab_poly_plc] 任务 _execute_driver_command 接收到原始目标: {'string': '{"function_name": "read_variable", "function_args": {"node_name": "S06允许加工", "use_cache": true}, "unilabos_param": {"sample_uuids": {}}}'} [execute_callback:2087] [unilabos.ros.nodes.base_device_node]
26-07-30 [23:19:10,728] [TRACE] [/devices/szlab_poly_plc] 同步执行动作 <bound method BaseROS2DeviceNode._execute_driver_command of <unilabos.ros.nodes.base_device_node.BaseROS2DeviceNode object at 0x7f202815b850>> [execute_callback:2188] [unilabos.ros.nodes.base_device_node]
26-07-30 [23:19:10,951] [DEBUG] 使用节点: '传感器状态_上位机[3].NO[9]', NodeId: ns=4;s=上位机通讯|传感器状态_上位机[3].NO[9] [use_node:345] [unilabos.utils.log.post_process]
26-07-30 [23:19:11,189] [DEBUG] 使用节点: '传感器状态_上位机[3].NO[10]', NodeId: ns=4;s=上位机通讯|传感器状态_上位机[3].NO[10] [use_node:345] [unilabos.utils.log.post_process]
26-07-30 [23:19:11,427] [DEBUG] 使用节点: '传感器状态_上位机[3].NO[11]', NodeId: ns=4;s=上位机通讯|传感器状态_上位机[3].NO[11] [use_node:345] [unilabos.utils.log.post_process]
26-07-30 [23:19:11,564] [TRACE] [/devices/szlab_s08_cap_station] 【.get_property】获取同步属性: last_s08_status [get_property:371] [unilabos.ros.nodes.base_device_node]
26-07-30 [23:19:11,665] [DEBUG] 使用节点: '传感器状态_上位机[3].NO[12]', NodeId: ns=4;s=上位机通讯|传感器状态_上位机[3].NO[12] [use_node:345] [unilabos.utils.log.post_process]
26-07-30 [23:19:11,903] [DEBUG] 使用节点: '传感器状态_上位机[3].NO[13]', NodeId: ns=4;s=上位机通讯|传感器状态_上位机[3].NO[13] [use_node:345] [unilabos.utils.log.post_process]
26-07-30 [23:19:12,141] [DEBUG] 使用节点: 'S06允许加工', NodeId: ns=4;s=上位机通讯|S06允许加工 [use_node:345] [unilabos.utils.log.post_process]
26-07-30 [23:19:12,143] [TRACE] [/devices/szlab_poly_plc] 【.get_property】获取同步属性: powder_container_occupied [get_property:371] [unilabos.ros.nodes.base_device_node]
26-07-30 [23:19:12,378] [DEBUG] 使用节点: '传感器状态_上位机[3].NO[8]', NodeId: ns=4;s=上位机通讯|传感器状态_上位机[3].NO[8] [use_node:345] [unilabos.utils.log.post_process]
26-07-30 [23:19:12,380] [TRACE] [/devices/szlab_poly_plc] 动作 _execute_driver_command 完成并返回结果 [execute_callback:2364] [unilabos.ros.nodes.base_device_node]
26-07-30 [23:19:12,428] [DEBUG] [/devices/szlab_mixer_pump] [call_device_action] -> /devices/szlab_poly_plc/_execute_driver_command, args={'node_name': 'S06_1号溶液添加量'} [call_device_action:1649] [unilabos.ros.nodes.base_device_node]
26-07-30 [23:19:12,430] [DEBUG] [/devices/szlab_poly_plc] 任务 _execute_driver_command 接收到原始目标: {'string': '{"function_name": "check_variable_accessible", "function_args": {"node_name": "S06_1号溶液添加量"}, "unilabos_param": {"sample_uuids": {}}}'} [execute_callback:2086] [unilabos.ros.nodes.base_device_node]
26-07-30 [23:19:12,431] [TRACE] [/devices/szlab_poly_plc] 任务 _execute_driver_command 接收到原始目标: {'string': '{"function_name": "check_variable_accessible", "function_args": {"node_name": "S06_1号溶液添加量"}, "unilabos_param": {"sample_uuids": {}}}'} [execute_callback:2087] [unilabos.ros.nodes.base_device_node]
26-07-30 [23:19:12,431] [TRACE] [/devices/szlab_poly_plc] 同步执行动作 <bound method BaseROS2DeviceNode._execute_driver_command of <unilabos.ros.nodes.base_device_node.BaseROS2DeviceNode object at 0x7f202815b850>> [execute_callback:2188] [unilabos.ros.nodes.base_device_node]
26-07-30 [23:19:12,432] [DEBUG] 使用节点: 'S06_1号溶液添加量', NodeId: ns=4;s=上位机通讯|S06_1号溶液添加量 [use_node:345] [unilabos.utils.log.post_process]
26-07-30 [23:19:12,616] [DEBUG] 使用节点: '传感器状态_上位机[3].NO[9]', NodeId: ns=4;s=上位机通讯|传感器状态_上位机[3].NO[9] [use_node:345] [unilabos.utils.log.post_process]
26-07-30 [23:19:12,672] [TRACE] [/devices/szlab_poly_plc] 动作 _execute_driver_command 完成并返回结果 [execute_callback:2364] [unilabos.ros.nodes.base_device_node]
26-07-30 [23:19:12,679] [DEBUG] [/devices/szlab_mixer_pump] [call_device_action] -> /devices/szlab_poly_plc/_execute_driver_command, args={'node_name': 'S06工艺选择', 'value': 1} [call_device_action:1649] [unilabos.ros.nodes.base_device_node]
26-07-30 [23:19:12,681] [DEBUG] [/devices/szlab_poly_plc] 任务 _execute_driver_command 接收到原始目标: {'string': '{"function_name": "write_variable", "function_args": {"node_name": "S06工艺选择", "value": 1}, "unilabos_param": {"sample_uuids": {}}}'} [execute_callback:2086] [unilabos.ros.nodes.base_device_node]
26-07-30 [23:19:12,682] [TRACE] [/devices/szlab_poly_plc] 任务 _execute_driver_command 接收到原始目标: {'string': '{"function_name": "write_variable", "function_args": {"node_name": "S06工艺选择", "value": 1}, "unilabos_param": {"sample_uuids": {}}}'} [execute_callback:2087] [unilabos.ros.nodes.base_device_node]
26-07-30 [23:19:12,682] [TRACE] [/devices/szlab_poly_plc] 同步执行动作 <bound method BaseROS2DeviceNode._execute_driver_command of <unilabos.ros.nodes.base_device_node.BaseROS2DeviceNode object at 0x7f202815b850>> [execute_callback:2188] [unilabos.ros.nodes.base_device_node]
26-07-30 [23:19:13,394] [DEBUG] 使用节点: '传感器状态_上位机[3].NO[10]', NodeId: ns=4;s=上位机通讯|传感器状态_上位机[3].NO[10] [use_node:345] [unilabos.utils.log.post_process]
26-07-30 [23:19:13,489] [TRACE] [/devices/szlab_mixer_stirrer] 【.get_property】获取同步属性: status [get_property:371] [unilabos.ros.nodes.base_device_node]
26-07-30 [23:19:13,496] [TRACE] [/devices/szlab_mixer_photoshotting] 【.get_property】获取同步属性: last_photo_path [get_property:371] [unilabos.ros.nodes.base_device_node]
26-07-30 [23:19:13,497] [TRACE] [/devices/szlab_mixer_photoshotting] 【.get_property】获取同步属性: last_result [get_property:371] [unilabos.ros.nodes.base_device_node]
26-07-30 [23:19:13,500] [TRACE] [/devices/szlab_mixer_photoshotting] 【.get_property】获取同步属性: status [get_property:371] [unilabos.ros.nodes.base_device_node]
26-07-30 [23:19:13,505] [TRACE] [/devices/szlab_mixer_pump] 【.get_property】获取同步属性: status [get_property:371] [unilabos.ros.nodes.base_device_node]
26-07-30 [23:19:13,564] [TRACE] [/devices/szlab_s08_cap_station] 【.get_property】获取同步属性: last_s08_status [get_property:371] [unilabos.ros.nodes.base_device_node]
26-07-30 [23:19:13,574] [TRACE] [/devices/szlab_mixer_pipetting_station] 【.get_property】获取同步属性: status [get_property:371] [unilabos.ros.nodes.base_device_node]
26-07-30 [23:19:15,025] [DEBUG] 使用节点: '传感器状态_上位机[3].NO[11]', NodeId: ns=4;s=上位机通讯|传感器状态_上位机[3].NO[11] [use_node:345] [unilabos.utils.log.post_process]
26-07-30 [23:19:15,564] [TRACE] [/devices/szlab_s08_cap_station] 【.get_property】获取同步属性: last_s08_status [get_property:371] [unilabos.ros.nodes.base_device_node]
26-07-30 [23:19:16,177] [DEBUG] 使用节点: '传感器状态_上位机[3].NO[12]', NodeId: ns=4;s=上位机通讯|传感器状态_上位机[3].NO[12] [use_node:345] [unilabos.utils.log.post_process]
26-07-30 [23:19:16,881] [DEBUG] 使用节点: '传感器状态_上位机[3].NO[13]', NodeId: ns=4;s=上位机通讯|传感器状态_上位机[3].NO[13] [use_node:345] [unilabos.utils.log.post_process]
26-07-30 [23:19:17,119] [DEBUG] 使用节点: 'S06工艺选择', NodeId: ns=4;s=上位机通讯|S06工艺选择 [use_node:345] [unilabos.utils.log.post_process]
26-07-30 [23:19:17,122] [TRACE] [/devices/szlab_poly_plc] 【.get_property】获取同步属性: powder_container_occupied [get_property:371] [unilabos.ros.nodes.base_device_node]
26-07-30 [23:19:17,564] [TRACE] [/devices/szlab_s08_cap_station] 【.get_property】获取同步属性: last_s08_status [get_property:371] [unilabos.ros.nodes.base_device_node]
26-07-30 [23:19:17,595] [DEBUG] 使用节点: '传感器状态_上位机[3].NO[8]', NodeId: ns=4;s=上位机通讯|传感器状态_上位机[3].NO[8] [use_node:345] [unilabos.utils.log.post_process]
26-07-30 [23:19:17,597] [TRACE] [/devices/szlab_poly_plc] 动作 _execute_driver_command 完成并返回结果 [execute_callback:2364] [unilabos.ros.nodes.base_device_node]
26-07-30 [23:19:17,636] [DEBUG] [/devices/szlab_mixer_pump] [call_device_action] -> /devices/szlab_poly_plc/_execute_driver_command, args={'node_name': 'S06_1号溶液添加量', 'value': 8} [call_device_action:1649] [unilabos.ros.nodes.base_device_node]
26-07-30 [23:19:17,639] [DEBUG] [/devices/szlab_poly_plc] 任务 _execute_driver_command 接收到原始目标: {'string': '{"function_name": "write_variable", "function_args": {"node_name": "S06_1号溶液添加量", "value": 8}, "unilabos_param": {"sample_uuids": {}}}'} [execute_callback:2086] [unilabos.ros.nodes.base_device_node]
26-07-30 [23:19:17,640] [TRACE] [/devices/szlab_poly_plc] 任务 _execute_driver_command 接收到原始目标: {'string': '{"function_name": "write_variable", "function_args": {"node_name": "S06_1号溶液添加量", "value": 8}, "unilabos_param": {"sample_uuids": {}}}'} [execute_callback:2087] [unilabos.ros.nodes.base_device_node]
26-07-30 [23:19:17,640] [TRACE] [/devices/szlab_poly_plc] 同步执行动作 <bound method BaseROS2DeviceNode._execute_driver_command of <unilabos.ros.nodes.base_device_node.BaseROS2DeviceNode object at 0x7f202815b850>> [execute_callback:2188] [unilabos.ros.nodes.base_device_node]
26-07-30 [23:19:17,833] [DEBUG] 使用节点: '传感器状态_上位机[3].NO[9]', NodeId: ns=4;s=上位机通讯|传感器状态_上位机[3].NO[9] [use_node:345] [unilabos.utils.log.post_process]
26-07-30 [23:19:18,070] [DEBUG] 使用节点: '传感器状态_上位机[3].NO[10]', NodeId: ns=4;s=上位机通讯|传感器状态_上位机[3].NO[10] [use_node:345] [unilabos.utils.log.post_process]
26-07-30 [23:19:18,489] [TRACE] [/devices/szlab_mixer_stirrer] 【.get_property】获取同步属性: status [get_property:371] [unilabos.ros.nodes.base_device_node]
26-07-30 [23:19:18,496] [TRACE] [/devices/szlab_mixer_photoshotting] 【.get_property】获取同步属性: last_photo_path [get_property:371] [unilabos.ros.nodes.base_device_node]
26-07-30 [23:19:18,499] [TRACE] [/devices/szlab_mixer_photoshotting] 【.get_property】获取同步属性: last_result [get_property:371] [unilabos.ros.nodes.base_device_node]
26-07-30 [23:19:18,501] [TRACE] [/devices/szlab_mixer_photoshotting] 【.get_property】获取同步属性: status [get_property:371] [unilabos.ros.nodes.base_device_node]
26-07-30 [23:19:18,505] [TRACE] [/devices/szlab_mixer_pump] 【.get_property】获取同步属性: status [get_property:371] [unilabos.ros.nodes.base_device_node]
26-07-30 [23:19:18,575] [TRACE] [/devices/szlab_mixer_pipetting_station] 【.get_property】获取同步属性: status [get_property:371] [unilabos.ros.nodes.base_device_node]
26-07-30 [23:19:18,771] [DEBUG] 使用节点: '传感器状态_上位机[3].NO[11]', NodeId: ns=4;s=上位机通讯|传感器状态_上位机[3].NO[11] [use_node:345] [unilabos.utils.log.post_process]
26-07-30 [23:19:19,009] [DEBUG] 使用节点: '传感器状态_上位机[3].NO[12]', NodeId: ns=4;s=上位机通讯|传感器状态_上位机[3].NO[12] [use_node:345] [unilabos.utils.log.post_process]
26-07-30 [23:19:19,246] [DEBUG] 使用节点: '传感器状态_上位机[3].NO[13]', NodeId: ns=4;s=上位机通讯|传感器状态_上位机[3].NO[13] [use_node:345] [unilabos.utils.log.post_process]
26-07-30 [23:19:19,485] [DEBUG] 使用节点: 'S06_1号溶液添加量', NodeId: ns=4;s=上位机通讯|S06_1号溶液添加量 [use_node:345] [unilabos.utils.log.post_process]
26-07-30 [23:19:19,488] [TRACE] [/devices/szlab_poly_plc] 【.get_property】获取同步属性: powder_container_occupied [get_property:371] [unilabos.ros.nodes.base_device_node]
26-07-30 [23:19:19,564] [TRACE] [/devices/szlab_s08_cap_station] 【.get_property】获取同步属性: last_s08_status [get_property:371] [unilabos.ros.nodes.base_device_node]
26-07-30 [23:19:19,961] [DEBUG] 使用节点: '传感器状态_上位机[3].NO[8]', NodeId: ns=4;s=上位机通讯|传感器状态_上位机[3].NO[8] [use_node:345] [unilabos.utils.log.post_process]
26-07-30 [23:19:19,963] [TRACE] [/devices/szlab_poly_plc] 动作 _execute_driver_command 完成并返回结果 [execute_callback:2364] [unilabos.ros.nodes.base_device_node]
26-07-30 [23:19:19,991] [DEBUG] [/devices/szlab_mixer_pump] [call_device_action] -> /devices/szlab_poly_plc/_execute_driver_command, args={'node_name': 'S06参数写入完成', 'value': True} [call_device_action:1649] [unilabos.ros.nodes.base_device_node]
26-07-30 [23:19:19,994] [DEBUG] [/devices/szlab_poly_plc] 任务 _execute_driver_command 接收到原始目标: {'string': '{"function_name": "write_variable", "function_args": {"node_name": "S06参数写入完成", "value": true}, "unilabos_param": {"sample_uuids": {}}}'} [execute_callback:2086] [unilabos.ros.nodes.base_device_node]
26-07-30 [23:19:19,995] [TRACE] [/devices/szlab_poly_plc] 任务 _execute_driver_command 接收到原始目标: {'string': '{"function_name": "write_variable", "function_args": {"node_name": "S06参数写入完成", "value": true}, "unilabos_param": {"sample_uuids": {}}}'} [execute_callback:2087] [unilabos.ros.nodes.base_device_node]
26-07-30 [23:19:19,995] [TRACE] [/devices/szlab_poly_plc] 同步执行动作 <bound method BaseROS2DeviceNode._execute_driver_command of <unilabos.ros.nodes.base_device_node.BaseROS2DeviceNode object at 0x7f202815b850>> [execute_callback:2188] [unilabos.ros.nodes.base_device_node]
26-07-30 [23:19:20,657] [DEBUG] 使用节点: '传感器状态_上位机[3].NO[9]', NodeId: ns=4;s=上位机通讯|传感器状态_上位机[3].NO[9] [use_node:345] [unilabos.utils.log.post_process]
26-07-30 [23:19:20,895] [DEBUG] 使用节点: '传感器状态_上位机[3].NO[10]', NodeId: ns=4;s=上位机通讯|传感器状态_上位机[3].NO[10] [use_node:345] [unilabos.utils.log.post_process]
26-07-30 [23:19:21,133] [DEBUG] 使用节点: '传感器状态_上位机[3].NO[11]', NodeId: ns=4;s=上位机通讯|传感器状态_上位机[3].NO[11] [use_node:345] [unilabos.utils.log.post_process]
26-07-30 [23:19:21,371] [DEBUG] 使用节点: '传感器状态_上位机[3].NO[12]', NodeId: ns=4;s=上位机通讯|传感器状态_上位机[3].NO[12] [use_node:345] [unilabos.utils.log.post_process]
26-07-30 [23:19:21,564] [TRACE] [/devices/szlab_s08_cap_station] 【.get_property】获取同步属性: last_s08_status [get_property:371] [unilabos.ros.nodes.base_device_node]
26-07-30 [23:19:22,065] [DEBUG] 使用节点: '传感器状态_上位机[3].NO[13]', NodeId: ns=4;s=上位机通讯|传感器状态_上位机[3].NO[13] [use_node:345] [unilabos.utils.log.post_process]
26-07-30 [23:19:22,303] [DEBUG] 使用节点: 'S06参数写入完成', NodeId: ns=4;s=上位机通讯|S06参数写入完成 [use_node:345] [unilabos.utils.log.post_process]
26-07-30 [23:19:22,306] [TRACE] [/devices/szlab_poly_plc] 【.get_property】获取同步属性: powder_container_occupied [get_property:371] [unilabos.ros.nodes.base_device_node]
26-07-30 [23:19:23,489] [TRACE] [/devices/szlab_mixer_stirrer] 【.get_property】获取同步属性: status [get_property:371] [unilabos.ros.nodes.base_device_node]
26-07-30 [23:19:23,496] [TRACE] [/devices/szlab_mixer_photoshotting] 【.get_property】获取同步属性: last_photo_path [get_property:371] [unilabos.ros.nodes.base_device_node]
26-07-30 [23:19:23,499] [TRACE] [/devices/szlab_mixer_photoshotting] 【.get_property】获取同步属性: last_result [get_property:371] [unilabos.ros.nodes.base_device_node]
26-07-30 [23:19:23,501] [TRACE] [/devices/szlab_mixer_photoshotting] 【.get_property】获取同步属性: status [get_property:371] [unilabos.ros.nodes.base_device_node]
26-07-30 [23:19:23,505] [TRACE] [/devices/szlab_mixer_pump] 【.get_property】获取同步属性: status [get_property:371] [unilabos.ros.nodes.base_device_node]
26-07-30 [23:19:23,564] [TRACE] [/devices/szlab_s08_cap_station] 【.get_property】获取同步属性: last_s08_status [get_property:371] [unilabos.ros.nodes.base_device_node]
26-07-30 [23:19:23,574] [TRACE] [/devices/szlab_mixer_pipetting_station] 【.get_property】获取同步属性: status [get_property:371] [unilabos.ros.nodes.base_device_node]
26-07-30 [23:19:23,587] [TRACE] [/devices/host_node] [Host Node] Discovering devices in the network... [_discover_devices:472] [unilabos.ros.nodes.presets.host_node]
26-07-30 [23:19:23,588] [TRACE] [/devices/host_node] [Host Node] Total online devices: 9 [_discover_devices:525] [unilabos.ros.nodes.presets.host_node]
26-07-30 [23:19:23,697] [DEBUG] 使用节点: '传感器状态_上位机[3].NO[8]', NodeId: ns=4;s=上位机通讯|传感器状态_上位机[3].NO[8] [use_node:345] [unilabos.utils.log.post_process]
26-07-30 [23:19:23,699] [TRACE] [/devices/szlab_poly_plc] 动作 _execute_driver_command 完成并返回结果 [execute_callback:2364] [unilabos.ros.nodes.base_device_node]
26-07-30 [23:19:23,748] [DEBUG] [/devices/szlab_mixer_pump] [call_device_action] -> /devices/szlab_poly_plc/_execute_driver_command, args={'node_name': 'S06加工完成', 'timeout': 300.0, 'interval': 0.2} [call_device_action:1649] [unilabos.ros.nodes.base_device_node]
26-07-30 [23:19:23,751] [DEBUG] [/devices/szlab_poly_plc] 任务 _execute_driver_command 接收到原始目标: {'string': '{"function_name": "wait_new_cycle_done", "function_args": {"node_name": "S06加工完成", "timeout": 300.0, "interval": 0.2}, "unilabos_param": {"sample_uuids": {}}}'} [execute_callback:2086] [unilabos.ros.nodes.base_device_node]
26-07-30 [23:19:23,752] [TRACE] [/devices/szlab_poly_plc] 任务 _execute_driver_command 接收到原始目标: {'string': '{"function_name": "wait_new_cycle_done", "function_args": {"node_name": "S06加工完成", "timeout": 300.0, "interval": 0.2}, "unilabos_param": {"sample_uuids": {}}}'} [execute_callback:2087] [unilabos.ros.nodes.base_device_node]
26-07-30 [23:19:23,753] [TRACE] [/devices/szlab_poly_plc] 同步执行动作 <bound method BaseROS2DeviceNode._execute_driver_command of <unilabos.ros.nodes.base_device_node.BaseROS2DeviceNode object at 0x7f202815b850>> [execute_callback:2188] [unilabos.ros.nodes.base_device_node]
26-07-30 [23:19:24,401] [DEBUG] 使用节点: '传感器状态_上位机[3].NO[9]', NodeId: ns=4;s=上位机通讯|传感器状态_上位机[3].NO[9] [use_node:345] [unilabos.utils.log.post_process]
26-07-30 [23:19:24,639] [DEBUG] 使用节点: '传感器状态_上位机[3].NO[10]', NodeId: ns=4;s=上位机通讯|传感器状态_上位机[3].NO[10] [use_node:345] [unilabos.utils.log.post_process]
26-07-30 [23:19:24,877] [DEBUG] 使用节点: '传感器状态_上位机[3].NO[11]', NodeId: ns=4;s=上位机通讯|传感器状态_上位机[3].NO[11] [use_node:345] [unilabos.utils.log.post_process]
26-07-30 [23:19:25,115] [DEBUG] 使用节点: '传感器状态_上位机[3].NO[12]', NodeId: ns=4;s=上位机通讯|传感器状态_上位机[3].NO[12] [use_node:345] [unilabos.utils.log.post_process]
26-07-30 [23:19:25,353] [DEBUG] 使用节点: '传感器状态_上位机[3].NO[13]', NodeId: ns=4;s=上位机通讯|传感器状态_上位机[3].NO[13] [use_node:345] [unilabos.utils.log.post_process]
26-07-30 [23:19:25,564] [TRACE] [/devices/szlab_s08_cap_station] 【.get_property】获取同步属性: last_s08_status [get_property:371] [unilabos.ros.nodes.base_device_node]
26-07-30 [23:19:25,591] [DEBUG] 使用节点: 'S06加工完成', NodeId: ns=4;s=上位机通讯|S06加工完成 [use_node:345] [unilabos.utils.log.post_process]
26-07-30 [23:19:25,594] [TRACE] [/devices/szlab_poly_plc] 【.get_property】获取同步属性: powder_container_occupied [get_property:371] [unilabos.ros.nodes.base_device_node]
26-07-30 [23:19:26,289] [DEBUG] 使用节点: '传感器状态_上位机[3].NO[8]', NodeId: ns=4;s=上位机通讯|传感器状态_上位机[3].NO[8] [use_node:345] [unilabos.utils.log.post_process]
26-07-30 [23:19:26,527] [DEBUG] 使用节点: '传感器状态_上位机[3].NO[9]', NodeId: ns=4;s=上位机通讯|传感器状态_上位机[3].NO[9] [use_node:345] [unilabos.utils.log.post_process]
26-07-30 [23:19:26,765] [DEBUG] 使用节点: '传感器状态_上位机[3].NO[10]', NodeId: ns=4;s=上位机通讯|传感器状态_上位机[3].NO[10] [use_node:345] [unilabos.utils.log.post_process]
26-07-30 [23:19:27,003] [DEBUG] 使用节点: '传感器状态_上位机[3].NO[11]', NodeId: ns=4;s=上位机通讯|传感器状态_上位机[3].NO[11] [use_node:345] [unilabos.utils.log.post_process]
26-07-30 [23:19:27,241] [DEBUG] 使用节点: '传感器状态_上位机[3].NO[12]', NodeId: ns=4;s=上位机通讯|传感器状态_上位机[3].NO[12] [use_node:345] [unilabos.utils.log.post_process]
26-07-30 [23:19:27,486] [DEBUG] 使用节点: '传感器状态_上位机[3].NO[13]', NodeId: ns=4;s=上位机通讯|传感器状态_上位机[3].NO[13] [use_node:345] [unilabos.utils.log.post_process]
26-07-30 [23:19:27,564] [TRACE] [/devices/szlab_s08_cap_station] 【.get_property】获取同步属性: last_s08_status [get_property:371] [unilabos.ros.nodes.base_device_node]
26-07-30 [23:19:27,724] [DEBUG] 使用节点: 'S06加工完成', NodeId: ns=4;s=上位机通讯|S06加工完成 [use_node:345] [unilabos.utils.log.post_process]
26-07-30 [23:19:27,728] [TRACE] [/devices/szlab_poly_plc] 【.get_property】获取同步属性: powder_container_occupied [get_property:371] [unilabos.ros.nodes.base_device_node]
26-07-30 [23:19:27,962] [DEBUG] 使用节点: '传感器状态_上位机[3].NO[8]', NodeId: ns=4;s=上位机通讯|传感器状态_上位机[3].NO[8] [use_node:345] [unilabos.utils.log.post_process]
26-07-30 [23:19:28,200] [DEBUG] 使用节点: '传感器状态_上位机[3].NO[9]', NodeId: ns=4;s=上位机通讯|传感器状态_上位机[3].NO[9] [use_node:345] [unilabos.utils.log.post_process]
26-07-30 [23:19:28,438] [DEBUG] 使用节点: '传感器状态_上位机[3].NO[10]', NodeId: ns=4;s=上位机通讯|传感器状态_上位机[3].NO[10] [use_node:345] [unilabos.utils.log.post_process]
26-07-30 [23:19:28,489] [TRACE] [/devices/szlab_mixer_stirrer] 【.get_property】获取同步属性: status [get_property:371] [unilabos.ros.nodes.base_device_node]
26-07-30 [23:19:28,496] [TRACE] [/devices/szlab_mixer_photoshotting] 【.get_property】获取同步属性: last_photo_path [get_property:371] [unilabos.ros.nodes.base_device_node]
26-07-30 [23:19:28,499] [TRACE] [/devices/szlab_mixer_photoshotting] 【.get_property】获取同步属性: last_result [get_property:371] [unilabos.ros.nodes.base_device_node]
26-07-30 [23:19:28,502] [TRACE] [/devices/szlab_mixer_photoshotting] 【.get_property】获取同步属性: status [get_property:371] [unilabos.ros.nodes.base_device_node]
26-07-30 [23:19:28,505] [TRACE] [/devices/szlab_mixer_pump] 【.get_property】获取同步属性: status [get_property:371] [unilabos.ros.nodes.base_device_node]
26-07-30 [23:19:28,575] [TRACE] [/devices/szlab_mixer_pipetting_station] 【.get_property】获取同步属性: status [get_property:371] [unilabos.ros.nodes.base_device_node]
26-07-30 [23:19:28,676] [DEBUG] 使用节点: '传感器状态_上位机[3].NO[11]', NodeId: ns=4;s=上位机通讯|传感器状态_上位机[3].NO[11] [use_node:345] [unilabos.utils.log.post_process]
26-07-30 [23:19:28,914] [DEBUG] 使用节点: '传感器状态_上位机[3].NO[12]', NodeId: ns=4;s=上位机通讯|传感器状态_上位机[3].NO[12] [use_node:345] [unilabos.utils.log.post_process]
26-07-30 [23:19:29,564] [TRACE] [/devices/szlab_s08_cap_station] 【.get_property】获取同步属性: last_s08_status [get_property:371] [unilabos.ros.nodes.base_device_node]
26-07-30 [23:19:29,617] [DEBUG] 使用节点: '传感器状态_上位机[3].NO[13]', NodeId: ns=4;s=上位机通讯|传感器状态_上位机[3].NO[13] [use_node:345] [unilabos.utils.log.post_process]
26-07-30 [23:19:29,855] [DEBUG] 使用节点: 'S06加工完成', NodeId: ns=4;s=上位机通讯|S06加工完成 [use_node:345] [unilabos.utils.log.post_process]
26-07-30 [23:19:29,859] [TRACE] [/devices/szlab_poly_plc] 【.get_property】获取同步属性: powder_container_occupied [get_property:371] [unilabos.ros.nodes.base_device_node]
26-07-30 [23:19:30,545] [DEBUG] 使用节点: '传感器状态_上位机[3].NO[8]', NodeId: ns=4;s=上位机通讯|传感器状态_上位机[3].NO[8] [use_node:345] [unilabos.utils.log.post_process]
26-07-30 [23:19:30,547] [TRACE] [/devices/szlab_poly_plc] 动作 _execute_driver_command 完成并返回结果 [execute_callback:2364] [unilabos.ros.nodes.base_device_node]
26-07-30 [23:19:30,559] [DEBUG] [/devices/szlab_mixer_pump] [call_device_action] -> /devices/szlab_poly_plc/_execute_driver_command, args={'node_name': 'S06参数写入完成', 'value': False} [call_device_action:1649] [unilabos.ros.nodes.base_device_node]
26-07-30 [23:19:30,561] [DEBUG] [/devices/szlab_poly_plc] 任务 _execute_driver_command 接收到原始目标: {'string': '{"function_name": "write_variable", "function_args": {"node_name": "S06参数写入完成", "value": false}, "unilabos_param": {"sample_uuids": {}}}'} [execute_callback:2086] [unilabos.ros.nodes.base_device_node]
26-07-30 [23:19:30,562] [TRACE] [/devices/szlab_poly_plc] 任务 _execute_driver_command 接收到原始目标: {'string': '{"function_name": "write_variable", "function_args": {"node_name": "S06参数写入完成", "value": false}, "unilabos_param": {"sample_uuids": {}}}'} [execute_callback:2087] [unilabos.ros.nodes.base_device_node]
26-07-30 [23:19:30,563] [TRACE] [/devices/szlab_poly_plc] 同步执行动作 <bound method BaseROS2DeviceNode._execute_driver_command of <unilabos.ros.nodes.base_device_node.BaseROS2DeviceNode object at 0x7f202815b850>> [execute_callback:2188] [unilabos.ros.nodes.base_device_node]
26-07-30 [23:19:30,783] [DEBUG] 使用节点: '传感器状态_上位机[3].NO[9]', NodeId: ns=4;s=上位机通讯|传感器状态_上位机[3].NO[9] [use_node:345] [unilabos.utils.log.post_process]
26-07-30 [23:19:31,021] [DEBUG] 使用节点: '传感器状态_上位机[3].NO[10]', NodeId: ns=4;s=上位机通讯|传感器状态_上位机[3].NO[10] [use_node:345] [unilabos.utils.log.post_process]
26-07-30 [23:19:31,259] [DEBUG] 使用节点: '传感器状态_上位机[3].NO[11]', NodeId: ns=4;s=上位机通讯|传感器状态_上位机[3].NO[11] [use_node:345] [unilabos.utils.log.post_process]
26-07-30 [23:19:31,497] [DEBUG] 使用节点: '传感器状态_上位机[3].NO[12]', NodeId: ns=4;s=上位机通讯|传感器状态_上位机[3].NO[12] [use_node:345] [unilabos.utils.log.post_process]
26-07-30 [23:19:31,564] [TRACE] [/devices/szlab_s08_cap_station] 【.get_property】获取同步属性: last_s08_status [get_property:371] [unilabos.ros.nodes.base_device_node]
26-07-30 [23:19:32,177] [DEBUG] 使用节点: '传感器状态_上位机[3].NO[13]', NodeId: ns=4;s=上位机通讯|传感器状态_上位机[3].NO[13] [use_node:345] [unilabos.utils.log.post_process]
26-07-30 [23:19:32,415] [DEBUG] 使用节点: 'S06参数写入完成', NodeId: ns=4;s=上位机通讯|S06参数写入完成 [use_node:345] [unilabos.utils.log.post_process]
26-07-30 [23:19:32,419] [TRACE] [/devices/szlab_poly_plc] 【.get_property】获取同步属性: powder_container_occupied [get_property:371] [unilabos.ros.nodes.base_device_node]
26-07-30 [23:19:32,892] [DEBUG] 使用节点: '传感器状态_上位机[3].NO[8]', NodeId: ns=4;s=上位机通讯|传感器状态_上位机[3].NO[8] [use_node:345] [unilabos.utils.log.post_process]
26-07-30 [23:19:32,893] [TRACE] [/devices/szlab_poly_plc] 动作 _execute_driver_command 完成并返回结果 [execute_callback:2364] [unilabos.ros.nodes.base_device_node]
26-07-30 [23:19:32,912] [DEBUG] [/devices/szlab_mixer_pump] [call_device_action] -> /devices/szlab_poly_plc/_execute_driver_command, args={'node_name': 'S06工艺选择', 'value': 0} [call_device_action:1649] [unilabos.ros.nodes.base_device_node]
26-07-30 [23:19:32,915] [DEBUG] [/devices/szlab_poly_plc] 任务 _execute_driver_command 接收到原始目标: {'string': '{"function_name": "write_variable", "function_args": {"node_name": "S06工艺选择", "value": 0}, "unilabos_param": {"sample_uuids": {}}}'} [execute_callback:2086] [unilabos.ros.nodes.base_device_node]
26-07-30 [23:19:32,916] [TRACE] [/devices/szlab_poly_plc] 任务 _execute_driver_command 接收到原始目标: {'string': '{"function_name": "write_variable", "function_args": {"node_name": "S06工艺选择", "value": 0}, "unilabos_param": {"sample_uuids": {}}}'} [execute_callback:2087] [unilabos.ros.nodes.base_device_node]
26-07-30 [23:19:32,916] [TRACE] [/devices/szlab_poly_plc] 同步执行动作 <bound method BaseROS2DeviceNode._execute_driver_command of <unilabos.ros.nodes.base_device_node.BaseROS2DeviceNode object at 0x7f202815b850>> [execute_callback:2188] [unilabos.ros.nodes.base_device_node]
26-07-30 [23:19:33,130] [DEBUG] 使用节点: '传感器状态_上位机[3].NO[9]', NodeId: ns=4;s=上位机通讯|传感器状态_上位机[3].NO[9] [use_node:345] [unilabos.utils.log.post_process]
26-07-30 [23:19:33,368] [DEBUG] 使用节点: '传感器状态_上位机[3].NO[10]', NodeId: ns=4;s=上位机通讯|传感器状态_上位机[3].NO[10] [use_node:345] [unilabos.utils.log.post_process]
26-07-30 [23:19:33,489] [TRACE] [/devices/szlab_mixer_stirrer] 【.get_property】获取同步属性: status [get_property:371] [unilabos.ros.nodes.base_device_node]
26-07-30 [23:19:33,496] [TRACE] [/devices/szlab_mixer_photoshotting] 【.get_property】获取同步属性: last_photo_path [get_property:371] [unilabos.ros.nodes.base_device_node]
26-07-30 [23:19:33,499] [TRACE] [/devices/szlab_mixer_photoshotting] 【.get_property】获取同步属性: last_result [get_property:371] [unilabos.ros.nodes.base_device_node]
26-07-30 [23:19:33,501] [TRACE] [/devices/szlab_mixer_photoshotting] 【.get_property】获取同步属性: status [get_property:371] [unilabos.ros.nodes.base_device_node]
26-07-30 [23:19:33,505] [TRACE] [/devices/szlab_mixer_pump] 【.get_property】获取同步属性: status [get_property:371] [unilabos.ros.nodes.base_device_node]
26-07-30 [23:19:33,564] [TRACE] [/devices/szlab_s08_cap_station] 【.get_property】获取同步属性: last_s08_status [get_property:371] [unilabos.ros.nodes.base_device_node]
26-07-30 [23:19:33,574] [TRACE] [/devices/szlab_mixer_pipetting_station] 【.get_property】获取同步属性: status [get_property:371] [unilabos.ros.nodes.base_device_node]
26-07-30 [23:19:33,606] [DEBUG] 使用节点: '传感器状态_上位机[3].NO[11]', NodeId: ns=4;s=上位机通讯|传感器状态_上位机[3].NO[11] [use_node:345] [unilabos.utils.log.post_process]
26-07-30 [23:19:33,843] [DEBUG] 使用节点: '传感器状态_上位机[3].NO[12]', NodeId: ns=4;s=上位机通讯|传感器状态_上位机[3].NO[12] [use_node:345] [unilabos.utils.log.post_process]
26-07-30 [23:19:34,081] [DEBUG] 使用节点: '传感器状态_上位机[3].NO[13]', NodeId: ns=4;s=上位机通讯|传感器状态_上位机[3].NO[13] [use_node:345] [unilabos.utils.log.post_process]
26-07-30 [23:19:34,319] [DEBUG] 使用节点: 'S06工艺选择', NodeId: ns=4;s=上位机通讯|S06工艺选择 [use_node:345] [unilabos.utils.log.post_process]
26-07-30 [23:19:34,323] [TRACE] [/devices/szlab_poly_plc] 【.get_property】获取同步属性: powder_container_occupied [get_property:371] [unilabos.ros.nodes.base_device_node]
26-07-30 [23:19:35,564] [TRACE] [/devices/szlab_s08_cap_station] 【.get_property】获取同步属性: last_s08_status [get_property:371] [unilabos.ros.nodes.base_device_node]
26-07-30 [23:19:36,607] [DEBUG] 使用节点: '传感器状态_上位机[3].NO[8]', NodeId: ns=4;s=上位机通讯|传感器状态_上位机[3].NO[8] [use_node:345] [unilabos.utils.log.post_process]
26-07-30 [23:19:36,609] [TRACE] [/devices/szlab_poly_plc] 动作 _execute_driver_command 完成并返回结果 [execute_callback:2364] [unilabos.ros.nodes.base_device_node]
26-07-30 [23:19:36,619] [DEBUG] [/devices/szlab_mixer_pump] [call_device_action] -> /devices/szlab_poly_plc/_execute_driver_command, args={'node_name': 'S06_1号溶液添加量', 'value': 0} [call_device_action:1649] [unilabos.ros.nodes.base_device_node]
26-07-30 [23:19:36,621] [DEBUG] [/devices/szlab_poly_plc] 任务 _execute_driver_command 接收到原始目标: {'string': '{"function_name": "write_variable", "function_args": {"node_name": "S06_1号溶液添加量", "value": 0}, "unilabos_param": {"sample_uuids": {}}}'} [execute_callback:2086] [unilabos.ros.nodes.base_device_node]
26-07-30 [23:19:36,623] [TRACE] [/devices/szlab_poly_plc] 任务 _execute_driver_command 接收到原始目标: {'string': '{"function_name": "write_variable", "function_args": {"node_name": "S06_1号溶液添加量", "value": 0}, "unilabos_param": {"sample_uuids": {}}}'} [execute_callback:2087] [unilabos.ros.nodes.base_device_node]
26-07-30 [23:19:36,623] [TRACE] [/devices/szlab_poly_plc] 同步执行动作 <bound method BaseROS2DeviceNode._execute_driver_command of <unilabos.ros.nodes.base_device_node.BaseROS2DeviceNode object at 0x7f202815b850>> [execute_callback:2188] [unilabos.ros.nodes.base_device_node]
26-07-30 [23:19:36,845] [DEBUG] 使用节点: '传感器状态_上位机[3].NO[9]', NodeId: ns=4;s=上位机通讯|传感器状态_上位机[3].NO[9] [use_node:345] [unilabos.utils.log.post_process]
26-07-30 [23:19:37,083] [DEBUG] 使用节点: '传感器状态_上位机[3].NO[10]', NodeId: ns=4;s=上位机通讯|传感器状态_上位机[3].NO[10] [use_node:345] [unilabos.utils.log.post_process]
26-07-30 [23:19:37,564] [TRACE] [/devices/szlab_s08_cap_station] 【.get_property】获取同步属性: last_s08_status [get_property:371] [unilabos.ros.nodes.base_device_node]
26-07-30 [23:19:38,225] [DEBUG] 使用节点: '传感器状态_上位机[3].NO[11]', NodeId: ns=4;s=上位机通讯|传感器状态_上位机[3].NO[11] [use_node:345] [unilabos.utils.log.post_process]
26-07-30 [23:19:38,463] [DEBUG] 使用节点: '传感器状态_上位机[3].NO[12]', NodeId: ns=4;s=上位机通讯|传感器状态_上位机[3].NO[12] [use_node:345] [unilabos.utils.log.post_process]
26-07-30 [23:19:38,489] [TRACE] [/devices/szlab_mixer_stirrer] 【.get_property】获取同步属性: status [get_property:371] [unilabos.ros.nodes.base_device_node]
26-07-30 [23:19:38,496] [TRACE] [/devices/szlab_mixer_photoshotting] 【.get_property】获取同步属性: last_photo_path [get_property:371] [unilabos.ros.nodes.base_device_node]
26-07-30 [23:19:38,497] [TRACE] [/devices/szlab_mixer_photoshotting] 【.get_property】获取同步属性: last_result [get_property:371] [unilabos.ros.nodes.base_device_node]
26-07-30 [23:19:38,499] [TRACE] [/devices/szlab_mixer_photoshotting] 【.get_property】获取同步属性: status [get_property:371] [unilabos.ros.nodes.base_device_node]
26-07-30 [23:19:38,505] [TRACE] [/devices/szlab_mixer_pump] 【.get_property】获取同步属性: status [get_property:371] [unilabos.ros.nodes.base_device_node]
26-07-30 [23:19:38,575] [TRACE] [/devices/szlab_mixer_pipetting_station] 【.get_property】获取同步属性: status [get_property:371] [unilabos.ros.nodes.base_device_node]
26-07-30 [23:19:38,587] [TRACE] [/devices/host_node] [Host Node] Discovering devices in the network... [_discover_devices:472] [unilabos.ros.nodes.presets.host_node]
26-07-30 [23:19:38,588] [TRACE] [/devices/host_node] [Host Node] Total online devices: 9 [_discover_devices:525] [unilabos.ros.nodes.presets.host_node]
26-07-30 [23:19:38,701] [DEBUG] 使用节点: '传感器状态_上位机[3].NO[13]', NodeId: ns=4;s=上位机通讯|传感器状态_上位机[3].NO[13] [use_node:345] [unilabos.utils.log.post_process]
26-07-30 [23:19:39,409] [DEBUG] 使用节点: 'S06_1号溶液添加量', NodeId: ns=4;s=上位机通讯|S06_1号溶液添加量 [use_node:345] [unilabos.utils.log.post_process]
26-07-30 [23:19:39,413] [TRACE] [/devices/szlab_poly_plc] 【.get_property】获取同步属性: powder_container_occupied [get_property:371] [unilabos.ros.nodes.base_device_node]
26-07-30 [23:19:39,564] [TRACE] [/devices/szlab_s08_cap_station] 【.get_property】获取同步属性: last_s08_status [get_property:371] [unilabos.ros.nodes.base_device_node]
26-07-30 [23:19:40,337] [DEBUG] 使用节点: '传感器状态_上位机[3].NO[8]', NodeId: ns=4;s=上位机通讯|传感器状态_上位机[3].NO[8] [use_node:345] [unilabos.utils.log.post_process]
26-07-30 [23:19:40,339] [TRACE] [/devices/szlab_poly_plc] 动作 _execute_driver_command 完成并返回结果 [execute_callback:2364] [unilabos.ros.nodes.base_device_node]
26-07-30 [23:19:40,376] [TRACE] [/devices/szlab_mixer_pump] 动作 _execute_driver_command 完成并返回结果 [execute_callback:2364] [unilabos.ros.nodes.base_device_node]
26-07-30 [23:19:40,380] [INFO] [/devices/host_node] [Host Node] Result for /devices/szlab_mixer_pump/_execute_driver_command (szlab_st): success [get_result_callback:1174] [unilabos.ros.nodes.presets.host_node]
26-07-30 [23:19:40,380] [TRACE] [/devices/host_node] [Host Node] Result data: {'return_info': '{"error": "", "suc": true, "return_value": {"success": true, "message": "S06 泵 1 加液流程完成", "data": {"pump": 1, "volume": 8, "volume_pump_1": 0, "volume_pump_2": 0}, "steps": [{"step": "写入溶液添加量并启动 S06", "success": true, "message": "S06 工艺 1 溶液添加完成", "data": {"process": 1, "volume": 8, "volume_pump_1": 0, "volume_pump_2": 0, "amount_values": {"S06_1号溶液添加量": 8}}}, {"step": "机械臂至磁搅", "success": true, "message": "已跳过机械臂搬运", "skipped": true}]}}', 'success': True} [get_result_callback:1176] [unilabos.ros.nodes.presets.host_node]
26-07-30 [23:19:40,380] [TRACE] [/devices/host_node] [Host Node] Removed goal szlab_st from _goals [get_result_callback:1181] [unilabos.ros.nodes.presets.host_node]
26-07-30 [23:19:40,380] [TRACE] [JobResultStore] Stored result for job szlab_st, status=4 [trace:478] [unilabos.utils.log.log]
26-07-30 [23:19:40,575] [DEBUG] 使用节点: '传感器状态_上位机[3].NO[9]', NodeId: ns=4;s=上位机通讯|传感器状态_上位机[3].NO[9] [use_node:345] [unilabos.utils.log.post_process]
26-07-30 [23:19:40,813] [DEBUG] 使用节点: '传感器状态_上位机[3].NO[10]', NodeId: ns=4;s=上位机通讯|传感器状态_上位机[3].NO[10] [use_node:345] [unilabos.utils.log.post_process]
26-07-30 [23:19:41,051] [DEBUG] 使用节点: '传感器状态_上位机[3].NO[11]', NodeId: ns=4;s=上位机通讯|传感器状态_上位机[3].NO[11] [use_node:345] [unilabos.utils.log.post_process]
26-07-30 [23:19:41,289] [DEBUG] 使用节点: '传感器状态_上位机[3].NO[12]', NodeId: ns=4;s=上位机通讯|传感器状态_上位机[3].NO[12] [use_node:345] [unilabos.utils.log.post_process]
26-07-30 [23:19:41,564] [TRACE] [/devices/szlab_s08_cap_station] 【.get_property】获取同步属性: last_s08_status [get_property:371] [unilabos.ros.nodes.base_device_node]
26-07-30 [23:19:42,417] [DEBUG] 使用节点: '传感器状态_上位机[3].NO[13]', NodeId: ns=4;s=上位机通讯|传感器状态_上位机[3].NO[13] [use_node:345] [unilabos.utils.log.post_process]
26-07-30 [23:19:42,658] [TRACE] [/devices/szlab_poly_plc] 【.get_property】获取同步属性: powder_container_occupied [get_property:371] [unilabos.ros.nodes.base_device_node]
26-07-30 [23:19:42,658] [DEBUG] 使用节点: '传感器状态_上位机[3].NO[8]', NodeId: ns=4;s=上位机通讯|传感器状态_上位机[3].NO[8] [use_node:345] [unilabos.utils.log.post_process]
26-07-30 [23:19:42,896] [DEBUG] 使用节点: '传感器状态_上位机[3].NO[9]', NodeId: ns=4;s=上位机通讯|传感器状态_上位机[3].NO[9] [use_node:345] [unilabos.utils.log.post_process]
26-07-30 [23:19:43,134] [DEBUG] 使用节点: '传感器状态_上位机[3].NO[10]', NodeId: ns=4;s=上位机通讯|传感器状态_上位机[3].NO[10] [use_node:345] [unilabos.utils.log.post_process]
26-07-30 [23:19:43,372] [DEBUG] 使用节点: '传感器状态_上位机[3].NO[11]', NodeId: ns=4;s=上位机通讯|传感器状态_上位机[3].NO[11] [use_node:345] [unilabos.utils.log.post_process]
26-07-30 [23:19:43,489] [TRACE] [/devices/szlab_mixer_stirrer] 【.get_property】获取同步属性: status [get_property:371] [unilabos.ros.nodes.base_device_node]
26-07-30 [23:19:43,496] [TRACE] [/devices/szlab_mixer_photoshotting] 【.get_property】获取同步属性: last_photo_path [get_property:371] [unilabos.ros.nodes.base_device_node]
26-07-30 [23:19:43,498] [TRACE] [/devices/szlab_mixer_photoshotting] 【.get_property】获取同步属性: last_result [get_property:371] [unilabos.ros.nodes.base_device_node]
26-07-30 [23:19:43,501] [TRACE] [/devices/szlab_mixer_photoshotting] 【.get_property】获取同步属性: status [get_property:371] [unilabos.ros.nodes.base_device_node]
26-07-30 [23:19:43,505] [TRACE] [/devices/szlab_mixer_pump] 【.get_property】获取同步属性: status [get_property:371] [unilabos.ros.nodes.base_device_node]
26-07-30 [23:19:43,507] [TRACE] [/devices/host_node] Status updated: szlab_mixer_pump.status = Idle [property_callback:886] [unilabos.ros.nodes.presets.host_node]
26-07-30 [23:19:43,564] [TRACE] [/devices/szlab_s08_cap_station] 【.get_property】获取同步属性: last_s08_status [get_property:371] [unilabos.ros.nodes.base_device_node]
26-07-30 [23:19:43,574] [TRACE] [/devices/szlab_mixer_pipetting_station] 【.get_property】获取同步属性: status [get_property:371] [unilabos.ros.nodes.base_device_node]
26-07-30 [23:19:43,609] [DEBUG] 使用节点: '传感器状态_上位机[3].NO[12]', NodeId: ns=4;s=上位机通讯|传感器状态_上位机[3].NO[12] [use_node:345] [unilabos.utils.log.post_process]
26-07-30 [23:19:43,847] [DEBUG] 使用节点: '传感器状态_上位机[3].NO[13]', NodeId: ns=4;s=上位机通讯|传感器状态_上位机[3].NO[13] [use_node:345] [unilabos.utils.log.post_process]
26-07-30 [23:19:44,088] [TRACE] [/devices/szlab_poly_plc] 【.get_property】获取同步属性: powder_container_occupied [get_property:371] [unilabos.ros.nodes.base_device_node]
26-07-30 [23:19:44,089] [DEBUG] 使用节点: '传感器状态_上位机[3].NO[8]', NodeId: ns=4;s=上位机通讯|传感器状态_上位机[3].NO[8] [use_node:345] [unilabos.utils.log.post_process]
26-07-30 [23:19:44,327] [DEBUG] 使用节点: '传感器状态_上位机[3].NO[9]', NodeId: ns=4;s=上位机通讯|传感器状态_上位机[3].NO[9] [use_node:345] [unilabos.utils.log.post_process]
26-07-30 [23:19:45,009] [DEBUG] 使用节点: '传感器状态_上位机[3].NO[10]', NodeId: ns=4;s=上位机通讯|传感器状态_上位机[3].NO[10] [use_node:345] [unilabos.utils.log.post_process]
26-07-30 [23:19:45,247] [DEBUG] 使用节点: '传感器状态_上位机[3].NO[11]', NodeId: ns=4;s=上位机通讯|传感器状态_上位机[3].NO[11] [use_node:345] [unilabos.utils.log.post_process]
26-07-30 [23:19:45,485] [DEBUG] 使用节点: '传感器状态_上位机[3].NO[12]', NodeId: ns=4;s=上位机通讯|传感器状态_上位机[3].NO[12] [use_node:345] [unilabos.utils.log.post_process]
26-07-30 [23:19:45,564] [TRACE] [/devices/szlab_s08_cap_station] 【.get_property】获取同步属性: last_s08_status [get_property:371] [unilabos.ros.nodes.base_device_node]
26-07-30 [23:19:45,723] [DEBUG] 使用节点: '传感器状态_上位机[3].NO[13]', NodeId: ns=4;s=上位机通讯|传感器状态_上位机[3].NO[13] [use_node:345] [unilabos.utils.log.post_process]
26-07-30 [23:19:45,964] [TRACE] [/devices/szlab_poly_plc] 【.get_property】获取同步属性: powder_container_occupied [get_property:371] [unilabos.ros.nodes.base_device_node]
26-07-30 [23:19:45,964] [DEBUG] 使用节点: '传感器状态_上位机[3].NO[8]', NodeId: ns=4;s=上位机通讯|传感器状态_上位机[3].NO[8] [use_node:345] [unilabos.utils.log.post_process]
26-07-30 [23:19:47,121] [DEBUG] 使用节点: '传感器状态_上位机[3].NO[9]', NodeId: ns=4;s=上位机通讯|传感器状态_上位机[3].NO[9] [use_node:345] [unilabos.utils.log.post_process]
26-07-30 [23:19:47,359] [DEBUG] 使用节点: '传感器状态_上位机[3].NO[10]', NodeId: ns=4;s=上位机通讯|传感器状态_上位机[3].NO[10] [use_node:345] [unilabos.utils.log.post_process]
26-07-30 [23:19:47,564] [TRACE] [/devices/szlab_s08_cap_station] 【.get_property】获取同步属性: last_s08_status [get_property:371] [unilabos.ros.nodes.base_device_node]
26-07-30 [23:19:47,597] [DEBUG] 使用节点: '传感器状态_上位机[3].NO[11]', NodeId: ns=4;s=上位机通讯|传感器状态_上位机[3].NO[11] [use_node:345] [unilabos.utils.log.post_process]
26-07-30 [23:19:48,305] [DEBUG] 使用节点: '传感器状态_上位机[3].NO[12]', NodeId: ns=4;s=上位机通讯|传感器状态_上位机[3].NO[12] [use_node:345] [unilabos.utils.log.post_process]
26-07-30 [23:19:48,489] [TRACE] [/devices/szlab_mixer_stirrer] 【.get_property】获取同步属性: status [get_property:371] [unilabos.ros.nodes.base_device_node]
26-07-30 [23:19:48,496] [TRACE] [/devices/szlab_mixer_photoshotting] 【.get_property】获取同步属性: last_photo_path [get_property:371] [unilabos.ros.nodes.base_device_node]
26-07-30 [23:19:48,497] [TRACE] [/devices/szlab_mixer_photoshotting] 【.get_property】获取同步属性: last_result [get_property:371] [unilabos.ros.nodes.base_device_node]
26-07-30 [23:19:48,499] [TRACE] [/devices/szlab_mixer_photoshotting] 【.get_property】获取同步属性: status [get_property:371] [unilabos.ros.nodes.base_device_node]
26-07-30 [23:19:48,505] [TRACE] [/devices/szlab_mixer_pump] 【.get_property】获取同步属性: status [get_property:371] [unilabos.ros.nodes.base_device_node]
26-07-30 [23:19:48,543] [DEBUG] 使用节点: '传感器状态_上位机[3].NO[13]', NodeId: ns=4;s=上位机通讯|传感器状态_上位机[3].NO[13] [use_node:345] [unilabos.utils.log.post_process]
26-07-30 [23:19:48,575] [TRACE] [/devices/szlab_mixer_pipetting_station] 【.get_property】获取同步属性: status [get_property:371] [unilabos.ros.nodes.base_device_node]
26-07-30 [23:19:48,784] [TRACE] [/devices/szlab_poly_plc] 【.get_property】获取同步属性: powder_container_occupied [get_property:371] [unilabos.ros.nodes.base_device_node]
26-07-30 [23:19:48,784] [DEBUG] 使用节点: '传感器状态_上位机[3].NO[8]', NodeId: ns=4;s=上位机通讯|传感器状态_上位机[3].NO[8] [use_node:345] [unilabos.utils.log.post_process]
26-07-30 [23:19:49,489] [DEBUG] 使用节点: '传感器状态_上位机[3].NO[9]', NodeId: ns=4;s=上位机通讯|传感器状态_上位机[3].NO[9] [use_node:345] [unilabos.utils.log.post_process]
26-07-30 [23:19:49,564] [TRACE] [/devices/szlab_s08_cap_station] 【.get_property】获取同步属性: last_s08_status [get_property:371] [unilabos.ros.nodes.base_device_node]
26-07-30 [23:19:49,727] [DEBUG] 使用节点: '传感器状态_上位机[3].NO[10]', NodeId: ns=4;s=上位机通讯|传感器状态_上位机[3].NO[10] [use_node:345] [unilabos.utils.log.post_process]
26-07-30 [23:19:49,965] [DEBUG] 使用节点: '传感器状态_上位机[3].NO[11]', NodeId: ns=4;s=上位机通讯|传感器状态_上位机[3].NO[11] [use_node:345] [unilabos.utils.log.post_process]
26-07-30 [23:19:50,203] [DEBUG] 使用节点: '传感器状态_上位机[3].NO[12]', NodeId: ns=4;s=上位机通讯|传感器状态_上位机[3].NO[12] [use_node:345] [unilabos.utils.log.post_process]
26-07-30 [23:19:50,441] [DEBUG] 使用节点: '传感器状态_上位机[3].NO[13]', NodeId: ns=4;s=上位机通讯|传感器状态_上位机[3].NO[13] [use_node:345] [unilabos.utils.log.post_process]
26-07-30 [23:19:50,682] [TRACE] [/devices/szlab_poly_plc] 【.get_property】获取同步属性: powder_container_occupied [get_property:371] [unilabos.ros.nodes.base_device_node]
26-07-30 [23:19:50,682] [DEBUG] 使用节点: '传感器状态_上位机[3].NO[8]', NodeId: ns=4;s=上位机通讯|传感器状态_上位机[3].NO[8] [use_node:345] [unilabos.utils.log.post_process]
26-07-30 [23:19:50,921] [DEBUG] 使用节点: '传感器状态_上位机[3].NO[9]', NodeId: ns=4;s=上位机通讯|传感器状态_上位机[3].NO[9] [use_node:345] [unilabos.utils.log.post_process]
26-07-30 [23:19:51,158] [DEBUG] 使用节点: '传感器状态_上位机[3].NO[10]', NodeId: ns=4;s=上位机通讯|传感器状态_上位机[3].NO[10] [use_node:345] [unilabos.utils.log.post_process]
26-07-30 [23:19:51,396] [DEBUG] 使用节点: '传感器状态_上位机[3].NO[11]', NodeId: ns=4;s=上位机通讯|传感器状态_上位机[3].NO[11] [use_node:345] [unilabos.utils.log.post_process]
26-07-30 [23:19:51,564] [TRACE] [/devices/szlab_s08_cap_station] 【.get_property】获取同步属性: last_s08_status [get_property:371] [unilabos.ros.nodes.base_device_node]
26-07-30 [23:19:51,634] [DEBUG] 使用节点: '传感器状态_上位机[3].NO[12]', NodeId: ns=4;s=上位机通讯|传感器状态_上位机[3].NO[12] [use_node:345] [unilabos.utils.log.post_process]
26-07-30 [23:19:51,872] [DEBUG] 使用节点: '传感器状态_上位机[3].NO[13]', NodeId: ns=4;s=上位机通讯|传感器状态_上位机[3].NO[13] [use_node:345] [unilabos.utils.log.post_process]
26-07-30 [23:19:52,112] [TRACE] [/devices/szlab_poly_plc] 【.get_property】获取同步属性: powder_container_occupied [get_property:371] [unilabos.ros.nodes.base_device_node]
26-07-30 [23:19:52,113] [DEBUG] 使用节点: '传感器状态_上位机[3].NO[8]', NodeId: ns=4;s=上位机通讯|传感器状态_上位机[3].NO[8] [use_node:345] [unilabos.utils.log.post_process]
26-07-30 [23:19:52,817] [DEBUG] 使用节点: '传感器状态_上位机[3].NO[9]', NodeId: ns=4;s=上位机通讯|传感器状态_上位机[3].NO[9] [use_node:345] [unilabos.utils.log.post_process]
26-07-30 [23:19:53,489] [TRACE] [/devices/szlab_mixer_stirrer] 【.get_property】获取同步属性: status [get_property:371] [unilabos.ros.nodes.base_device_node]
26-07-30 [23:19:53,496] [TRACE] [/devices/szlab_mixer_photoshotting] 【.get_property】获取同步属性: last_photo_path [get_property:371] [unilabos.ros.nodes.base_device_node]
26-07-30 [23:19:53,498] [TRACE] [/devices/szlab_mixer_photoshotting] 【.get_property】获取同步属性: last_result [get_property:371] [unilabos.ros.nodes.base_device_node]
26-07-30 [23:19:53,500] [TRACE] [/devices/szlab_mixer_photoshotting] 【.get_property】获取同步属性: status [get_property:371] [unilabos.ros.nodes.base_device_node]
26-07-30 [23:19:53,505] [TRACE] [/devices/szlab_mixer_pump] 【.get_property】获取同步属性: status [get_property:371] [unilabos.ros.nodes.base_device_node]
26-07-30 [23:19:53,529] [DEBUG] 使用节点: '传感器状态_上位机[3].NO[10]', NodeId: ns=4;s=上位机通讯|传感器状态_上位机[3].NO[10] [use_node:345] [unilabos.utils.log.post_process]
26-07-30 [23:19:53,564] [TRACE] [/devices/szlab_s08_cap_station] 【.get_property】获取同步属性: last_s08_status [get_property:371] [unilabos.ros.nodes.base_device_node]
26-07-30 [23:19:53,574] [TRACE] [/devices/szlab_mixer_pipetting_station] 【.get_property】获取同步属性: status [get_property:371] [unilabos.ros.nodes.base_device_node]
26-07-30 [23:19:53,587] [TRACE] [/devices/host_node] [Host Node] Discovering devices in the network... [_discover_devices:472] [unilabos.ros.nodes.presets.host_node]
26-07-30 [23:19:53,587] [TRACE] [/devices/host_node] [Host Node] Total online devices: 9 [_discover_devices:525] [unilabos.ros.nodes.presets.host_node]
26-07-30 [23:19:53,767] [DEBUG] 使用节点: '传感器状态_上位机[3].NO[11]', NodeId: ns=4;s=上位机通讯|传感器状态_上位机[3].NO[11] [use_node:345] [unilabos.utils.log.post_process]
26-07-30 [23:19:54,005] [DEBUG] 使用节点: '传感器状态_上位机[3].NO[12]', NodeId: ns=4;s=上位机通讯|传感器状态_上位机[3].NO[12] [use_node:345] [unilabos.utils.log.post_process]
26-07-30 [23:19:54,243] [DEBUG] 使用节点: '传感器状态_上位机[3].NO[13]', NodeId: ns=4;s=上位机通讯|传感器状态_上位机[3].NO[13] [use_node:345] [unilabos.utils.log.post_process]
26-07-30 [23:19:54,932] [TRACE] [/devices/szlab_poly_plc] 【.get_property】获取同步属性: powder_container_occupied [get_property:371] [unilabos.ros.nodes.base_device_node]
26-07-30 [23:19:54,933] [DEBUG] 使用节点: '传感器状态_上位机[3].NO[8]', NodeId: ns=4;s=上位机通讯|传感器状态_上位机[3].NO[8] [use_node:345] [unilabos.utils.log.post_process]
26-07-30 [23:19:55,564] [TRACE] [/devices/szlab_s08_cap_station] 【.get_property】获取同步属性: last_s08_status [get_property:371] [unilabos.ros.nodes.base_device_node]
26-07-30 [23:19:56,529] [DEBUG] 使用节点: '传感器状态_上位机[3].NO[9]', NodeId: ns=4;s=上位机通讯|传感器状态_上位机[3].NO[9] [use_node:345] [unilabos.utils.log.post_process]
26-07-30 [23:19:56,767] [DEBUG] 使用节点: '传感器状态_上位机[3].NO[10]', NodeId: ns=4;s=上位机通讯|传感器状态_上位机[3].NO[10] [use_node:345] [unilabos.utils.log.post_process]
26-07-30 [23:19:57,457] [DEBUG] 使用节点: '传感器状态_上位机[3].NO[11]', NodeId: ns=4;s=上位机通讯|传感器状态_上位机[3].NO[11] [use_node:345] [unilabos.utils.log.post_process]
26-07-30 [23:19:57,564] [TRACE] [/devices/szlab_s08_cap_station] 【.get_property】获取同步属性: last_s08_status [get_property:371] [unilabos.ros.nodes.base_device_node]
26-07-30 [23:19:57,695] [DEBUG] 使用节点: '传感器状态_上位机[3].NO[12]', NodeId: ns=4;s=上位机通讯|传感器状态_上位机[3].NO[12] [use_node:345] [unilabos.utils.log.post_process]
26-07-30 [23:19:57,933] [DEBUG] 使用节点: '传感器状态_上位机[3].NO[13]', NodeId: ns=4;s=上位机通讯|传感器状态_上位机[3].NO[13] [use_node:345] [unilabos.utils.log.post_process]
26-07-30 [23:19:58,173] [TRACE] [/devices/szlab_poly_plc] 【.get_property】获取同步属性: powder_container_occupied [get_property:371] [unilabos.ros.nodes.base_device_node]
26-07-30 [23:19:58,174] [DEBUG] 使用节点: '传感器状态_上位机[3].NO[8]', NodeId: ns=4;s=上位机通讯|传感器状态_上位机[3].NO[8] [use_node:345] [unilabos.utils.log.post_process]
26-07-30 [23:19:58,412] [DEBUG] 使用节点: '传感器状态_上位机[3].NO[9]', NodeId: ns=4;s=上位机通讯|传感器状态_上位机[3].NO[9] [use_node:345] [unilabos.utils.log.post_process]
26-07-30 [23:19:58,489] [TRACE] [/devices/szlab_mixer_stirrer] 【.get_property】获取同步属性: status [get_property:371] [unilabos.ros.nodes.base_device_node]
26-07-30 [23:19:58,496] [TRACE] [/devices/szlab_mixer_photoshotting] 【.get_property】获取同步属性: last_photo_path [get_property:371] [unilabos.ros.nodes.base_device_node]
26-07-30 [23:19:58,497] [TRACE] [/devices/szlab_mixer_photoshotting] 【.get_property】获取同步属性: last_result [get_property:371] [unilabos.ros.nodes.base_device_node]
26-07-30 [23:19:58,499] [TRACE] [/devices/szlab_mixer_photoshotting] 【.get_property】获取同步属性: status [get_property:371] [unilabos.ros.nodes.base_device_node]
26-07-30 [23:19:58,505] [TRACE] [/devices/szlab_mixer_pump] 【.get_property】获取同步属性: status [get_property:371] [unilabos.ros.nodes.base_device_node]
26-07-30 [23:19:58,575] [TRACE] [/devices/szlab_mixer_pipetting_station] 【.get_property】获取同步属性: status [get_property:371] [unilabos.ros.nodes.base_device_node]
26-07-30 [23:19:58,650] [DEBUG] 使用节点: '传感器状态_上位机[3].NO[10]', NodeId: ns=4;s=上位机通讯|传感器状态_上位机[3].NO[10] [use_node:345] [unilabos.utils.log.post_process]
26-07-30 [23:19:58,888] [DEBUG] 使用节点: '传感器状态_上位机[3].NO[11]', NodeId: ns=4;s=上位机通讯|传感器状态_上位机[3].NO[11] [use_node:345] [unilabos.utils.log.post_process]
26-07-30 [23:19:59,126] [DEBUG] 使用节点: '传感器状态_上位机[3].NO[12]', NodeId: ns=4;s=上位机通讯|传感器状态_上位机[3].NO[12] [use_node:345] [unilabos.utils.log.post_process]
26-07-30 [23:19:59,364] [DEBUG] 使用节点: '传感器状态_上位机[3].NO[13]', NodeId: ns=4;s=上位机通讯|传感器状态_上位机[3].NO[13] [use_node:345] [unilabos.utils.log.post_process]
26-07-30 [23:19:59,564] [TRACE] [/devices/szlab_s08_cap_station] 【.get_property】获取同步属性: last_s08_status [get_property:371] [unilabos.ros.nodes.base_device_node]
26-07-30 [23:19:59,604] [TRACE] [/devices/szlab_poly_plc] 【.get_property】获取同步属性: powder_container_occupied [get_property:371] [unilabos.ros.nodes.base_device_node]
26-07-30 [23:19:59,604] [DEBUG] 使用节点: '传感器状态_上位机[3].NO[8]', NodeId: ns=4;s=上位机通讯|传感器状态_上位机[3].NO[8] [use_node:345] [unilabos.utils.log.post_process]
26-07-30 [23:19:59,842] [DEBUG] 使用节点: '传感器状态_上位机[3].NO[9]', NodeId: ns=4;s=上位机通讯|传感器状态_上位机[3].NO[9] [use_node:345] [unilabos.utils.log.post_process]
26-07-30 [23:20:00,079] [DEBUG] 使用节点: '传感器状态_上位机[3].NO[10]', NodeId: ns=4;s=上位机通讯|传感器状态_上位机[3].NO[10] [use_node:345] [unilabos.utils.log.post_process]
26-07-30 [23:20:00,785] [DEBUG] 使用节点: '传感器状态_上位机[3].NO[11]', NodeId: ns=4;s=上位机通讯|传感器状态_上位机[3].NO[11] [use_node:345] [unilabos.utils.log.post_process]
26-07-30 [23:20:01,023] [DEBUG] 使用节点: '传感器状态_上位机[3].NO[12]', NodeId: ns=4;s=上位机通讯|传感器状态_上位机[3].NO[12] [use_node:345] [unilabos.utils.log.post_process]
26-07-30 [23:20:01,261] [DEBUG] 使用节点: '传感器状态_上位机[3].NO[13]', NodeId: ns=4;s=上位机通讯|传感器状态_上位机[3].NO[13] [use_node:345] [unilabos.utils.log.post_process]
26-07-30 [23:20:01,500] [ERROR] [/devices/szlab_poly_plc] 【.publish_property】发布属性 powder_container_occupied 出错: Failed to publish: publisher's context is invalid, at /home/runner/conda-bld/bld/rattler-build_ros-humble-rcl_1753312600/work/ros-humble-rcl/src/work/src/rcl/publisher.c:389
Traceback (most recent call last):
  File "/home/changjunhan/Uni-Lab-Core/Uni-Lab-OS/unilabos/ros/nodes/base_device_node.py", line 395, in publish_property
    self.publisher_.publish(msg)
  File "/home/changjunhan/.micromamba/envs/unilab/lib/python3.11/site-packages/rclpy/publisher.py", line 70, in publish
    self.__publisher.publish(msg)
rclpy._rclpy_pybind11.RCLError: Failed to publish: publisher's context is invalid, at /home/runner/conda-bld/bld/rattler-build_ros-humble-rcl_1753312600/work/ros-humble-rcl/src/work/src/rcl/publisher.c:389
 [publish_property:399] [unilabos.ros.nodes.base_device_node]
